corp_code,name,keyword,context
00132804,성신양회(주),소성로," = 1일 최대생산량(24,975톤) × 평균가동일수(330일) - 2023년 8월 1호 Kiln 용도 폐쇄 반영ㆍ시멘트 = 1일 최대생산량(38,520톤) × 평균가동일수(330일)ㆍ레"
00132804,성신양회(주),소성로,과 시멘트 산업 배출 CO2 활용 저탄소 연료화 기술개발(한국에너지기술평가원) - 시멘트 킬른 배가스 CO2 포집 및 메탄올 전환 통합공정 기술개발- 저탄소연료(메탄올 등) 생산 및 
00112721,(주)대창스틸,전기로,"등을 고려하여 가격 변동에 대해 공시하고 있습니다. (주)포스코를 포함한 국내의 고로 및 전기로 철강제조사의 경우, 원재료인 철광석, 석탄 및 고철에 대한 수입의존도가 매우 높으며, 철"
00123781,부국철강(주),전기로,며 기타 제강업체는 철광석과 석회석 및 유연탄을 원료로 하는 전로업체와 고철을 원료로하는 전기로 업체로 구분되고 있습니다.당사는 주요 구매처인 포스코의 원재료 수급정책에 따라 큰 영향을
00138260,(주)SIMPAC,전기로,"하지 않은 사항이며 수주사항에 따라 변동가능한 사항입니다. (2) 합금철 부문 - 당사는 전기로에서 제조공정을 거쳐 페로망간(Fe-Mn), 실리코망간(Si-Mn), 니켈크롬철(Fe-Ni"
00138260,(주)SIMPAC,전기로,"설비명 규격 취득연월 비고 집진기 3호 1,500㎥/min (225KW) 1989.12. 전기로 집진기 4호 2,500㎥/min (375KW) 1997.07. 전기로 집진기 5호 900"
00353878,다스코(주),전기로,", 해양, 폐기물 에너지와 함께 태양광 에너지가 속해 있으며, 태양의 빛에너지를 이용하여 전기로 변환 공급하는 산업을 통상 태양광 발전 산업이라 부르고 있습니다. (2) 사업의 전망태양"
00153339,태경산업(주),전기로," A/T MILL 222,000 18,500톤/월*12개월 예미공장 페로망간, 실리코망간 전기로 50,104 [(5,100kwH*24h*2대*365일)/2,350] +[(6,000kwH"
00153339,태경산업(주),소성로,"회 생산능력을 보유한 단양 1, 2공장에서는 베켄바하로, A.L.C.로, 회전로등 다양한 소성로를 보유하고 제강용, 화학용, 공업용, 건축용 등 다양한 종류의 석회제품을 생산 공급하고 "
00153339,태경산업(주),소성로,"회 생산능력을 보유한 단양 1, 2공장에서는 베켄바하로, A.L.C.로, 회전로등 다양한 소성로를 보유하고 제강용, 화학용, 공업용, 건축용 등 다양한 종류의 석회제품을 생산 공급하고 "
01765265,동국제강(주),전기로,물을 만들어왔습니다. 이 시기에 국내 민간 최초로 50톤 용광로를 운영하였습니다. 현대식 전기로(爐) 시대를 연 것도 동국제강입니다. 1971년 국내 최초로 후판 사업에진출하면서 동국제
01765265,동국제강(주),전기로,물을 만들어왔습니다. 이 시기에 국내 민간 최초로 50톤 용광로를 운영하였습니다. 현대식 전기로(爐) 시대를 연 것도 동국제강입니다. 1971년 국내 최초로 후판 사업에진출하면서 동국제
00239639,(주)삼표시멘트,소성로,"01 시멘트 삼척공장 10,922 10,922 10,922 2) 생산능력의 산출근거각각의 Kiln및 시멘트밀 생산 능력 및 생산 가능일수는 아래의 표와 같습니다.[크링커] (단위 : 천톤"
00239639,(주)삼표시멘트,소성로,"2,508 7호기 7.60 330 2,508 계 23.64 - 7,801 ※ 1, 2호기 Kiln은 4, 5K AF설비 증축을 위하여 2023년 12월 해당부지 및 부대설비를 철거하고 관"
00143907,(주)원일특강,전기로," 수니온 13 국외 비상장 PANOFI, KIRIKORE FISHERIES, COSMO SEAFOODS,IZVALTA, GREEN MARINE TOTAL SERVICESTARAWA SH"
00143907,(주)원일특강,전기로,"LTD 45.0% KIRIKORE FISHERIES CO.,LTD 49.0% COSMO SEAFOODS CO.,LTD 23.8% GREEN MARINE TOTAL SERVICES CO."
00186799,(주)태웅,전기로," 제품 산업기계 Shaft, Gear, Wheel, Tire Ring 등 나. 제강사업부 전기로, 정련로, 진공탈가스장치, 진공산소탈탄장치, 연속주조, 주괴주조 설비로 잉곳(INGOT)"
00186799,(주)태웅,전기로,", 생산성 안정화, 품질확보 및 거래처개발 등을 병행하여 실시 하고 있습니다.제강사업부는 전기로, 정련로, 진공탈가스장치, 진공산소탈탄장치, 연속주조, 주괴주조 등의 시설들이 설치 되어"
00153375,(주)태광,유도로, 우주항공 로켓 발사대용 초정밀 피팅 제품 시장에 본격 진출하였습니다. 로켓 발사 시 화염유도로(Flame Trench)에서 발생하는 초고온 화염·소음·충격파를 분산·저감하기 위해 대용
00535481,에스와이(주),전기로,"열재 명 내용 무기재료 미네랄울 (Mineral Wool) 천연 암석에 석회석을 첨가하여 전기로 등으로 용해하고, 이것을 공기 또는 수증기로 불어넣어 가는 섬유상으로 한 것 유리면 (G"
00115676,KG스틸(주),전기로,006년 CRM 대상 제조부문 수상○ 2007. 01 스틸아카데미 개설○ 2007. 05 전기로 제철사업 진출○ 2007. 07 대한민국 녹색경영대상 녹색경영부문 최우수상 수상○ 200
00115676,KG스틸(주),전기로,2008. 04 제7회 공정거래의 날 공정거래 국무총리 표창수상○ 2009. 07 아산만 전기로 제철공장 시운전(Hot Run) 개시○ 2009. 09 임단협 14년 연속 무교섭 타결○
00144252,(주)유니온,소성로,가동목표시간×월간가동일수×12개월×설비보유대수]② 생산능력(M/Stem) = Tunnel Kiln 생산능력[시간당평균생산능력×일일가동목표시간×월간가동일수×12개월×설비보유대수] ③ 생산능
00144252,(주)유니온,소성로,동목표시간×월간가동일수×12개월×설비보유대수] ③ 생산능력(F/disc) = Tunnel Kiln 생산능력[시간당평균생산능력×일일가동목표시간×월간가동일수×12개월×설비보유대수]+ Shut
00687711,한국철강(주),전기로,"할 분할전 연혁은 KISCO홀딩스(주) 연혁 참조 2008.10. 신규단강(70톤 특수강 전기로) 설비 준공 2008.12. 20톤 단강 공장 매각 2008.12. 신규단조(10,000"
00687711,한국철강(주),전기로,"너지 효과를 낼 것이라 기대됩니다. II. 사업의 내용 1. 사업의 개요 당사는 120톤 전기로 및 압연설비를 통하여 철근을 생산하여 건설사, 유통상, 조달청등에 판매하는 단일의 영업부"
00113225,대한제강(주),전기로,"글로벌탄소중립 기조에 따라 친환경 생산기술 개발이 중요한 과제가 되고 있으며, 이를 위한 전기로 제강의 역할이 확대되는 추세입니다. (2) 산업의 성장성 철강산업은 건설, 조선, 자동차"
00113225,대한제강(주),전기로,니다. (3) 경기변동의 특성 철강산업 중에서도 당사와 같이 건설용 자재를 주로 생산하는 전기로 제강업은 국내외 건설경기와 높은 상관관계가 있습니다. 특히 최근에는 부동산 관련 규제 강
00117629,케이비아이동양철관(주),용해로,"기준(2) 산출방법 사업부문 구 분 설비구분 생산능력산출근거 아산공장 용해공정 고주파 전기용해로 Φ202*500L 기준 11ton*24일*12개월 = 3,168TON 압출공정 Bille"
00172936,동일산업(주),전기로,"문 분사(포항) 1974. 12 인발기 및 교정기 증설 동일철강공업(주) 1974. 11 전기로1호기(9,000KVA) 신설 동일전공(주) 1976. 07 전기로2호기(5,000KVA)"
00172936,동일산업(주),전기로,"(주) 1974. 11 전기로1호기(9,000KVA) 신설 동일전공(주) 1976. 07 전기로2호기(5,000KVA) 신설 동일전공(주) 1979. 02 전기로3호기(6,000KVA)"
00172936,동일산업(주),유도로,05. 08 STC소둔로 2기 신설(24T/C) 봉강사업부 2005. 12 3TON 고주파유도로 신설 주조사업부 2006. 10 ISO/TS16949 : 2002인증 획득(KSA) 봉강
00172936,동일산업(주),유도로,2006. 12 400톤 COLD SHEAR 봉강사업부 2007. 08 2.5TON 고주파유도로 신설 주조사업부 2007. 10 환봉 UT장치 제작 및 설치 봉강사업부 2008. 05 
00172936,동일산업(주),용해로,"동가능시간 당기 실제가동시간 평균가동률(%) 주조 주강품 2,376 1,856 78% - 용해로 평균가동시간 : 1日 8HR (232일 * 8HR/일)- 당기 가동가능시간 : 8HR *"
00124090,(주)한국특강,전기로,"용- 해당사항 없습니다. II. 사업의 내용 1. 사업의 개요 회사는 철 스크랩을 원료로 전기로 제강을 거쳐 각종 철강제품에 사용되는 BILLET 및 그 BILLET을 가열, 압연, 냉"
00124090,(주)한국특강,전기로,"한 특성이 있습니다. 당사는 고철을 주원료로 하여 BILLET 및 봉형강 제품을 생산하는 전기로 제강업을 영위하고 있으며, 주요 수요산업은 건설, 조선, 자동차, 기계산업 등입니다. 2"
00157636,(주)케이피에프,소성로,진 화장료 조성물 - 30 (주)티엠씨 국내 특허권 2019년 09월 05일 대차 이동식 소성로 - 31 (주)티엠씨 국내 특허권 2019년 11월 28일 광전복합케이블 - 32 (주)
01319808,한일시멘트(주),소성로,"유무기 바닥 보수재 특허법 25개월, 6명 상용화 준비중 방법 2025.04.18 시멘트 킬른 염소 바이패스 설비의 프로브 특허법 10개월, 9명 상용화 준비중 방법 2025.07.0"
01319808,한일시멘트(주),소성로,"지를 연결하는 물류 기능이 중요한 내수시장 중심의 산업이며, 시멘트 생산 과정에서 고온의 소성로를 사용하는 특성으로 인해 에너지 소비가 많은 산업입니다. (산업의 성장성) 시멘트 산업은"
00428729,(주)대호에이엘,용해로,7.31 냉연엑스레이 설치 - 2019.01.31 소폭슬리터 설치 - 2023.05.24 용해로 SCR 환경설비 설치 - 2023.07.30 33톤 소둔로 7호기 설치마. 회사의 업종 
00428729,(주)대호에이엘,용해로,"614(96.28) 글렌코아외 기타 "" 5,245(3.72) 제이에스엘외 부재료 질소가스 용해로,가공 147(3.61) 논공종합가스 나무파렛트 포장용 407(9.96) 제이에스테크외 기"
00454937,(주)덕신이피씨,전기로,은 원재료의 수입비중이 높아 국제 원자재 가격 및 환율 변동 등에 많은 영향을 받습니다. 전기로 제강의 주원료가 되는 스크랩의 경우 우리나라 스크랩 발생량이 수요에 미치지 못하여 매년 
00105475,금강철강(주),전기로," 혁신기술개발에 과감한 투자가 진행중에 있습니다.그간의 기술혁신은 고로의 대형화, 전로및 전기로의 대형화, 연속주조기의 적극적 채용, 압연작업의 자동화, 고속화를 이루었고 기업내에 연구"
00138224,쌍용씨앤이주식회사,소성로,"의 클링커(시멘트 반제품이자 완제품) 생산능력은 연간 14,758천톤이며, 생산설비인 ' Kiln의 호기별 일간생산능력 × 330일 '의 방법으로 산출하고 있습니다. ■ 한국기초소재㈜ 종"
00138224,쌍용씨앤이주식회사,소성로,"률(%) 슬래그파우더 71.3 80.2 94.8 ※ 쌍용C&E㈜의 경우 운휴설비를 제외한 Kiln 의 총 실질생산능력은 연간 14,300천톤이며, 상기의 가동률은 Capa'가동률로 산출한"
00166546,환영철강공업(주),전기로,견기업 해당 여부 해당 7) 주요 사업의 내용[환영철강공업(주)] 당사는 100톤급의 DC전기로를 비롯하여 연산 80만톤급 연주기 및 연산 75만톤 압연설비를 갖추고 BILLET 및 건
00166546,환영철강공업(주),전기로,03. 01. 02 회사정리절차종결 결정(부산지방법원 제12민사부)2003. 07. 29 전기로 로체 교체(전도성 내화물 → PIN TYPE)2003. 12. 26 서울사무소 이전(주소
