source,corp_code,name,kets_name,ksic,kets_member,ftc_group,rev_avg_eok,it_spend_eok,note,k1,k2,gir_key,match_by,name_key,gir_name,gir_type,gir_industry,hidden_any,energy_tj_2023,energy_tj_2024,energy_tj_2025,emis_2023,emis_2024,emis_2025,energy_tj_avg,n_years,industry_check
상장(cbam),00132318,(주)성광벤드,,24133,False,,2164.0,,,,성광벤드,,미매칭,,,,,,,,,,,,,,
상장(cbam),00148595,(주)제일테크노스,,2511,False,,1765.0,,,,제일테크노스,,미매칭,,,,,,,,,,,,,,
상장(cbam),00101220,KG케미칼(주),케이지케미칼 주식회사,201,True,KG,2118.0,,,케이지케미칼,케이지케미칼,케이지케미칼,배출권 명단 이름,케이지케미칼,케이지케미칼 주식회사,사업장 1곳,"비료, 농약 및 살균ㆍ살충제 제조업",False,413.0,457.0,427.0,25315.0,37313.0,37697.0,432.3333333333333,3.0,
상장(cbam),00132804,성신양회(주),성신양회(주),23311,True,,6991.0,17.4,,성신양회,성신양회,성신양회,배출권 명단 이름,성신양회,성신양회(주),업체,"시멘트, 석회, 플라스터 및 그 외 제품 제조업",False,27628.0,22552.0,24687.0,4989822.0,4072874.0,3583961.0,24955.666666666668,3.0,
상장(cbam),00990165,아세아시멘트(주),아세아시멘트 주식회사,23311,True,,5086.0,14.3,,아세아시멘트,아세아시멘트,아세아시멘트,배출권 명단 이름,아세아시멘트,아세아시멘트 주식회사,업체,"시멘트, 석회, 플라스터 및 그 외 제품 제조업",False,15324.0,13832.0,13593.0,2403681.0,2114034.0,2189851.0,14249.666666666666,3.0,
상장(cbam),00105299,금강공업(주),,2413,False,,3151.0,,,,금강공업,금강공업,DART 회사명,금강공업,금강공업(주),사업장 1곳,비철금속,False,235.0,238.0,263.0,13663.0,13809.0,15170.0,245.33333333333334,3.0,
상장(cbam),00112721,(주)대창스틸,,24122,False,,3650.0,0.6,,,대창스틸,,미매칭,,,,,,,,,,,,,,
상장(cbam),00123781,부국철강(주),,2413,False,,1844.0,,,,부국철강,,미매칭,,,,,,,,,,,,,,
상장(cbam),00125646,삼목에스폼(주),삼목에스폼(주),2511,True,,3257.0,5.4,,삼목에스폼,삼목에스폼,삼목에스폼,배출권 명단 이름,삼목에스폼,삼목에스폼(주),업체,1차 비철금속 제조업,False,757.0,598.0,626.0,41683.0,32565.0,33968.0,660.3333333333334,3.0,
상장(cbam),00186717,(주)태양,,25991,False,,1494.0,,,,태양,,미매칭,,,,,,,,,,,,,,
상장(cbam),00109587,(주)대륙제관,,25991,False,,2708.0,,,,대륙제관,,미매칭,,,,,,,,,,,,,,
상장(cbam),00435312,(주)하이스틸,,2413,False,,2516.0,,,,하이스틸,,미매칭,,,,,,,,,,,,,,
상장(cbam),00138260,(주)SIMPAC,(주)SIMPAC,24113,True,,5631.0,37.9,,에스아이엠피에이씨,에스아이엠피에이씨,에스아이엠피에이씨,배출권 명단 이름,에스아이엠피에이씨,(주)SIMPAC,업체,1차 철강 제조업,False,2524.0,1161.0,670.0,232970.0,99791.0,53373.0,1451.6666666666667,3.0,
상장(cbam),00128926,삼현철강(주),,2419,False,,2347.0,,,,삼현철강,,미매칭,,,,,,,,,,,,,,
상장(cbam),00163196,한일철강(주),,2419,False,,1868.0,,,,한일철강,,미매칭,,,,,,,,,,,,,,
상장(cbam),00353878,다스코(주),,25112,False,,2529.0,,,,다스코,,미매칭,,,,,,,,,,,,,,
상장(cbam),00116301,(주)NI스틸,,2419,False,,3020.0,,,,엔아이스틸,,미매칭,,,,,,,,,,,,,,
상장(cbam),00149239,조일알미늄(주),조일알미늄 주식회사,24222,True,,4836.0,5.2,,조일알미늄,조일알미늄,조일알미늄,배출권 명단 이름,조일알미늄,조일알미늄 주식회사,사업장 1곳,1차 비철금속 제조업,False,1680.0,1706.0,1539.0,82972.0,84268.0,75944.0,1641.6666666666667,3.0,
상장(cbam),00125822,삼보산업 주식회사,삼보산업 주식회사,24222,True,,2468.0,,,삼보산업,삼보산업,삼보산업,배출권 명단 이름,삼보산업,삼보산업 주식회사,사업장 1곳,1차 비철금속 제조업,False,490.0,523.0,305.0,48843.0,34132.0,20711.0,439.3333333333333,3.0,
상장(cbam),00153339,태경산업(주),태경산업(주),20129,True,,1409.0,,,태경산업,태경산업,태경산업,배출권 명단 이름,태경산업,태경산업(주),업체,1차 철강 제조업,False,1472.0,1409.0,1017.0,109006.0,99941.0,65495.0,1299.3333333333333,3.0,
상장(cbam),00117027,(주)알루코,,24222,False,,2843.0,3.9,,,알루코,,미매칭,,,,,,,,,,,,,,
상장(cbam),01765265,동국제강(주),동국제강 주식회사,241,True,동국제강,31210.0,206.4,,동국제강,동국제강,동국제강,배출권 명단 이름,동국제강,동국제강 주식회사,업체,1차 철강 제조업,False,25541.0,22387.0,20656.0,1490788.0,1297673.0,1193870.0,22861.333333333332,3.0,
상장(cbam),00129235,삼화왕관(주),,25991,False,,1302.0,,,,삼화왕관,삼화왕관,DART 회사명,삼화왕관,삼화왕관(주),사업장 1곳,기계,False,374.0,387.0,369.0,19391.0,19197.0,18193.0,376.6666666666667,3.0,업종 확인 필요
상장(cbam),00415594,(주)동국에스엔씨,,2511,False,,1539.0,,,,동국에스엔씨,,미매칭,,,,,,,,,,,,,,
상장(cbam),00670340,씨에스윈드(주),,2511,False,,4674.0,35.8,,,씨에스윈드,,미매칭,,,,,,,,,,,,,,
상장(cbam),00239639,(주)삼표시멘트,삼표시멘트,239,True,삼표,7202.0,25.8,,삼표시멘트,삼표시멘트,삼표시멘트,배출권 명단 이름,삼표시멘트,삼표시멘트,업체,"시멘트, 석회, 플라스터 및 그 외 제품 제조업",False,34504.0,31009.0,27332.0,5801581.0,4998174.0,4269882.0,30948.333333333332,3.0,
상장(cbam),00143907,(주)원일특강,,24123,False,,3533.0,6.4,,,원일특강,,미매칭,,,,,,,,,,,,,,
상장(cbam),00172680,동국산업(주),동국산업(주),24122,True,,3771.0,21.0,,동국산업,동국산업,동국산업,배출권 명단 이름,동국산업,동국산업(주),사업장 1곳,1차 철강 제조업,False,763.0,840.0,881.0,37613.0,41354.0,43354.0,828.0,3.0,
상장(cbam),01765256,동국씨엠 주식회사,동국씨엠 주식회사,24122,True,동국제강,18012.0,125.1,,동국씨엠,동국씨엠,동국씨엠,배출권 명단 이름,동국씨엠,동국씨엠 주식회사,업체,1차 철강 제조업,False,6151.0,6267.0,6033.0,284620.0,287890.0,276861.0,6150.333333333333,3.0,
상장(cbam),00166175,(주)대호특수강,,24123,False,,2910.0,,,,대호특수강,대호특수강,DART 회사명,대호특수강,(주)대호특수강,사업장 1곳,철강,False,763.0,806.0,798.0,38145.0,40263.0,39932.0,789.0,3.0,
상장(cbam),00186799,(주)태웅,(주)태웅,25912,True,,3932.0,6.9,,태웅,태웅,태웅,배출권 명단 이름,태웅,(주)태웅,업체,1차 철강 제조업,False,3003.0,2950.0,2753.0,164976.0,162294.0,151271.0,2902.0,3.0,
상장(cbam),00486705,아주스틸(주),,2419,False,동국제강,5491.0,11.8,,,아주스틸,아주스틸,DART 회사명,아주스틸,아주스틸(주),사업장 1곳,기계,False,208.0,255.0,251.0,10821.0,13780.0,13577.0,238.0,3.0,업종 확인 필요
상장(cbam),00958664,주식회사 신스틸,,241,False,,2241.0,,,,신스틸,,미매칭,,,,,,,,,,,,,,
상장(cbam),00156488,(주)휴스틸,,2413,False,,5384.0,11.0,,,휴스틸,휴스틸,DART 회사명,휴스틸,주식회사 휴스틸,사업장 1곳,1차 철강 제조업,False,623.0,620.0,596.0,30462.0,30450.0,29390.0,613.0,3.0,
상장(cbam),00153375,(주)태광,,2413,False,,2562.0,,,,태광,,미매칭,,,,,,,,,,,,,,
상장(cbam),00126779,삼아알미늄(주),,24222,False,,2216.0,,,,삼아알미늄,삼아알미늄,DART 회사명,삼아알미늄,삼아알미늄주식회사,사업장 1곳,비철금속,False,401.0,399.0,475.0,20521.0,20535.0,23731.0,425.0,3.0,
상장(cbam),00103006,고려제강(주),고려제강(주),2411,True,,5398.0,36.8,,고려제강,고려제강,고려제강,배출권 명단 이름,고려제강,고려제강(주),사업장 1곳,1차 철강 제조업,False,1761.0,1854.0,1909.0,86141.0,90621.0,93418.0,1841.3333333333333,3.0,
상장(cbam),00535481,에스와이(주),,25112,False,,3721.0,4.2,,,에스와이,,미매칭,,,,,,,,,,,,,,
상장(cbam),00206039,경남스틸(주),,24199,False,,3810.0,0.7,,,경남스틸,,미매칭,,,,,,,,,,,,,,
상장(cbam),00115676,KG스틸(주),케이지스틸 주식회사,24122,True,KG,31430.0,126.3,,케이지스틸,케이지스틸,케이지스틸,배출권 명단 이름,케이지스틸,케이지스틸 주식회사,업체,1차 철강 제조업,False,8552.0,8639.0,8685.0,401511.0,404489.0,402537.0,8625.333333333334,3.0,
상장(cbam),00144252,(주)유니온,(주)유니온,23311,True,,1056.0,,,유니온,유니온,유니온,배출권 명단 이름,유니온,(주)유니온,업체,"시멘트, 석회, 플라스터 및 그 외 제품 제조업",False,1195.0,1162.0,907.0,144922.0,142490.0,113709.0,1088.0,3.0,
상장(cbam),00156600,한주라이트메탈(주),,24212,False,,2321.0,,,,한주라이트메탈,한주라이트메탈,DART 회사명,한주라이트메탈,한주라이트메탈 주식회사,사업장 1곳,비철금속,False,364.0,415.0,411.0,17792.0,20272.0,20089.0,396.6666666666667,3.0,
상장(cbam),00687711,한국철강(주),한국철강,2411,True,,6639.0,22.2,,한국철강,한국철강,한국철강,배출권 명단 이름,한국철강,한국철강,업체,1차 철강 제조업,False,6713.0,5516.0,4927.0,374042.0,305515.0,280244.0,5718.666666666667,3.0,
상장(cbam),00113225,대한제강(주),대한제강(주),2411,True,,8277.0,35.9,,대한제강,대한제강,대한제강,배출권 명단 이름,대한제강,대한제강(주),업체,1차 철강 제조업,False,5618.0,5419.0,6080.0,313245.0,298667.0,338935.0,5705.666666666667,3.0,
상장(cbam),00117629,케이비아이동양철관(주),,2413,False,,2018.0,,,,케이비아이동양철관,,미매칭,,,,,,,,,,,,,,
상장(cbam),00151298,DSR제강(주),,24123,False,,2174.0,,,,디에스알제강,,미매칭,,,,,,,,,,,,,,
상장(cbam),00220613,넥스틸(주),,2419,False,,5720.0,6.8,,,넥스틸,넥스틸,DART 회사명,넥스틸,넥스틸(주),사업장 1곳,철강,False,,,433.0,,,20752.0,433.0,1.0,
상장(cbam),00177199,디씨엠(주),,2419,False,,2287.0,,,,디씨엠,,미매칭,,,,,,,,,,,,,,
상장(cbam),00172936,동일산업(주),동일산업주식회사,24113,True,,3471.0,4.8,,동일산업,동일산업,동일산업,배출권 명단 이름,동일산업,동일산업주식회사,업체,1차 철강 제조업,False,3053.0,2822.0,1803.0,251779.0,231725.0,145901.0,2559.3333333333335,3.0,
상장(cbam),00124090,(주)한국특강,(주)한국특강,24121,True,,7888.0,7.5,,한국특강,한국특강,한국특강,배출권 명단 이름,한국특강,(주)한국특강,업체,1차 철강 제조업,False,6306.0,6239.0,6195.0,352508.0,349281.0,347035.0,6246.666666666667,3.0,
상장(cbam),00157636,(주)케이피에프,주식회사 케이피에프,259,True,,2750.0,,,케이피에프,케이피에프,케이피에프,배출권 명단 이름,케이피에프,주식회사 케이피에프,사업장 1곳,기타 금속 가공제품 제조업,False,929.0,906.0,798.0,44995.0,43892.0,38757.0,877.6666666666666,3.0,
상장(cbam),00117300,(주)TCC스틸,(주)티씨씨스틸,24191,True,,4419.0,60.6,,티씨씨스틸,티씨씨스틸,티씨씨스틸,배출권 명단 이름,티씨씨스틸,(주)티씨씨스틸,사업장 1곳,1차 철강 제조업,False,709.0,676.0,630.0,34342.0,32724.0,30198.0,671.6666666666666,3.0,
상장(cbam),01319808,한일시멘트(주),한일시멘트 주식회사,23311,True,,11416.0,76.6,,한일시멘트,한일시멘트,한일시멘트,배출권 명단 이름,한일시멘트,한일시멘트 주식회사,업체,"시멘트, 석회, 플라스터 및 그 외 제품 제조업",False,27990.0,24489.0,41976.0,4370690.0,3668271.0,6178096.0,31485.0,3.0,
상장(cbam),00428729,(주)대호에이엘,주식회사 대호에이엘,24222,True,,1835.0,,,대호에이엘,대호에이엘,대호에이엘,배출권 명단 이름,대호에이엘,주식회사 대호에이엘,사업장 1곳,1차 비철금속 제조업,False,612.0,529.0,565.0,30266.0,26366.0,29418.0,568.6666666666666,3.0,
상장(cbam),00454937,(주)덕신이피씨,,25112,False,,1540.0,,,,덕신이피씨,,미매칭,,,,,,,,,,,,,,
상장(cbam),00111111,(주)대양금속,,24122,False,,2133.0,,,,대양금속,대양금속,DART 회사명,대양금속,(주)대양금속,사업장 1곳,기계,False,386.0,395.0,383.0,19503.0,19950.0,19309.0,388.0,3.0,업종 확인 필요
상장(cbam),00120872,만호제강(주),만호제강(주),24123,True,,1841.0,,,만호제강,만호제강,만호제강,배출권 명단 이름,만호제강,만호제강(주),사업장 1곳,1차 철강 제조업,False,761.0,700.0,669.0,37251.0,34404.0,32838.0,710.0,3.0,
상장(cbam),00105475,금강철강(주),,2419,False,,1976.0,,,,금강철강,,미매칭,,,,,,,,,,,,,,
비상장(배출권),01507148,와이케이스틸 주식회사,와이케이스틸(주),24121,True,,3905.0,,대한제강 자회사(2020년 지분 51% 인수),와이케이스틸,와이케이스틸,와이케이스틸,배출권 명단 이름,와이케이스틸,와이케이스틸(주),업체,1차 철강 제조업,False,4451.0,3861.0,3151.0,248073.0,214963.0,181566.0,3821.0,3.0,
비상장(배출권),00950705,대한시멘트 주식회사,대한시멘트주식회사,23311,True,,1930.0,,,대한시멘트,대한시멘트,대한시멘트,배출권 명단 이름,대한시멘트,대한시멘트주식회사,사업장 1곳,"시멘트, 석회, 플라스터 및 그 외 제품 제조업",False,1154.0,1013.0,861.0,63504.0,55732.0,47095.0,1009.3333333333334,3.0,
비상장(배출권),00257219,한라시멘트(주),한라시멘트주식회사,23311,True,,5600.0,,아세아시멘트 자회사로 알려짐,한라시멘트,한라시멘트,한라시멘트,배출권 명단 이름,한라시멘트,한라시멘트주식회사,업체,"시멘트, 석회, 플라스터 및 그 외 제품 제조업",False,24346.0,22386.0,21593.0,4237627.0,3725709.0,3754247.0,22775.0,3.0,
비상장(배출권),00138224,쌍용씨앤이주식회사,쌍용씨앤이(주),23311,True,,558.0,,"API 매출값 이상(1,116억/0원). 자산 3.8조로 매출과 무관하게 중견",쌍용씨앤이,쌍용씨앤이,쌍용씨앤이,배출권 명단 이름,쌍용씨앤이,쌍용씨앤이(주),업체,"시멘트, 석회, 플라스터 및 그 외 제품 제조업",False,64449.0,62302.0,55725.0,10736622.0,10574492.0,9571870.0,60825.333333333336,3.0,
비상장(배출권),00156637,한국씨엔티(주),한국씨엔티(주),23311,True,,1354.0,,,한국씨엔티,한국씨엔티,한국씨엔티,배출권 명단 이름,한국씨엔티,한국씨엔티(주),사업장 1곳,"시멘트, 석회, 플라스터 및 그 외 제품 제조업",False,1147.0,852.0,879.0,58675.0,43544.0,44831.0,959.3333333333334,3.0,
비상장(배출권),01007408,한국제강주식회사,한국제강 주식회사,24112,True,,5477.0,,,한국제강,한국제강,한국제강,배출권 명단 이름,한국제강,한국제강 주식회사,업체,1차 철강 제조업,False,4322.0,4126.0,3949.0,233174.0,223686.0,211190.0,4132.333333333333,3.0,
비상장(배출권),00935627,홍덕산업(주),홍덕산업(주),24123,True,,2829.0,,,홍덕산업,홍덕산업,홍덕산업,배출권 명단 이름,홍덕산업,홍덕산업(주),사업장 1곳,1차 철강 제조업,False,1642.0,1374.0,1084.0,73375.0,61488.0,47828.0,1366.6666666666667,3.0,
비상장(배출권),00166546,환영철강공업(주),환영철강공업,24112,True,,5129.0,,,환영철강공업,환영철강공업,환영철강공업,배출권 명단 이름,환영철강공업,환영철강공업,업체,1차 철강 제조업,False,4707.0,4076.0,3717.0,252775.0,223712.0,203092.0,4166.666666666667,3.0,
비상장(배출권),00760069,디케이동신주식회사,디케이동신(주),24191,True,,2414.0,,,디케이동신,디케이동신,디케이동신,배출권 명단 이름,디케이동신,디케이동신(주),사업장 1곳,1차 철강 제조업,False,492.0,508.0,598.0,26158.0,27447.0,32542.0,532.6666666666666,3.0,
비상장(배출권),00150466,진양특수강(주),진양특수강(주),24121,True,,2286.0,,,진양특수강,진양특수강,진양특수강,배출권 명단 이름,진양특수강,진양특수강(주),사업장 1곳,1차 철강 제조업,False,584.0,561.0,555.0,29224.0,28105.0,27808.0,566.6666666666666,3.0,
비상장(배출권),00146658,일진제강(주),일진제강(주),24132,True,,2598.0,,,일진제강,일진제강,일진제강,배출권 명단 이름,일진제강,일진제강(주),사업장 1곳,1차 철강 제조업,False,1046.0,1073.0,1237.0,51635.0,53130.0,61194.0,1118.6666666666667,3.0,
비상장(배출권),00441410,(주)세진메탈,주식회사 세진메탈,24212,True,,2101.0,,3년 평균 판정,세진메탈,세진메탈,세진메탈,배출권 명단 이름,세진메탈,주식회사 세진메탈,사업장 1곳,1차 비철금속 제조업,False,692.0,532.0,537.0,43257.0,33018.0,32858.0,587.0,3.0,
비상장(배출권),00766814,하이호경금속주식회사,하이호경금속 주식회사,24212,True,,4482.0,,,하이호경금속,하이호경금속,하이호경금속,배출권 명단 이름,하이호경금속,하이호경금속 주식회사,사업장 1곳,1차 비철금속 제조업,False,402.0,495.0,521.0,24395.0,30048.0,31700.0,472.6666666666667,3.0,
비상장(배출권),00163169,한일제관(주),한일제관(주),25991,True,,4811.0,,,한일제관,한일제관,한일제관,배출권 명단 이름,한일제관,한일제관(주),사업장 1곳,기타 금속 가공제품 제조업,False,1188.0,1156.0,1041.0,58397.0,57100.0,51359.0,1128.3333333333333,3.0,
비상장(배출권),01467460,현대아이에프씨 주식회사,현대아이에프씨 주식회사,24112,True,,5051.0,,"2026-02-27 현대제철 지분 100% 매각(우리베일리국민성장(유)), 현대자동차 집단 이탈",현대아이에프씨,현대아이에프씨,현대아이에프씨,배출권 명단 이름,현대아이에프씨,현대아이에프씨 주식회사,업체,1차 철강 제조업,False,4524.0,4250.0,4292.0,245039.0,230030.0,232096.0,4355.333333333333,3.0,
비상장(보류),,(주)동남,(주)동남,24212,True,,,,,동남,동남,동남,배출권 명단 이름,동남,(주)동남,사업장 1곳,1차 비철금속 제조업,False,878.0,837.0,846.0,56406.0,53758.0,54189.0,853.6666666666666,3.0,
