source,corp_code,name,kets_name,ksic,kets_member,ftc_group,rev_avg_eok,it_spend_eok,note,rcept_no,kets_ksic,ksic_used,type_by_code,report_used,report_ok,kw_전기로,kw_유도로,kw_용해로,kw_합금철,kw_소성로,kw_가열로,kw_가공,check,night_reported,parent_note,energy_tj_avg,gir_type,type_final,type_note,tj_per_eok,intensity_check,category_final,confidence,evidence,stock_code,kisa_name,it_year,disclosure_year,k_key,kisa_year,invest_year,it_spend_kisa_eok,it_staff,employees,it_est_low,it_est_mid,it_est_high
비상장(배출권),01507148,와이케이스틸 주식회사,와이케이스틸(주),24121,True,,3905.0,,대한제강 자회사(2020년 지분 51% 인수),,,24121,가공형,감사보고서 (2025.12),True,0,0,0,0,0,0,2,,,대한제강 자회사 (2020년 지분 51% 인수),3821.0,업체,가공형,,0.978,가공형인데 집약도가 용해형 수준 (확인),철강 용해(전기로·합금철),확정,감사보고서에 '철근과 빌렛의 제조' 명시 + 집약도 0.98. 업종코드(열간압연)와 다름 → 수정,,,,,와이케이스틸,,,,,,4.8,7.5,20.5
비상장(배출권),00950705,대한시멘트 주식회사,대한시멘트주식회사,23311,True,,1930.0,,,,,23311,시멘트,감사보고서 (2025.12),True,0,0,0,0,0,0,2,,,,1009.0,사업장 1곳,시멘트,,0.523,,시멘트(분쇄형),추정,시멘트 매출만 확인. 집약도 0.52로 소성로 시멘트(중앙값 2.8)보다 훨씬 낮아 분쇄형 추정,,,,,대한시멘트,,,,,,2.4,3.7,10.1
비상장(배출권),00257219,한라시멘트(주),한라시멘트주식회사,23311,True,,5600.0,,아세아시멘트 자회사로 알려짐,,,23311,시멘트,감사보고서 (2025.12),True,0,0,0,0,0,0,1,,,아세아시멘트 자회사로 알려짐,22775.0,업체,시멘트,,4.067,,시멘트(소성로),확정,"시멘트 제조, 광산 개발",,,,,한라시멘트,,,,,,6.9,10.8,29.4
비상장(배출권),00138224,쌍용씨앤이주식회사,쌍용씨앤이(주),23311,True,,558.0,,"API 매출값 이상(1,116억/0원). 자산 3.8조로 매출과 무관하게 중견",,,23311,시멘트,사업보고서 (2025.12),True,0,0,0,0,9,0,29,,,,60825.0,업체,시멘트,,109.005,,시멘트(소성로),확정,"시멘트, 석회석·유연탄",,,,,쌍용씨앤이,,,,,,0.7,1.1,2.9
비상장(배출권),00156637,한국씨엔티(주),한국씨엔티(주),23311,True,,1354.0,,,,,23311,시멘트,감사보고서 (2025.12),True,0,0,0,0,0,0,2,,,,959.0,사업장 1곳,시멘트,,0.708,,시멘트(분쇄형),확정,슬래그시멘트·슬래그미분말 (+방적 부문),,,,,한국씨엔티,,,,,,1.7,2.6,7.1
비상장(배출권),01007408,한국제강주식회사,한국제강 주식회사,24112,True,,5477.0,,,,,24112,용해형(제철·제강·합금철),감사보고서 (2025.12),True,0,0,0,0,0,0,0,용해형인데 용해 설비 언급 없음 (확인),,,4132.0,업체,용해형,감사보고서라 설비 설명 없음 → 업종코드대로 분류,0.754,,철강 용해(전기로·합금철),확정,"감사보고서에 '철근·BILLET 제조' 명시, 집약도 0.75",,,,,한국제강,,,,,,6.7,10.6,28.8
비상장(배출권),00935627,홍덕산업(주),홍덕산업(주),24123,True,,2829.0,,,,,24123,가공형,감사보고서 (2025.12),True,0,0,0,0,0,0,1,,,,1367.0,사업장 1곳,가공형,,0.483,가공형인데 집약도가 용해형 수준 (확인),가공,확정,비드와이어·스틸코드·경강선,,,,,홍덕산업,,,,,,3.5,5.5,14.9
비상장(배출권),00166546,환영철강공업(주),환영철강공업,24112,True,,5129.0,,,,,24112,용해형(제철·제강·합금철),[기재정정]사업보고서 (2025.12),True,12,0,0,1,0,0,16,,한국경제 2025-03-30,,4167.0,업체,용해형,,0.812,,철강 용해(전기로·합금철),확정,"100톤급 DC전기로 명시, 집약도 0.81",,,,,환영철강공업,,,,,,6.3,9.9,26.9
비상장(배출권),00760069,디케이동신주식회사,디케이동신(주),24191,True,,2414.0,,,,,24191,가공형,감사보고서 (2025.12),True,0,0,0,0,0,0,1,,,,533.0,사업장 1곳,가공형,,0.221,,가공,확정,피복강판·냉간압연,,,,,디케이동신,,,,,,3.0,4.7,12.7
비상장(배출권),00150466,진양특수강(주),진양특수강(주),24121,True,,2286.0,,,,,24121,가공형,감사보고서 (2025.12),True,0,0,0,0,0,0,2,,,,567.0,사업장 1곳,가공형,,0.248,,가공,추정,특수강 환봉·선재 제조 (가공 방식 불명),,,,,진양특수강,,,,,,2.8,4.4,12.0
비상장(배출권),00146658,일진제강(주),일진제강(주),24132,True,,2598.0,,,,,24132,가공형,감사보고서 (2025.12),True,0,0,0,0,0,0,4,,,,1119.0,사업장 1곳,가공형,,0.431,가공형인데 집약도가 용해형 수준 (확인),가공,추정,"강관, 보고서에서 사업 문장 추출 안 됨(업종코드·집약도 기준)",,,,,일진제강,,,,,,3.2,5.0,13.6
비상장(배출권),00441410,(주)세진메탈,주식회사 세진메탈,24212,True,,2101.0,,3년 평균 판정,,,24212,용해형(비철 제련·합금),감사보고서 (2025.12),True,0,0,0,0,0,0,3,용해형인데 용해 설비 언급 없음 (확인),,,587.0,사업장 1곳,용해형,감사보고서라 설비 설명 없음 → 업종코드대로 분류,0.279,용해형인데 집약도가 가공형 수준 (확인),비철 용해(알루미늄 재생·주조),확정,알루미늄 합금 제조업 명시,,,,,세진메탈,,,,,,2.6,4.0,11.0
비상장(배출권),00766814,하이호경금속주식회사,하이호경금속 주식회사,24212,True,,4482.0,,,,,24212,용해형(비철 제련·합금),감사보고서 (2025.12),True,0,0,0,0,0,0,0,용해형인데 용해 설비 언급 없음 (확인),,,473.0,사업장 1곳,용해형,감사보고서라 설비 설명 없음 → 업종코드대로 분류,0.106,용해형인데 집약도가 가공형 수준 (확인),비철 용해(알루미늄 재생·주조),불확실,보고서에서 사업 문장 추출 안 됨(업종코드만),,,,,하이호경금속,,,,,,5.5,8.6,23.5
비상장(배출권),00163169,한일제관(주),한일제관(주),25991,True,,4811.0,,,,,25991,가공형(금속가공),감사보고서 (2025.12),True,0,0,0,0,0,0,1,,,,1128.0,사업장 1곳,가공형,,0.234,,가공,확정,공관(캔) 제조,,,,,한일제관,,,,,,5.9,9.3,25.3
비상장(배출권),01467460,현대아이에프씨 주식회사,현대아이에프씨 주식회사,24112,True,,5051.0,,"2026-02-27 현대제철 지분 100% 매각(우리베일리국민성장(유)), 현대자동차 집단 이탈",,,24112,용해형(제철·제강·합금철),감사보고서 (2025.12),True,0,0,0,0,0,0,0,용해형인데 용해 설비 언급 없음 (확인),,,4355.0,업체,용해형,감사보고서라 설비 설명 없음 → 업종코드대로 분류,0.862,,철강 용해(전기로·합금철),추정,'금속 단조제품 제조' 명시. 제강 언급은 없으나 집약도 0.86으로 전기로 제강사 수준,,,,,현대아이에프씨,,,,,,6.2,9.7,26.5
