kets_code,kets_name,kets_ksic,corp_code,dart_name,report,fiscal_end,rev_t,rev_t1,rev_t2,assets_t,verdict,note,basis,rev_avg_eok,assets_eok
E1950170042,주식회사 피엔알,24119,,,,,,,,,대기업 계열,동명 2곳 중 포스코 집단 소속 후보가 철강 관련,수동 판정,,
E2413240001,현대스틸파이프 주식회사,24132,,,,,,,,,대기업 계열,,공정위 소속회사 명단(법인등록번호),,
I0024170001,와이케이스틸(주),24121,01507148,와이케이스틸 주식회사,감사보고서 (2025.12),2025-12-31,318459093588.0,462547661923.0,,414323341885.0,중견,대한제강 자회사(2020년 지분 51% 인수),감사보고서 육안 확인,3905.0,4143.0
I0700100001,대한시멘트주식회사,23311,00950705,대한시멘트 주식회사,감사보고서 (2025.12),2025-12-31,179042325023.0,206863199979.0,,212410132781.0,중견,,감사보고서 육안 확인,1930.0,2124.0
I0700100007,한라시멘트주식회사,23311,00257219,한라시멘트(주),감사보고서 (2025.12),2025-12-31,534324987650.0,585702462566.0,,1103489056266.0,중견,아세아시멘트 자회사로 알려짐,감사보고서 육안 확인,5600.0,11035.0
I0700100010,쌍용씨앤이(주),23311,00138224,쌍용씨앤이주식회사,,,111599596977.0,0.0,,3771680908347.0,중견,"API 매출값 이상(1,116억/0원). 자산 3.8조로 매출과 무관하게 중견",DART 사업보고서(API),558.0,37717.0
I0700100016,한국씨엔티(주),23311,00156637,한국씨엔티(주),감사보고서 (2025.12),2025-12-31,134534480427.0,136360416860.0,,209698194049.0,중견,,감사보고서 육안 확인,1354.0,2097.0
I0700100019,한일현대시멘트 주식회사,23311,00164672,한일현대시멘트(주),,,513367579551.0,504671276477.0,471150173575.0,906227621119.0,합병 소멸,2025-11-01 한일시멘트에 흡수합병. 존속법인 한일시멘트는 상장 대상에 포함,사후 확인(보도·GIR),4964.0,9062.0
I0700100020,광진산업(주),23311,00960526,광진산업주식회사,감사보고서 (2025.12),2025-12-31,22702480606.0,20243728229.0,,22758247012.0,중소,동명 회사 2곳 중 한울회계법인 감사분,감사보고서 육안 확인,215.0,228.0
I0800100020,주식회사 디비메탈,24113,00652016,주식회사 디비메탈,,,145551025409.0,372648932106.0,670931703730.0,192892654115.0,대기업 계열,"DB그룹 계열, DB월드와 합병 보도, 2026-06 합금철 생산 전면 중단 보도",사후 확인(보도·GIR),3964.0,1929.0
I0800100025,주식회사 세아창원특수강,24112,,,,,,,,,대기업 계열,,공정위 소속회사 명단(법인등록번호),,
I0800100026,한국제강 주식회사,24112,01007408,한국제강주식회사,감사보고서 (2025.12),2025-12-31,524468864432.0,570985465192.0,,477074449981.0,중견,,감사보고서 육안 확인,5477.0,4771.0
I0800100033,홍덕산업(주),24123,00935627,홍덕산업(주),감사보고서 (2025.12),2025-12-31,263714140386.0,302148472782.0,,882239404446.0,중견,,감사보고서 육안 확인,2829.0,8822.0
I0800100034,환영철강공업,24112,00166546,환영철강공업(주),,,377242264933.0,455790641144.0,705687784506.0,719605962789.0,중견,,DART 사업보고서(API),5129.0,7196.0
I0800120044,현대종합특수강 주식회사,24123,,,,,,,,,대기업 계열,,공정위 소속회사 명단(법인등록번호),,
I0800120045,디케이동신(주),24191,00760069,디케이동신주식회사,감사보고서 (2025.12),2025-12-31,231825721143.0,250909647795.0,,135927105763.0,중견,,감사보고서 육안 확인,2414.0,1359.0
I0800120050,진양특수강(주),24121,00150466,진양특수강(주),감사보고서 (2025.12),2025-12-31,222257979759.0,234919953219.0,,128715744780.0,중견,,감사보고서 육안 확인,2286.0,1287.0
I0800120052,고려강선(주),24123,00102672,고려강선 주식회사,감사보고서 (2025.12),2025-12-31,146109016979.0,162942556936.0,180466492750.0,332684646000.0,중소,"3년 평균 판정, 고려제강 계열",감사보고서 육안 확인,1632.0,3327.0
I0800140083,일진제강(주),24132,00146658,일진제강(주),감사보고서 (2025.12),2025-12-31,289692656357.0,229884309095.0,,329786655785.0,중견,,감사보고서 육안 확인,2598.0,3298.0
I0800140092,(주)세아씨엠,24191,,,,,,,,,대기업 계열,,공정위 소속회사 명단(법인등록번호),,
I0800170097,주식회사 심팩인더스트리,24113,00123648,(주)심팩인더스트리,감사보고서 (2025.12),2025-12-31,101603942065.0,74980967139.0,,166324231124.0,중소,,감사보고서 육안 확인,883.0,1663.0
I0800200098,주식회사 포스코,24111,,,,,,,,,대기업 계열,,공정위 소속회사 명단(법인등록번호),,
I0800210099,주식회사 세아베스틸,24112,,,,,,,,,대기업 계열,,공정위 소속회사 명단(법인등록번호),,
I0900100002,노벨리스코리아 주식회사,24222,00276117,노벨리스코리아 주식회사,감사보고서 (2026.03),2026-03-31,4364920434673.0,3694034171308.0,,2475491049446.0,외국계 대기업 계열,Novelis Inc.(Hindalco) 특수목적회사 3곳이 99.999% 보유,감사보고서 육안 확인,40295.0,24755.0
I0900100011,성훈엔지니어링주식회사,24212,00205386,성훈엔지니어링주식회사,감사보고서 (2025.12),2025-12-31,140184059037.0,121519280108.0,,59073119282.0,중소,배출권 업종 24212 기준 판정. DART 업종 23999와 불일치,감사보고서 육안 확인,1309.0,591.0
I0900110019,주식회사 세진메탈,24212,00441410,(주)세진메탈,감사보고서 (2025.12),2025-12-31,213857391199.0,181990796051.0,234589470462.0,116373835349.0,중견,3년 평균 판정,감사보고서 육안 확인,2101.0,1164.0
I0900110020,하이호경금속 주식회사,24212,00766814,하이호경금속주식회사,감사보고서 (2025.12),2025-12-31,480338813527.0,416078130408.0,,110844699310.0,중견,,감사보고서 육안 확인,4482.0,1108.0
I0900140049,울산알루미늄 주식회사,24212,01319996,울산알루미늄 주식회사,감사보고서 (2026.03),2026-03-31,1649002542742.0,1364702846183.0,,1182450154127.0,외국계 대기업 계열,노벨리스코리아 50% + Kobe Steel 50% 합작,감사보고서 육안 확인,15069.0,11825.0
I0900150040,(주)동남,24212,,,,,,,,,보류,"동명 회사 8곳, GIR상 1차 비철금속 사업장",,,
I1000100018,한일제관(주),25991,00163169,한일제관(주),감사보고서 (2025.12),2025-12-31,490002696897.0,472212023188.0,,411738945538.0,중견,,감사보고서 육안 확인,4811.0,4117.0
I1000200069,현대아이에프씨 주식회사,24112,01467460,현대아이에프씨 주식회사,감사보고서 (2025.12),2025-12-31,482905176435.0,527368920370.0,,567850524557.0,중견,"2026-02-27 현대제철 지분 100% 매각(우리베일리국민성장(유)), 현대자동차 집단 이탈",감사보고서 육안 확인,5051.0,5679.0
IB002200008,주식회사 포스코모빌리티솔루션,24122,,,,,,,,,대기업 계열,,공정위 소속회사 명단(법인등록번호),,
