source,name,corp_code,induty_code,ksic2,ftc_group,cbam_wave,gir_type,energy_tj_avg,segment,업종
상장 (중견 확정),삼화콘덴서공업(주),00129350,26291,26,,비대상,사업장 1곳,531.6666666666666,C 상장 (중견 확정),전자부품·컴퓨터
상장 (중견 확정),(주)금비,00168401,23192,23,,비대상,사업장 1곳,1159.6666666666667,C 상장 (중견 확정),비금속광물
상장 (중견 확정),주식회사 화승알앤에이,01532603,30399,30,,2차 후보(확인 필요),사업장 1곳,420.3333333333333,C 상장 (중견 확정),자동차
상장 (중견 확정),(주)진로발효,00170877,11121,11,,비대상,사업장 1곳,734.0,C 상장 (중견 확정),음료
상장 (중견 확정),이구산업(주),00145464,24221,24,,비대상,사업장 1곳,735.0,C 상장 (중견 확정),1차금속
상장 (중견 확정),유성기업(주),00174004,303,30,,2차 후보(확인 필요),사업장 1곳,282.6666666666667,C 상장 (중견 확정),자동차
상장 (중견 확정),일신방직(주),00146269,13101,13,,비대상,사업장 1곳,1047.6666666666667,C 상장 (중견 확정),섬유
상장 (중견 확정),아세아제지(주),00138729,172,17,,비대상,업체,4316.666666666667,C 상장 (중견 확정),펄프·종이
상장 (중견 확정),송원산업(주),00134963,20499,20,,비대상,업체,2728.333333333333,C 상장 (중견 확정),화학
상장 (중견 확정),부산주공(주),00124151,30310,30,,2차 후보(확인 필요),사업장 1곳,1692.6666666666667,C 상장 (중견 확정),자동차
상장 (중견 확정),태양금속공업(주),00153755,303,30,,2차 후보(확인 필요),사업장 1곳,406.0,C 상장 (중견 확정),자동차
상장 (중견 확정),(주)와이솔,00759294,2629,26,,비대상,사업장 1곳,315.0,C 상장 (중견 확정),전자부품·컴퓨터
상장 (중견 확정),대덕전자(주),01478712,2622,26,,비대상,사업장 1곳,2915.6666666666665,C 상장 (중견 확정),전자부품·컴퓨터
상장 (중견 확정),(주)벽산,00122898,23999,23,,비대상,사업장 1곳,2126.333333333333,C 상장 (중견 확정),비금속광물
상장 (중견 확정),금호석유화학(주),00106368,201,20,금호석유화학,비대상,업체,41563.66666666666,C 상장 (중견 확정),화학
상장 (중견 확정),더블유씨피(주),01291317,28202,28,,비대상,사업장 1곳,1854.3333333333333,C 상장 (중견 확정),전기장비
상장 (중견 확정),(주)서흥,00131692,2049,20,,비대상,사업장 1곳,766.0,C 상장 (중견 확정),화학
상장 (중견 확정),대창단조(주),00112679,303,30,,2차 후보(확인 필요),사업장 1곳,208.0,C 상장 (중견 확정),자동차
상장 (중견 확정),대한유화(주),00260383,20111,20,,비대상,업체,34279.0,C 상장 (중견 확정),화학
상장 (중견 확정),(주)유한양행,00145109,212,21,,비대상,사업장 1곳,356.6666666666667,C 상장 (중견 확정),의약
상장 (중견 확정),현우산업(주),00367455,2622,26,,비대상,사업장 1곳,320.3333333333333,C 상장 (중견 확정),전자부품·컴퓨터
상장 (중견 확정),한국수출포장공업(주),00158112,1721,17,,비대상,업체,1878.6666666666667,C 상장 (중견 확정),펄프·종이
상장 (중견 확정),영화금속(주),00141413,303,30,,2차(2028),사업장 1곳,1254.0,C 상장 (중견 확정),자동차
상장 (중견 확정),주식회사 디에스단석,00108612,204,20,,비대상,사업장 1곳,1552.0,C 상장 (중견 확정),화학
상장 (중견 확정),한국무브넥스(주),00160418,303,30,,2차 후보(확인 필요),사업장 1곳,367.3333333333333,C 상장 (중견 확정),자동차
상장 (중견 확정),(주)이수화학                             ,00145552,20111,20,,비대상,업체,4783.333333333333,C 상장 (중견 확정),화학
상장 (중견 확정),(주)디엔오토모티브,00116949,28202,28,DN,비대상,사업장 1곳,741.6666666666666,C 상장 (중견 확정),전기장비
상장 (중견 확정),동화기업(주),00173032,16212,16,,비대상,사업장 1곳,2588.333333333333,C 상장 (중견 확정),목재
상장 (중견 확정),(주)원익아이피에스,01135941,292,29,원익,2차 후보(확인 필요),사업장 1곳,600.6666666666666,C 상장 (중견 확정),기타 기계
상장 (중견 확정),(주)후성,00595191,20129,20,,비대상,업체,797.0,C 상장 (중견 확정),화학
상장 (중견 확정),피아이첨단소재(주),00767460,2221,22,,비대상,사업장 1곳,1697.3333333333333,C 상장 (중견 확정),고무·플라스틱
상장 (중견 확정),(주)티엘비,00920379,2622,26,,비대상,사업장 1곳,459.0,C 상장 (중견 확정),전자부품·컴퓨터
상장 (중견 확정),(주)비에이치,00447609,2622,26,,비대상,사업장 1곳,363.3333333333333,C 상장 (중견 확정),전자부품·컴퓨터
상장 (중견 확정),평화산업(주),00573579,303,30,,"2차(2028, 제품명 확인)",사업장 1곳,652.0,C 상장 (중견 확정),자동차
상장 (중견 확정),동우팜투테이블,00228712,10121,10,,비대상,사업장 1곳,296.3333333333333,C 상장 (중견 확정),식료품
상장 (중견 확정),(주)와이엠,00140858,259,25,,2차 후보(확인 필요),사업장 1곳,356.3333333333333,C 상장 (중견 확정),금속가공
상장 (중견 확정),(주)경보제약,00101664,211,21,,비대상,사업장 1곳,280.6666666666667,C 상장 (중견 확정),의약
상장 (중견 확정),제이더블유생명과학(주),00225706,212,21,,비대상,사업장 1곳,571.3333333333334,C 상장 (중견 확정),의약
상장 (중견 확정),(주)켐트로닉스,00371485,204,20,,비대상,사업장 1곳,548.0,C 상장 (중견 확정),화학
상장 (중견 확정),(주)메디톡스,00580199,211,21,,비대상,사업장 1곳,333.5,C 상장 (중견 확정),의약
상장 (중견 확정),국도화학(주),00104388,20111,20,,비대상,사업장 1곳,1983.3333333333333,C 상장 (중견 확정),화학
상장 (중견 확정),(주)심텍,01095722,2622,26,,비대상,사업장 1곳,2271.6666666666665,C 상장 (중견 확정),전자부품·컴퓨터
상장 (중견 확정),조선내화 주식회사,01770203,2321,23,,비대상,사업장 1곳,362.0,C 상장 (중견 확정),비금속광물
상장 (중견 확정),하나머티리얼즈(주),00660750,2612,26,,비대상,사업장 1곳,504.6666666666667,C 상장 (중견 확정),전자부품·컴퓨터
상장 (중견 확정),(주)종근당바이오,00390055,212,21,,비대상,사업장 1곳,1907.0,C 상장 (중견 확정),의약
상장 (중견 확정),(주)대웅제약,00427483,212,21,,비대상,사업장 1곳,451.0,C 상장 (중견 확정),의약
상장 (중견 확정),하나마이크론(주),00445054,2611,26,,비대상,사업장 1곳,760.6666666666666,C 상장 (중견 확정),전자부품·컴퓨터
상장 (중견 확정),무림피앤피(주),00119007,171,17,,비대상,업체,13623.666666666666,C 상장 (중견 확정),펄프·종이
상장 (중견 확정),무림에스피(주),00121507,171,17,,비대상,사업장 1곳,934.6666666666666,C 상장 (중견 확정),펄프·종이
상장 (중견 확정),무림페이퍼(주),00136086,171,17,,비대상,업체,3473.333333333333,C 상장 (중견 확정),펄프·종이
상장 (중견 확정),에스티팜(주),00871833,212,21,,비대상,사업장 1곳,437.0,C 상장 (중견 확정),의약
상장 (중견 확정),해성디에스(주),01032413,262,26,,비대상,사업장 1곳,1469.0,C 상장 (중견 확정),전자부품·컴퓨터
상장 (중견 확정),대한제당(주),00113234,105,10,,비대상,사업장 1곳,1262.6666666666667,C 상장 (중견 확정),식료품
상장 (중견 확정),대상(주),00121941,108,10,,비대상,업체,9705.0,C 상장 (중견 확정),식료품
상장 (중견 확정),(주)조흥,00149345,108,10,,비대상,사업장 1곳,344.3333333333333,C 상장 (중견 확정),식료품
상장 (중견 확정),한국알콜산업(주),00158565,204,20,,비대상,사업장 1곳,1444.0,C 상장 (중견 확정),화학
상장 (중견 확정),에스엘(주),00125521,303,30,,2차 후보(확인 필요),사업장 1곳,1127.3333333333333,C 상장 (중견 확정),자동차
상장 (중견 확정),대한약품공업(주),00113128,212,21,,비대상,사업장 1곳,442.3333333333333,C 상장 (중견 확정),의약
상장 (중견 확정),(주)넥센,00167192,221,22,,비대상,사업장 1곳,354.3333333333333,C 상장 (중견 확정),고무·플라스틱
상장 (중견 확정),한솔테크닉스(주),00157399,26299,26,한솔,비대상,사업장 1곳,144.0,C 상장 (중견 확정),전자부품·컴퓨터
상장 (중견 확정),(주)종근당,00992871,212,21,,비대상,사업장 1곳,538.6666666666666,C 상장 (중견 확정),의약
상장 (중견 확정),에이치케이이노엔 주식회사,01012066,212,21,한국콜마,비대상,사업장 1곳,366.0,C 상장 (중견 확정),의약
상장 (중견 확정),대동기어(주),00109310,292,29,,2차 후보(확인 필요),사업장 1곳,313.0,C 상장 (중견 확정),기타 기계
상장 (중견 확정),서울반도체(주),00130763,2612,26,,비대상,사업장 1곳,128.0,C 상장 (중견 확정),전자부품·컴퓨터
상장 (중견 확정),(주)케이이씨,00589127,2612,26,,비대상,사업장 1곳,629.6666666666666,C 상장 (중견 확정),전자부품·컴퓨터
상장 (중견 확정),서울바이오시스(주),00488402,2612,26,,비대상,사업장 1곳,1143.6666666666667,C 상장 (중견 확정),전자부품·컴퓨터
상장 (중견 확정),(주)태경비케이,00122481,23312,23,,비대상,업체,2558.0,C 상장 (중견 확정),비금속광물
상장 (중견 확정),성일하이텍 주식회사,01274329,201,20,,비대상,사업장 1곳,544.0,C 상장 (중견 확정),화학
상장 (중견 확정),(주)엠에스씨,00121154,108,10,,비대상,사업장 1곳,581.6666666666666,C 상장 (중견 확정),식료품
상장 (중견 확정),KPX케미칼(주),00191472,20119,20,,비대상,사업장 1곳,762.6666666666666,C 상장 (중견 확정),화학
상장 (중견 확정),(주)이녹스첨단소재,01237540,2629,26,,비대상,사업장 1곳,546.3333333333334,C 상장 (중견 확정),전자부품·컴퓨터
상장 (중견 확정),신대양제지(주),00135777,172,17,,비대상,업체,2075.6666666666665,C 상장 (중견 확정),펄프·종이
상장 (중견 확정),티케이지휴켐스(주),00426086,2049,20,,비대상,업체,1492.3333333333333,C 상장 (중견 확정),화학
상장 (중견 확정),대한화섬(주),00113544,20501,20,태광,비대상,사업장 1곳,1020.3333333333334,C 상장 (중견 확정),화학
상장 (중견 확정),삼영전자공업(주),00127200,26291,26,,비대상,업체,895.0,C 상장 (중견 확정),전자부품·컴퓨터
상장 (중견 확정),그린케미칼(주),00454946,20421,20,,비대상,사업장 1곳,1187.6666666666667,C 상장 (중견 확정),화학
상장 (중견 확정),(주)보령,00123143,212,21,,비대상,사업장 1곳,304.0,C 상장 (중견 확정),의약
상장 (중견 확정),코스모화학(주),00160302,2049,20,,비대상,사업장 1곳,1600.6666666666667,C 상장 (중견 확정),화학
상장 (중견 확정),디와이피(주),00117726,301,30,,2차 후보(확인 필요),사업장 1곳,534.0,C 상장 (중견 확정),자동차
상장 (중견 확정),피케이씨(주),00122472,20131,20,,비대상,업체,4339.0,C 상장 (중견 확정),화학
상장 (중견 확정),한솔제지(주),01060744,171,17,한솔,비대상,업체,16056.666666666666,C 상장 (중견 확정),펄프·종이
상장 (중견 확정),주식회사 삼양패키징,01060814,22232,22,삼양,비대상,업체,2815.0,C 상장 (중견 확정),고무·플라스틱
상장 (중견 확정),(주)오리온,01238169,108,10,오리온,비대상,사업장 1곳,1469.6666666666667,C 상장 (중견 확정),식료품
상장 (중견 확정),코스모신소재(주),00129989,204,20,,비대상,사업장 1곳,880.3333333333334,C 상장 (중견 확정),화학
상장 (중견 확정),한국항공우주산업(주),00309503,31311,31,한국항공우주산업,비대상,사업장 1곳,1395.0,C 상장 (중견 확정),기타 운송장비
상장 (중견 확정),(주)티씨케이,00245472,23999,23,,비대상,사업장 1곳,713.0,C 상장 (중견 확정),비금속광물
상장 (중견 확정),일진전기(주),00683469,2830,28,,2차(2028),사업장 1곳,301.0,C 상장 (중견 확정),전기장비
상장 (중견 확정),미원스페셜티케미칼(주),01234297,201,20,,비대상,사업장 1곳,1367.6666666666667,C 상장 (중견 확정),화학
상장 (중견 확정),주식회사 에코프로머티리얼즈,01311408,28202,28,에코프로,비대상,사업장 1곳,1318.6666666666667,C 상장 (중견 확정),전기장비
상장 (중견 확정),태광산업(주),00153393,20501,20,태광,비대상,업체,12444.666666666666,C 상장 (중견 확정),화학
상장 (중견 확정),(주)녹십자,00129679,212,21,,비대상,사업장 1곳,1624.0,C 상장 (중견 확정),의약
상장 (중견 확정),케이지모빌리티(주),00138242,301,30,KG,2차 후보(확인 필요),업체,2360.333333333333,C 상장 (중견 확정),자동차
상장 (중견 확정),남양유업(주),00107598,104,10,,비대상,사업장 1곳,1803.0,C 상장 (중견 확정),식료품
상장 (중견 확정),(주)네오오토,00876865,303,30,,"2차(2028, 제품명 확인)",사업장 1곳,347.3333333333333,C 상장 (중견 확정),자동차
상장 (중견 확정),(주)한농화성,00160861,20421,20,,비대상,사업장 1곳,348.0,C 상장 (중견 확정),화학
상장 (중견 확정),(주)오뚜기,00141529,108,10,,비대상,사업장 1곳,1843.0,C 상장 (중견 확정),식료품
상장 (중견 확정),(주)빙그레,00124726,104,10,,비대상,업체,1172.3333333333333,C 상장 (중견 확정),식료품
상장 (중견 확정),솔브레인 주식회사,01489648,204,20,,비대상,업체,1118.5,C 상장 (중견 확정),화학
상장 (중견 확정),경창산업(주),00102353,30331,30,,"2차(2028, 제품명 확인)",사업장 1곳,470.6666666666667,C 상장 (중견 확정),자동차
상장 (중견 확정),(주)동성케미컬,00679314,20202,20,,비대상,사업장 1곳,576.3333333333334,C 상장 (중견 확정),화학
상장 (중견 확정),(주)엘앤에프,00398701,28202,28,,비대상,사업장 1곳,2911.333333333333,C 상장 (중견 확정),전기장비
상장 (중견 확정),대한제분(주),00113243,105,10,,비대상,사업장 1곳,445.3333333333333,C 상장 (중견 확정),식료품
상장 (중견 확정),율촌화학(주),00145260,22231,22,농심,비대상,사업장 1곳,1560.6666666666667,C 상장 (중견 확정),고무·플라스틱
상장 (중견 확정),(주)농심,00108241,108,10,농심,비대상,업체,3707.3333333333335,C 상장 (중견 확정),식료품
상장 (중견 확정),(주)에이프로젠바이오로직스,00101044,212,21,,비대상,사업장 1곳,433.6666666666667,C 상장 (중견 확정),의약
상장 (중견 확정),하이트진로(주),00150244,11122,11,하이트진로,비대상,업체,2166.6666666666665,C 상장 (중견 확정),음료
상장 (중견 확정),(주)한솔케미칼,00140955,20129,20,한솔,비대상,사업장 1곳,2907.333333333333,C 상장 (중견 확정),화학
상장 (중견 확정),(주)삼기,00799177,303,30,,"2차(2028, 제품명 확인)",사업장 1곳,1214.0,C 상장 (중견 확정),자동차
상장 (중견 확정),넥센타이어(주),00173874,221,22,,비대상,업체,4400.333333333333,C 상장 (중견 확정),고무·플라스틱
상장 (중견 확정),유니온머티리얼(주),00369833,23222,23,,비대상,사업장 1곳,756.6666666666666,C 상장 (중견 확정),비금속광물
상장 (중견 확정),(주)삼양사,00896285,108,10,삼양,비대상,업체,6158.666666666667,C 상장 (중견 확정),식료품
상장 (중견 확정),에이치엘만도(주),01042775,303,30,HL,"2차(2028, 제품명 확인)",사업장 1곳,1440.0,C 상장 (중견 확정),자동차
상장 (중견 확정),(주)이수페타시스,00107613,2622,26,,비대상,사업장 1곳,943.3333333333334,C 상장 (중견 확정),전자부품·컴퓨터
상장 (중견 확정),페이퍼코리아(주),00134723,171,17,,비대상,사업장 1곳,1499.3333333333333,C 상장 (중견 확정),펄프·종이
상장 (중견 확정),핸즈코퍼레이션(주),00119140,303,30,,"2차(2028, 제품명 확인)",사업장 1곳,1231.3333333333333,C 상장 (중견 확정),자동차
상장 (중견 확정),(주)서원,00131197,243,24,,2차 후보(확인 필요),사업장 1곳,239.5,C 상장 (중견 확정),1차금속
상장 (중견 확정),(주)대창,00112651,24221,24,,비대상,사업장 1곳,628.6666666666666,C 상장 (중견 확정),1차금속
상장 (중견 확정),에코플라스틱(주),00139153,30320,30,,2차 후보(확인 필요),사업장 1곳,366.3333333333333,C 상장 (중견 확정),자동차
상장 (중견 확정),(주)네패스,00227333,261,26,,비대상,사업장 1곳,326.3333333333333,C 상장 (중견 확정),전자부품·컴퓨터
상장 (중견 확정),동원시스템즈(주),00132637,222,22,동원,비대상,업체,4495.0,C 상장 (중견 확정),고무·플라스틱
상장 (중견 확정),한국제지(주),00133706,171,17,,비대상,업체,6223.666666666667,C 상장 (중견 확정),펄프·종이
상장 (중견 확정),케이지에코솔루션(주),00366137,302,30,KG,2차 후보(확인 필요),업체,28.0,C 상장 (중견 확정),자동차
상장 (중견 확정),세방전지(주),00133858,28202,28,,비대상,업체,2972.0,C 상장 (중견 확정),전기장비
상장 (중견 확정),(주)체리부로,00216434,10121,10,,비대상,사업장 1곳,311.0,C 상장 (중견 확정),식료품
상장 (중견 확정),(주)에스에프에이반도체,00301246,2611,26,,비대상,사업장 1곳,598.6666666666666,C 상장 (중견 확정),전자부품·컴퓨터
상장 (중견 확정),(주)한솔홈데코,00203582,161,16,한솔,비대상,사업장 1곳,1858.0,C 상장 (중견 확정),목재
상장 (중견 확정),(주)에코프로비엠,01160363,28202,28,에코프로,비대상,사업장 1곳,1965.3333333333333,C 상장 (중견 확정),전기장비
상장 (중견 확정),엘비세미콘(주),00412348,2612,26,,비대상,사업장 1곳,1298.3333333333333,C 상장 (중견 확정),전자부품·컴퓨터
상장 (중견 확정),삼양식품(주),00126955,108,10,,비대상,사업장 1곳,1553.6666666666667,C 상장 (중견 확정),식료품
상장 (중견 확정),미래나노텍(주),00526836,2229,22,,비대상,사업장 1곳,558.0,C 상장 (중견 확정),고무·플라스틱
상장 (중견 확정),대한조선 주식회사,00182696,3111,31,,비대상,사업장 1곳,802.0,C 상장 (중견 확정),기타 운송장비
상장 (중견 확정),(주)동진쎄미켐,00118804,20129,20,,비대상,사업장 1곳,556.3333333333334,C 상장 (중견 확정),화학
상장 (중견 확정),대한방직(주),00112970,132,13,,비대상,사업장 1곳,431.3333333333333,C 상장 (중견 확정),섬유
상장 (중견 확정),(주)와이지-원,00139719,25934,25,,비대상,사업장 1곳,344.0,C 상장 (중견 확정),금속가공
상장 (중견 확정),주성엔지니어링(주),00252135,29229,29,,2차 후보-약,사업장 1곳,313.3333333333333,C 상장 (중견 확정),기타 기계
상장 (중견 확정),(주)풍산,00684714,242,24,,비대상,업체,4867.666666666667,C 상장 (중견 확정),1차금속
상장 (중견 확정),미원상사(주),00121932,204,20,,비대상,사업장 1곳,941.6666666666666,C 상장 (중견 확정),화학
상장 (중견 확정),(주)케이씨,00209780,27216,27,,2차 후보-약,업체,2460.333333333333,C 상장 (중견 확정),의료·정밀
상장 (중견 확정),(주)디에이피,00303192,2622,26,대명화학,비대상,사업장 1곳,1626.6666666666667,C 상장 (중견 확정),전자부품·컴퓨터
상장 (중견 확정),(주)한창제지,00163761,171,17,,비대상,업체,2402.333333333333,C 상장 (중견 확정),펄프·종이
상장 (중견 확정),(주)피제이메탈,00829380,2429,24,,비대상,사업장 1곳,339.6666666666667,C 상장 (중견 확정),1차금속
상장 (중견 확정),매일유업 주식회사,01234507,104,10,,비대상,사업장 1곳,2208.6666666666665,C 상장 (중견 확정),식료품
상장 (중견 확정),금호타이어(주),00481454,221,22,,비대상,업체,4915.0,C 상장 (중견 확정),고무·플라스틱
상장 (중견 확정),(주)휴비스,00362238,20501,20,,비대상,업체,5840.666666666667,C 상장 (중견 확정),화학
상장 (중견 확정),애경케미칼(주),00936787,201,20,애경,비대상,업체,1780.3333333333333,C 상장 (중견 확정),화학
상장 (중견 확정),(주)인지디스플레이,00265421,26211,26,,비대상,사업장 1곳,415.0,C 상장 (중견 확정),전자부품·컴퓨터
상장 (중견 확정),한미약품(주),00828497,21212,21,,비대상,사업장 1곳,1339.3333333333333,C 상장 (중견 확정),의약
상장 (중견 확정),깨끗한나라(주),00113492,171,17,,비대상,업체,4233.0,C 상장 (중견 확정),펄프·종이
비상장 (규모 미판정),강남화성주식회사,00100425,20501,20,,비해당,사업장 1곳,310.6666666666667,C 비상장 (규모 미판정),화학
비상장 (규모 미판정),(주)경동원,00126618,23999,23,,비해당,사업장 1곳,165.5,C 비상장 (규모 미판정),비금속광물
비상장 (규모 미판정),경산제지(주),00211341,17105,17,,비해당,사업장 1곳,1097.6666666666667,C 비상장 (규모 미판정),펄프·종이
비상장 (규모 미판정),주식회사 경신전선,01150685,28302,28,,비해당,사업장 1곳,305.0,C 비상장 (규모 미판정),전기장비
비상장 (규모 미판정),경진단조(주),00485928,25912,25,,일부해당,사업장 1곳,292.5,C 비상장 (규모 미판정),금속가공
비상장 (규모 미판정),고려용접봉 주식회사,01605291,25944,25,,비해당,사업장 1곳,346.3333333333333,C 비상장 (규모 미판정),금속가공
비상장 (규모 미판정),(주) 고려제지,00219431,17105,17,,비해당,업체,3244.0,C 비상장 (규모 미판정),펄프·종이
비상장 (규모 미판정),주식회사 광주글로벌모터스,01434116,30,30,,비해당,사업장 1곳,403.0,C 비상장 (규모 미판정),자동차
비상장 (규모 미판정),금호미쓰이화학주식회사,00168447,20119,20,금호석유화학,비해당,사업장 1곳,3324.0,C 비상장 (규모 미판정),화학
비상장 (규모 미판정),금호폴리켐주식회사,00106386,20201,20,금호석유화학,비해당,업체,5403.333333333333,C 비상장 (규모 미판정),화학
비상장 (규모 미판정),금호피앤비화학(주),00106377,20119,20,금호석유화학,비해당,업체,10850.0,C 비상장 (규모 미판정),화학
비상장 (규모 미판정),나투라페이퍼(주),01295766,17102,17,,비해당,업체,1209.0,C 비상장 (규모 미판정),펄프·종이
비상장 (규모 미판정),남강제지주식회사,00180157,1710,17,,비해당,사업장 1곳,226.66666666666663,C 비상장 (규모 미판정),펄프·종이
비상장 (규모 미판정),주식회사 네패스 라웨,01484281,26112,26,,비해당,사업장 1곳,129.0,C 비상장 (규모 미판정),전자부품·컴퓨터
비상장 (규모 미판정),주식회사 녹수,00369073,22211,22,,비해당,사업장 1곳,471.6666666666667,C 비상장 (규모 미판정),고무·플라스틱
비상장 (규모 미판정),능원금속공업주식회사,00239693,24221,24,,비해당,사업장 1곳,478.3333333333333,C 비상장 (규모 미판정),1차금속
비상장 (규모 미판정),단일가스켐(주),00939720,20122,20,,비해당,사업장 1곳,882.5,C 비상장 (규모 미판정),화학
비상장 (규모 미판정),대구텍 주식회사,00259004,29223,29,,비해당,사업장 1곳,1034.0,C 비상장 (규모 미판정),기타 기계
비상장 (규모 미판정),(주)대농,00109107,13101,13,신영,비해당,사업장 1곳,108.0,C 비상장 (규모 미판정),섬유
비상장 (규모 미판정),주식회사대동세라믹,00867812,23232,23,,비해당,사업장 1곳,542.3333333333334,C 비상장 (규모 미판정),비금속광물
비상장 (규모 미판정),대성라임켐주식회사,01943137,23312,23,,비해당,업체,558.0,C 비상장 (규모 미판정),비금속광물
비상장 (규모 미판정),대성지엠텍주식회사,00763747,23312,23,,비해당,업체,318.6666666666667,C 비상장 (규모 미판정),비금속광물
비상장 (규모 미판정),대신염직공업주식회사,00110857,13402,13,,비해당,사업장 1곳,202.0,C 비상장 (규모 미판정),섬유
비상장 (규모 미판정),대양제지공업(주),00111227,1710,17,,비해당,업체,809.3333333333334,C 비상장 (규모 미판정),펄프·종이
비상장 (규모 미판정),(주)대욱케스트,00865461,24329,24,,비해당,사업장 1곳,294.3333333333333,C 비상장 (규모 미판정),1차금속
비상장 (규모 미판정),대원알텍 주식회사,01051409,30,30,,비해당,사업장 1곳,790.5,C 비상장 (규모 미판정),자동차
비상장 (규모 미판정),(주)대유코아,00443524,20122,20,,비해당,사업장 1곳,750.0,C 비상장 (규모 미판정),화학
비상장 (규모 미판정),주식회사 대천텍스타일,00971382,13403,13,,비해당,사업장 1곳,249.66666666666663,C 비상장 (규모 미판정),섬유
비상장 (규모 미판정),대한사료주식회사,00113012,1090,10,,비해당,사업장 1곳,243.0,C 비상장 (규모 미판정),식료품
비상장 (규모 미판정),주식회사 대한세라믹스,00192453,2321,23,,비해당,사업장 1곳,599.6666666666666,C 비상장 (규모 미판정),비금속광물
비상장 (규모 미판정),대한소결금속(주),00113067,25911,25,,일부해당,사업장 1곳,393.3333333333333,C 비상장 (규모 미판정),금속가공
비상장 (규모 미판정),대한슬래그 주식회사,00800163,23993,23,,비해당,사업장 1곳,543.3333333333334,C 비상장 (규모 미판정),비금속광물
비상장 (규모 미판정),대한제지주식회사,00113270,17102,17,,비해당,업체,2390.6666666666665,C 비상장 (규모 미판정),펄프·종이
비상장 (규모 미판정),주식회사 대화제지,00113836,1710,17,,비해당,사업장 1곳,6.0,C 비상장 (규모 미판정),펄프·종이
비상장 (규모 미판정),더블유스코프코리아(주),00601669,2221,22,,비해당,사업장 1곳,856.0,C 비상장 (규모 미판정),고무·플라스틱
비상장 (규모 미판정),도레이배터리세퍼레이터필름 한국유한회사,01490103,28202,28,,비해당,사업장 1곳,1935.3333333333333,C 비상장 (규모 미판정),전기장비
비상장 (규모 미판정),도레이비에스에프코팅한국 유한회사,01490112,28202,28,,비해당,사업장 1곳,429.3333333333333,C 비상장 (규모 미판정),전기장비
비상장 (규모 미판정),도레이첨단소재 주식회사,00300973,2221,22,,비해당,업체,12109.0,C 비상장 (규모 미판정),고무·플라스틱
비상장 (규모 미판정),주식회사 동방,00300247,21230,21,,비해당,사업장 1곳,827.6666666666666,C 비상장 (규모 미판정),의약
비상장 (규모 미판정),동서석유화학,00115986,20201,20,,비해당,업체,2205.333333333333,C 비상장 (규모 미판정),화학
비상장 (규모 미판정),동서식품 주식회사,00115995,10891,10,,비해당,사업장 1곳,2572.333333333333,C 비상장 (규모 미판정),식료품
비상장 (규모 미판정),동서페더럴모굴주식회사,00115922,30,30,,비해당,사업장 1곳,381.6666666666667,C 비상장 (규모 미판정),자동차
비상장 (규모 미판정),동성화학공업(주),00178657,20202,20,,비해당,사업장 1곳,238.0,C 비상장 (규모 미판정),화학
비상장 (규모 미판정),(주)동신포리마,00230133,22221,22,,비해당,사업장 1곳,775.6666666666666,C 비상장 (규모 미판정),고무·플라스틱
비상장 (규모 미판정),동아에코팩 주식회사,00135120,23192,23,,비해당,사업장 1곳,511.0,C 비상장 (규모 미판정),비금속광물
비상장 (규모 미판정),동우화인켐주식회사,00178897,20119,20,,비해당,업체,5395.0,C 비상장 (규모 미판정),화학
비상장 (규모 미판정),(주)동원F&B,00340917,108,10,동원,비해당,업체,1829.0,C 비상장 (규모 미판정),식료품
비상장 (규모 미판정),동원페이퍼(주),00428297,1721,17,글로벌세아,비해당,사업장 1곳,1476.6666666666667,C 비상장 (규모 미판정),펄프·종이
비상장 (규모 미판정),동은단조(주),00369754,25912,25,,일부해당,사업장 1곳,616.6666666666666,C 비상장 (규모 미판정),금속가공
비상장 (규모 미판정),동일팩키지(주),00574073,1721,17,,비해당,사업장 1곳,421.3333333333333,C 비상장 (규모 미판정),펄프·종이
비상장 (규모 미판정),동호칼슘(주),01553305,20129,20,,비해당,사업장 1곳,278.5,C 비상장 (규모 미판정),화학
비상장 (규모 미판정),동화지앤피(주),00164733,23192,23,,비해당,사업장 1곳,342.6666666666667,C 비상장 (규모 미판정),비금속광물
비상장 (규모 미판정),동희오토 주식회사,00442640,30121,30,,비해당,사업장 1곳,818.3333333333334,C 비상장 (규모 미판정),자동차
비상장 (규모 미판정),두원중공업 주식회사,00119724,30,30,,비해당,사업장 1곳,499.6666666666667,C 비상장 (규모 미판정),자동차
비상장 (규모 미판정),디아이지에어가스 주식회사,00110486,20122,20,,비해당,업체,17522.666666666668,C 비상장 (규모 미판정),화학
비상장 (규모 미판정),(주)디알액시온,00200442,30,30,,비해당,사업장 1곳,268.0,C 비상장 (규모 미판정),자동차
비상장 (규모 미판정),(주)로옴코리아,00120368,2612,26,,비해당,사업장 1곳,316.3333333333333,C 비상장 (규모 미판정),전자부품·컴퓨터
비상장 (규모 미판정),롯데이네오스화학 주식회사,00126238,20111,20,,비해당,업체,3455.0,C 비상장 (규모 미판정),화학
비상장 (규모 미판정),르노코리아 주식회사,00361105,30121,30,,비해당,사업장 1곳,1321.5,C 비상장 (규모 미판정),자동차
비상장 (규모 미판정),린데코리아 주식회사,00144261,20122,20,,비해당,업체,18792.0,C 비상장 (규모 미판정),화학
비상장 (규모 미판정),마이크로웍스 주식회사,01894752,22,22,,비해당,업체,3715.0,C 비상장 (규모 미판정),고무·플라스틱
비상장 (규모 미판정),마이크로웍스솔루션즈 주식회사,00648350,2221,22,,비해당,사업장 1곳,729.0,C 비상장 (규모 미판정),고무·플라스틱
비상장 (규모 미판정),매그나칩반도체 유한회사,01442090,26112,26,,비해당,업체,1384.6666666666667,C 비상장 (규모 미판정),전자부품·컴퓨터
비상장 (규모 미판정),(주)메타즈,00663304,25912,25,,일부해당,업체,216.33333333333331,C 비상장 (규모 미판정),금속가공
비상장 (규모 미판정),(주)면사랑,00301477,10,10,,비해당,사업장 1곳,561.6666666666666,C 비상장 (규모 미판정),식료품
비상장 (규모 미판정),명화공업(주),00121242,30,30,,비해당,사업장 1곳,834.3333333333334,C 비상장 (규모 미판정),자동차
비상장 (규모 미판정),(주)미래페이퍼,00368825,1710,17,,비해당,사업장 1곳,1026.0,C 비상장 (규모 미판정),펄프·종이
비상장 (규모 미판정),바스프퍼포먼스폴리아마이드코리아 주식회사,00299491,20202,20,,비해당,사업장 1곳,1523.0,C 비상장 (규모 미판정),화학
비상장 (규모 미판정),버슘머트리얼즈피엠코리아,01526772,20122,20,,비해당,사업장 1곳,461.0,C 비상장 (규모 미판정),화학
비상장 (규모 미판정),(주)베르상스퍼시픽,00628897,23192,23,,비해당,사업장 1곳,489.6666666666667,C 비상장 (규모 미판정),비금속광물
비상장 (규모 미판정),주식회사 베어링아트,00914828,30,30,일진글로벌,비해당,사업장 1곳,1260.6666666666667,C 비상장 (규모 미판정),자동차
비상장 (규모 미판정),베페사징크코리아주식회사,00758781,24213,24,,비해당,사업장 1곳,155.0,C 비상장 (규모 미판정),1차금속
비상장 (규모 미판정),볼보그룹코리아(주),00259341,29241,29,,비해당,사업장 1곳,350.6666666666667,C 비상장 (규모 미판정),기타 기계
비상장 (규모 미판정),브리티쉬아메리칸토바코코리아제조주식회사,00417501,12000,12,,비해당,사업장 1곳,441.6666666666667,C 비상장 (규모 미판정),담배
비상장 (규모 미판정),브이피에이치메탈 유한회사,01465569,30331,30,,비해당,사업장 1곳,581.3333333333334,C 비상장 (규모 미판정),자동차
비상장 (규모 미판정),비를라카본코리아 주식회사,00300317,20129,20,,비해당,업체,478.0,C 비상장 (규모 미판정),화학
비상장 (규모 미판정),(주)비엠금속,00405889,24311,24,,비해당,사업장 1곳,264.6666666666667,C 비상장 (규모 미판정),1차금속
비상장 (규모 미판정),비테스코 테크놀로지스 코리아 (주),00159120,27215,27,,비해당,사업장 1곳,348.6666666666667,C 비상장 (규모 미판정),의료·정밀
비상장 (규모 미판정),유한회사 사조씨피케이,00304580,10520,10,사조,비해당,업체,2361.0,C 비상장 (규모 미판정),식료품
비상장 (규모 미판정),삼남석유화학주식회사,00125284,20119,20,삼양,비해당,업체,2464.6666666666665,C 비상장 (규모 미판정),화학
비상장 (규모 미판정),주식회사 삼동,00199359,28302,28,,비해당,사업장 1곳,973.3333333333334,C 비상장 (규모 미판정),전기장비
비상장 (규모 미판정),삼신정밀(주),00351348,24312,24,,비해당,사업장 1곳,519.0,C 비상장 (규모 미판정),1차금속
비상장 (규모 미판정),삼양이노켐 주식회사,00875200,20119,20,삼양,비해당,사업장 1곳,1734.6666666666667,C 비상장 (규모 미판정),화학
비상장 (규모 미판정),삼양화성주식회사,00127079,20202,20,삼양,비해당,사업장 1곳,1850.6666666666667,C 비상장 (규모 미판정),화학
비상장 (규모 미판정),삼양화인테크놀로지주식회사,01027730,20111,20,삼양,비해당,사업장 1곳,362.0,C 비상장 (규모 미판정),화학
비상장 (규모 미판정),삼영산업(주),00127149,23232,23,,비해당,사업장 1곳,471.0,C 비상장 (규모 미판정),비금속광물
비상장 (규모 미판정),삼지금속공업주식회사,00622848,24213,24,,비해당,사업장 1곳,190.0,C 비상장 (규모 미판정),1차금속
비상장 (규모 미판정),(주)삼표산업,00999032,23322,23,삼표,비해당,업체,1552.0,C 비상장 (규모 미판정),비금속광물
비상장 (규모 미판정),(주)삼화양행,00181174,2622,26,,비해당,업체,1105.0,C 비상장 (규모 미판정),전자부품·컴퓨터
비상장 (규모 미판정),생고뱅이소바코리아 주식회사,00257981,2311,23,,비해당,사업장 1곳,755.6666666666666,C 비상장 (규모 미판정),비금속광물
비상장 (규모 미판정),(주)샤니,00130107,10602,10,,비해당,사업장 1곳,713.3333333333334,C 비상장 (규모 미판정),식료품
비상장 (규모 미판정),서영주정주식회사,00130471,11121,11,,비해당,사업장 1곳,411.3333333333333,C 비상장 (규모 미판정),음료
비상장 (규모 미판정),주식회사 서진캠,00361345,30,30,,비해당,사업장 1곳,245.0,C 비상장 (규모 미판정),자동차
비상장 (규모 미판정),서한이앤피,00799849,25912,25,,일부해당,사업장 1곳,1144.0,C 비상장 (규모 미판정),금속가공
비상장 (규모 미판정),선도화학(주),00407106,20122,20,,비해당,사업장 1곳,520.3333333333334,C 비상장 (규모 미판정),화학
비상장 (규모 미판정),성신씨엠 주식회사,00762368,23993,23,,비해당,사업장 1곳,369.3333333333333,C 비상장 (규모 미판정),비금속광물
비상장 (규모 미판정),성일요업주식회사,00193382,23232,23,,비해당,사업장 1곳,290.6666666666667,C 비상장 (규모 미판정),비금속광물
비상장 (규모 미판정),성창보드주식회사,00699530,16212,16,,비해당,사업장 1곳,607.3333333333334,C 비상장 (규모 미판정),목재
비상장 (규모 미판정),주식회사 세우,00182155,10831,10,농심,비해당,사업장 1곳,352.3333333333333,C 비상장 (규모 미판정),식료품
비상장 (규모 미판정),셰플러코리아 유한책임회사,00257662,29141,29,,비해당,사업장 1곳,1493.3333333333333,C 비상장 (규모 미판정),기타 기계
비상장 (규모 미판정),솔베이실리카코리아주식회사,00161657,20129,20,,비해당,사업장 1곳,740.6666666666666,C 비상장 (규모 미판정),화학
비상장 (규모 미판정),솔브레인에스엘디주식회사,00875042,2629,26,,비해당,사업장 1곳,602.6666666666666,C 비상장 (규모 미판정),전자부품·컴퓨터
비상장 (규모 미판정),송학제지주식회사,00298021,1721,17,,비해당,사업장 1곳,75.33333333333333,C 비상장 (규모 미판정),펄프·종이
비상장 (규모 미판정),스미토모세이카폴리머스코리아 주식회사,01098941,20202,20,,비해당,사업장 1곳,1473.6666666666667,C 비상장 (규모 미판정),화학
비상장 (규모 미판정),(유)스태츠칩팩코리아,00258971,26112,26,,비해당,사업장 1곳,1577.3333333333333,C 비상장 (규모 미판정),전자부품·컴퓨터
비상장 (규모 미판정),스템코(주),00225663,2611,26,,비해당,사업장 1곳,1020.0,C 비상장 (규모 미판정),전자부품·컴퓨터
비상장 (규모 미판정),신대양제지반월(주),01433393,17105,17,,비해당,사업장 1곳,958.6666666666666,C 비상장 (규모 미판정),펄프·종이
비상장 (규모 미판정),신대일페이퍼 주식회사,00454025,1721,17,,비해당,사업장 1곳,895.0,C 비상장 (규모 미판정),펄프·종이
비상장 (규모 미판정),(주)신동,00506522,30,30,,비해당,사업장 1곳,286.6666666666667,C 비상장 (규모 미판정),자동차
비상장 (규모 미판정),주식회사 신영포르투,01386299,16102,16,,비해당,사업장 1곳,823.6666666666666,C 비상장 (규모 미판정),목재
비상장 (규모 미판정),신창제지공업주식회사,00409007,17101,17,,비해당,사업장 1곳,575.3333333333334,C 비상장 (규모 미판정),펄프·종이
비상장 (규모 미판정),(주)신한중공업,01697034,31114,31,,비해당,사업장 1곳,235.0,C 비상장 (규모 미판정),기타 운송장비
비상장 (규모 미판정),(주)신화메탈,01875492,24311,24,,비해당,사업장 1곳,436.0,C 비상장 (규모 미판정),1차금속
비상장 (규모 미판정),주식회사 쌍용씨앤비,00571094,17902,17,,비해당,사업장 1곳,1257.3333333333333,C 비상장 (규모 미판정),펄프·종이
비상장 (규모 미판정),주식회사 씨이케이,01307858,23222,23,,비해당,업체,1292.5,C 비상장 (규모 미판정),비금속광물
비상장 (규모 미판정),주식회사 씨텍,01636413,27211,27,,비해당,업체,10434.333333333334,C 비상장 (규모 미판정),의료·정밀
비상장 (규모 미판정),아반스트레이트코리아(주),00544683,2312,23,,비해당,사업장 1곳,93.33333333333331,C 비상장 (규모 미판정),비금속광물
비상장 (규모 미판정),주식회사 아이유제지,01386934,17902,17,,비해당,사업장 1곳,270.3333333333333,C 비상장 (규모 미판정),펄프·종이
비상장 (규모 미판정),(주)아진피앤피,00139108,1721,17,,비해당,사업장 1곳,3323.6666666666665,C 비상장 (규모 미판정),펄프·종이
비상장 (규모 미판정),주식회사 알트론김제,00451295,30399,30,,비해당,사업장 1곳,290.0,C 비상장 (규모 미판정),자동차
비상장 (규모 미판정),주식회사 알트론전주,00766753,303,30,,비해당,사업장 1곳,321.0,C 비상장 (규모 미판정),자동차
비상장 (규모 미판정),앰코테크놀로지코리아(주),00301680,2611,26,,비해당,업체,6850.0,C 비상장 (규모 미판정),전자부품·컴퓨터
비상장 (규모 미판정),어프로티움(주),00184357,20122,20,,비해당,업체,3507.0,C 비상장 (규모 미판정),화학
비상장 (규모 미판정),에드워드 코리아 (주),00203874,29132,29,,비해당,사업장 1곳,257.0,C 비상장 (규모 미판정),기타 기계
비상장 (규모 미판정),에스앤에스아이앤씨(주),01939082,25912,25,,일부해당,사업장 1곳,375.5,C 비상장 (규모 미판정),금속가공
비상장 (규모 미판정),에스에스엘엠 주식회사,00881265,28202,28,,비해당,사업장 1곳,425.3333333333333,C 비상장 (규모 미판정),전기장비
비상장 (규모 미판정),에스엔에프코리아(주),00145589,20111,20,,비해당,사업장 1곳,968.6666666666666,C 비상장 (규모 미판정),화학
비상장 (규모 미판정),(주)에스제이금속,00605911,24311,24,,비해당,사업장 1곳,357.3333333333333,C 비상장 (규모 미판정),1차금속
비상장 (규모 미판정),에스케이스페셜티 주식회사,01602124,2012,20,,비해당,업체,5678.333333333333,C 비상장 (규모 미판정),화학
비상장 (규모 미판정),(유) 에스케이씨에보닉페록사이드코리아,01435452,20129,20,,비해당,사업장 1곳,773.0,C 비상장 (규모 미판정),화학
비상장 (규모 미판정),에스케이에코프라임 주식회사,01533444,20495,20,,비해당,업체,585.0,C 비상장 (규모 미판정),화학
비상장 (규모 미판정),에스케이엔무브 주식회사,00786711,192,19,,비해당,업체,6305.0,C 비상장 (규모 미판정),코크스·석유정제
비상장 (규모 미판정),에스파워 주식회사,01029774,2811,28,,비해당,업체,31182.0,C 비상장 (규모 미판정),전기장비
비상장 (규모 미판정),에스폼주식회사,00687438,24,24,,일부해당,사업장 1곳,0.0,C 비상장 (규모 미판정),1차금속
비상장 (규모 미판정),주식회사 에쓰큐씨,01657179,23993,23,,비해당,업체,0.0,C 비상장 (규모 미판정),비금속광물
비상장 (규모 미판정),에어리퀴드코리아 주식회사,00250094,20122,20,,비해당,업체,3028.0,C 비상장 (규모 미판정),화학
비상장 (규모 미판정),주식회사 에어퍼스트,00113003,20122,20,,비해당,업체,14019.0,C 비상장 (규모 미판정),화학
비상장 (규모 미판정),에어프로덕츠코리아주식회사,01177381,20122,20,,비해당,업체,16391.0,C 비상장 (규모 미판정),화학
비상장 (규모 미판정),에이에스이코리아 (주),00121367,2612,26,,비해당,사업장 1곳,2267.333333333333,C 비상장 (규모 미판정),전자부품·컴퓨터
비상장 (규모 미판정),에이지씨디스플레이글라스오창,00597560,23122,23,,비해당,사업장 1곳,262.3333333333333,C 비상장 (규모 미판정),비금속광물
비상장 (규모 미판정),에이지씨화인테크노한국(주),00535056,231,23,,비해당,업체,3809.6666666666665,C 비상장 (규모 미판정),비금속광물
비상장 (규모 미판정),에이치디현대미포 주식회사,00164609,3111,31,,비해당,업체,3009.0,C 비상장 (규모 미판정),기타 운송장비
비상장 (규모 미판정),에이치디현대인프라코어(주),00344287,29241,29,,비해당,사업장 1곳,1745.0,C 비상장 (규모 미판정),기타 기계
비상장 (규모 미판정),에이치에스지성동조선 주식회사,00496775,3111,31,,비해당,사업장 1곳,986.6666666666666,C 비상장 (규모 미판정),기타 운송장비
비상장 (규모 미판정),주식회사 에코라임,01872431,23312,23,,비해당,업체,527.3333333333334,C 비상장 (규모 미판정),비금속광물
비상장 (규모 미판정),주식회사 에코프로에이피,01534814,20122,20,에코프로,비해당,사업장 1곳,603.0,C 비상장 (규모 미판정),화학
비상장 (규모 미판정),(주)에코프로이노베이션,00965743,28202,28,에코프로,비해당,사업장 1곳,926.0,C 비상장 (규모 미판정),전기장비
비상장 (규모 미판정),주식회사 에코프로이엠,01535567,28202,28,에코프로,비해당,사업장 1곳,2062.6666666666665,C 비상장 (규모 미판정),전기장비
비상장 (규모 미판정),주식회사 엔아이티,01394119,29271,29,,비해당,업체,394.6666666666667,C 비상장 (규모 미판정),기타 기계
비상장 (규모 미판정),(주)엔이티,00939793,2812,28,,비해당,사업장 1곳,401.6666666666667,C 비상장 (규모 미판정),전기장비
비상장 (규모 미판정),주식회사 엘비루셈,00527011,2611,26,,비해당,사업장 1곳,439.0,C 비상장 (규모 미판정),전자부품·컴퓨터
비상장 (규모 미판정),엠이엠씨코리아주식회사,00155221,2612,26,,비해당,사업장 1곳,2440.333333333333,C 비상장 (규모 미판정),전자부품·컴퓨터
비상장 (규모 미판정),여천NCC(주),00278373,20111,20,,비해당,업체,70475.66666666667,C 비상장 (규모 미판정),화학
비상장 (규모 미판정),주식회사 영신물산,00215639,13402,13,,비해당,사업장 1곳,203.33333333333331,C 비상장 (규모 미판정),섬유
비상장 (규모 미판정),오뚜기라면 주식회사,01582556,10,10,,비해당,업체,958.0,C 비상장 (규모 미판정),식료품
비상장 (규모 미판정),오라이온코리아 주식회사,00257617,20129,20,,비해당,업체,878.0,C 비상장 (규모 미판정),화학
비상장 (규모 미판정),(주)오미아코리아,00158820,20129,20,,비해당,사업장 1곳,917.3333333333334,C 비상장 (규모 미판정),화학
비상장 (규모 미판정),오비맥주주식회사,00254911,11112,11,,비해당,사업장 1곳,1916.3333333333333,C 비상장 (규모 미판정),음료
비상장 (규모 미판정),(주)오영,00141893,20132,20,,비해당,사업장 1곳,297.0,C 비상장 (규모 미판정),화학
비상장 (규모 미판정),오케이에프음료주식회사,00820909,11209,11,,비해당,사업장 1곳,381.0,C 비상장 (규모 미판정),음료
비상장 (규모 미판정),온세미컨덕터코리아(주),00262293,2612,26,,비해당,업체,3077.6666666666665,C 비상장 (규모 미판정),전자부품·컴퓨터
비상장 (규모 미판정),주식회사 온셀텍,00811752,26211,26,,비해당,사업장 1곳,634.3333333333334,C 비상장 (규모 미판정),전자부품·컴퓨터
비상장 (규모 미판정),Y & T파워텍주식회사,00476647,30,30,,비해당,사업장 1곳,374.6666666666667,C 비상장 (규모 미판정),자동차
비상장 (규모 미판정),용산케미칼 주식회사,00109116,20119,20,,비해당,사업장 1곳,878.5,C 비상장 (규모 미판정),화학
비상장 (규모 미판정),주식회사 우룡,00416849,233,23,,일부해당,업체,721.3333333333334,C 비상장 (규모 미판정),비금속광물
비상장 (규모 미판정),(주)우성염직,00303129,13401,13,,비해당,사업장 1곳,196.0,C 비상장 (규모 미판정),섬유
비상장 (규모 미판정),(주)우익반도체,00618003,26321,26,,비해당,사업장 1곳,628.3333333333334,C 비상장 (규모 미판정),전자부품·컴퓨터
비상장 (규모 미판정),우지막코리아주식회사,00586014,26299,26,,비해당,사업장 1곳,111.5,C 비상장 (규모 미판정),전자부품·컴퓨터
비상장 (규모 미판정),울산피피주식회사,01373480,20202,20,,비해당,사업장 1곳,1190.6666666666667,C 비상장 (규모 미판정),화학
비상장 (규모 미판정),원강산업 주식회사,00609111,29141,29,,비해당,업체,439.0,C 비상장 (규모 미판정),기타 기계
비상장 (규모 미판정),유한킴벌리 주식회사,00145136,17902,17,,비해당,업체,3979.3333333333335,C 비상장 (규모 미판정),펄프·종이
비상장 (규모 미판정),(주)유한화학,00145145,21100,21,,비해당,사업장 1곳,370.0,C 비상장 (규모 미판정),의약
비상장 (규모 미판정),이누스 주식회사,01494561,23232,23,,비해당,사업장 1곳,782.0,C 비상장 (규모 미판정),비금속광물
비상장 (규모 미판정),이스트만화이버코리아 주식회사,00822581,205,20,,비해당,사업장 1곳,524.3333333333334,C 비상장 (규모 미판정),화학
비상장 (규모 미판정),인프라에어홀딩스(주),01726345,20122,20,,비해당,업체,5576.666666666667,C 비상장 (규모 미판정),화학
비상장 (규모 미판정),(주)일강,00572279,30,30,,비해당,사업장 1곳,411.5,C 비상장 (규모 미판정),자동차
비상장 (규모 미판정),일산실업 주식회사,00146144,11121,11,,비해당,사업장 1곳,390.0,C 비상장 (규모 미판정),음료
비상장 (규모 미판정),(주)일진글로벌,01412877,30,30,일진글로벌,비해당,사업장 1곳,2397.6666666666665,C 비상장 (규모 미판정),자동차
비상장 (규모 미판정),재원산업주식회사,00239842,20111,20,,비해당,사업장 1곳,649.0,C 비상장 (규모 미판정),화학
비상장 (규모 미판정),전기초자코리아 주식회사,00960988,2312,23,,비해당,업체,697.0,C 비상장 (규모 미판정),비금속광물
비상장 (규모 미판정),주식회사 전주페이퍼,01423891,17102,17,글로벌세아,비해당,업체,8971.0,C 비상장 (규모 미판정),펄프·종이
비상장 (규모 미판정),주식회사 정선라임,01028456,23312,23,,비해당,사업장 1곳,252.66666666666663,C 비상장 (규모 미판정),비금속광물
비상장 (규모 미판정),주식회사 정·식품,00147657,11209,11,,비해당,사업장 1곳,361.6666666666667,C 비상장 (규모 미판정),음료
비상장 (규모 미판정),제이셋스태츠칩팩코리아(유),01463659,26112,26,,비해당,사업장 1곳,1990.0,C 비상장 (규모 미판정),전자부품·컴퓨터
비상장 (규모 미판정),(주)젤텍,00358396,20493,20,,비해당,사업장 1곳,479.3333333333333,C 비상장 (규모 미판정),화학
비상장 (규모 미판정),존슨일렉트릭오퍼레이션스 주식회사,00658287,25911,25,,일부해당,사업장 1곳,333.3333333333333,C 비상장 (규모 미판정),금속가공
비상장 (규모 미판정),주식회사 중일,00206288,24213,24,,비해당,사업장 1곳,294.6666666666667,C 비상장 (규모 미판정),1차금속
비상장 (규모 미판정),(주)지엠씨,00657358,20129,20,,비해당,사업장 1곳,290.0,C 비상장 (규모 미판정),화학
비상장 (규모 미판정),진영페이퍼 주식회사,00495101,1710,17,,비해당,사업장 1곳,870.6666666666666,C 비상장 (규모 미판정),펄프·종이
비상장 (규모 미판정),(주)진합,00150749,259,25,,일부해당,사업장 1곳,546.6666666666666,C 비상장 (규모 미판정),금속가공
비상장 (규모 미판정),주식회사 진흥주물,00249113,24311,24,,비해당,사업장 1곳,537.0,C 비상장 (규모 미판정),1차금속
비상장 (규모 미판정),주식회사 참프레,00916701,10121,10,,비해당,사업장 1곳,844.0,C 비상장 (규모 미판정),식료품
비상장 (규모 미판정),천일제지주식회사,00186203,1710,17,,비해당,사업장 1곳,870.6666666666666,C 비상장 (규모 미판정),펄프·종이
비상장 (규모 미판정),(주)충무화학,00233617,23312,23,,비해당,업체,625.6666666666666,C 비상장 (규모 미판정),비금속광물
비상장 (규모 미판정),(주)카길애그리퓨리나,00155814,1090,10,,비해당,사업장 1곳,441.0,C 비상장 (규모 미판정),식료품
비상장 (규모 미판정),주식회사 카펙발레오,00207667,30331,30,,비해당,사업장 1곳,436.3333333333333,C 비상장 (규모 미판정),자동차
비상장 (규모 미판정),(주)카프로,00159810,20119,20,,비해당,업체,495.6666666666667,C 비상장 (규모 미판정),화학
비상장 (규모 미판정),케이브이머티리얼즈(주),01519602,26293,26,,비해당,사업장 1곳,423.0,C 비상장 (규모 미판정),전자부품·컴퓨터
비상장 (규모 미판정),KC글라스(주),00139311,23192,23,,비해당,사업장 1곳,654.3333333333334,C 비상장 (규모 미판정),비금속광물
비상장 (규모 미판정),케이알코폴리머(유),00367853,20202,20,,비해당,사업장 1곳,381.3333333333333,C 비상장 (규모 미판정),화학
비상장 (규모 미판정),케이에이에프주식회사,01393855,20501,20,,비해당,사업장 1곳,386.3333333333333,C 비상장 (규모 미판정),화학
비상장 (규모 미판정),(주)케이에프엔티,00472571,20501,20,,비해당,사업장 1곳,425.5,C 비상장 (규모 미판정),화학
비상장 (규모 미판정),케이오씨(주),00158866,20129,20,,비해당,사업장 1곳,863.0,C 비상장 (규모 미판정),화학
비상장 (규모 미판정),(주) 케이원전자,00387024,26292,26,,비해당,사업장 1곳,455.6666666666667,C 비상장 (규모 미판정),전자부품·컴퓨터
비상장 (규모 미판정),주식회사 케이조선,00109453,3111,31,,비해당,사업장 1곳,1209.6666666666667,C 비상장 (규모 미판정),기타 운송장비
비상장 (규모 미판정),주식회사 코넥,00524272,24321,24,,비해당,사업장 1곳,685.3333333333334,C 비상장 (규모 미판정),1차금속
비상장 (규모 미판정),코닝정밀소재 주식회사,00222781,2312,23,,비해당,업체,9974.333333333334,C 비상장 (규모 미판정),비금속광물
비상장 (규모 미판정),(주)코다코,00295857,303,30,,비해당,사업장 1곳,830.6666666666666,C 비상장 (규모 미판정),자동차
비상장 (규모 미판정),코리아피티지(주),00269782,20111,20,,비해당,사업장 1곳,920.0,C 비상장 (규모 미판정),화학
비상장 (규모 미판정),코오롱이앤피(주),00241005,20202,20,,비해당,업체,2125.0,C 비상장 (규모 미판정),화학
비상장 (규모 미판정),크나우프석고보드 주식회사,00255682,23323,23,,비해당,업체,2086.333333333333,C 비상장 (규모 미판정),비금속광물
비상장 (규모 미판정),유한회사 클라리오스델코,00157131,30,30,,비해당,사업장 1곳,1044.0,C 비상장 (규모 미판정),자동차
비상장 (규모 미판정),타타대우모빌리티 주식회사 ,00446868,30123,30,,비해당,사업장 1곳,309.5,C 비상장 (규모 미판정),자동차
비상장 (규모 미판정),태림페이퍼(주),00118460,1710,17,글로벌세아,비해당,업체,5906.666666666667,C 비상장 (규모 미판정),펄프·종이
비상장 (규모 미판정),(주)태영열처리,01038310,25921,25,,비해당,사업장 1곳,294.0,C 비상장 (규모 미판정),금속가공
비상장 (규모 미판정),주식회사 태평양금속,00154301,28909,28,,비해당,사업장 1곳,700.0,C 비상장 (규모 미판정),전기장비
비상장 (규모 미판정),티케이지에코머티리얼 주식회사,01021408,22214,22,,비해당,사업장 1곳,147.5,C 비상장 (규모 미판정),고무·플라스틱
비상장 (규모 미판정),(주)파리크라상,01995325,1060,10,,비해당,사업장 1곳,419.6666666666667,C 비상장 (규모 미판정),식료품
비상장 (규모 미판정),파워마스터반도체주식회사,01465189,26129,26,,비해당,사업장 1곳,376.0,C 비상장 (규모 미판정),전자부품·컴퓨터
비상장 (규모 미판정),파인트리포스마그네슘 주식회사,01448164,24229,24,,비해당,사업장 1곳,70.0,C 비상장 (규모 미판정),1차금속
비상장 (규모 미판정),파주전기초자(주),00567790,2312,23,,비해당,사업장 1곳,410.3333333333333,C 비상장 (규모 미판정),비금속광물
비상장 (규모 미판정),팔미금속공업(주),00232380,24312,24,,비해당,사업장 1곳,303.0,C 비상장 (규모 미판정),1차금속
비상장 (규모 미판정),평화오일씰공업(주),00155133,30,30,,비해당,사업장 1곳,322.0,C 비상장 (규모 미판정),자동차
비상장 (규모 미판정),(주)포레스코,00605814,16212,16,,비해당,사업장 1곳,770.3333333333334,C 비상장 (규모 미판정),목재
비상장 (규모 미판정),폴리미래 주식회사,00372703,20202,20,,비해당,사업장 1곳,1848.3333333333333,C 비상장 (규모 미판정),화학
비상장 (규모 미판정),(주)풍전비철,00363909,2421,24,,일부해당,사업장 1곳,346.0,C 비상장 (규모 미판정),1차금속
비상장 (규모 미판정),주식회사 퓨렉스,00812867,2612,26,,비해당,사업장 1곳,336.0,C 비상장 (규모 미판정),전자부품·컴퓨터
비상장 (규모 미판정),주식회사 피앤오케미칼,01492031,20129,20,,비해당,사업장 1곳,912.3333333333334,C 비상장 (규모 미판정),화학
비상장 (규모 미판정),주식회사 피엔디티,00962791,30,30,,비해당,사업장 1곳,345.3333333333333,C 비상장 (규모 미판정),자동차
비상장 (규모 미판정),피유코어 주식회사,01069639,20111,20,,비해당,사업장 1곳,537.0,C 비상장 (규모 미판정),화학
비상장 (규모 미판정),주식회사 피케이엘,00222213,26299,26,,비해당,사업장 1곳,330.0,C 비상장 (규모 미판정),전자부품·컴퓨터
비상장 (규모 미판정),주식회사 필맥스,00477938,2221,22,,비해당,사업장 1곳,418.6666666666667,C 비상장 (규모 미판정),고무·플라스틱
비상장 (규모 미판정),하이트진로산업 주식회사,00270256,23192,23,하이트진로,비해당,사업장 1곳,479.0,C 비상장 (규모 미판정),비금속광물
비상장 (규모 미판정),(주)하이호휠,00406949,30,30,,비해당,사업장 1곳,518.3333333333334,C 비상장 (규모 미판정),자동차
비상장 (규모 미판정),한국경남태양유전(주),00334721,26291,26,,비해당,사업장 1곳,1780.0,C 비상장 (규모 미판정),전자부품·컴퓨터
비상장 (규모 미판정),한국니토옵티칼(주),00379928,22,22,,비해당,사업장 1곳,647.0,C 비상장 (규모 미판정),고무·플라스틱
비상장 (규모 미판정),한국바스프 주식회사,00162300,20111,20,,비해당,업체,9604.333333333334,C 비상장 (규모 미판정),화학
비상장 (규모 미판정),한국알루미나,00766832,2321,23,,비해당,사업장 1곳,239.0,C 비상장 (규모 미판정),비금속광물
비상장 (규모 미판정),주식회사 한국알스트롬,00158556,17909,17,,비해당,사업장 1곳,617.6666666666666,C 비상장 (규모 미판정),펄프·종이
비상장 (규모 미판정),한국야금(주),00158617,25934,25,,비해당,사업장 1곳,335.5,C 비상장 (규모 미판정),금속가공
비상장 (규모 미판정),한국엔에스케이 (주),00159324,29141,29,,비해당,사업장 1곳,393.6666666666667,C 비상장 (규모 미판정),기타 기계
비상장 (규모 미판정),한국엔지니어링플라스틱(주),00158723,20202,20,,비해당,업체,3324.0,C 비상장 (규모 미판정),화학
비상장 (규모 미판정),한국이네오스스티롤루션 주식회사,00875680,20202,20,,비해당,사업장 1곳,1637.0,C 비상장 (규모 미판정),화학
비상장 (규모 미판정),한국지엠 (주),00426873,30121,30,한국지엠,비해당,업체,4862.333333333333,C 비상장 (규모 미판정),자동차
비상장 (규모 미판정),한미정밀화학주식회사,00161453,212,21,,비해당,사업장 1곳,324.3333333333333,C 비상장 (규모 미판정),의약
비상장 (규모 미판정),한세모빌리티 주식회사,01265288,30,30,,비해당,사업장 1곳,485.0,C 비상장 (규모 미판정),자동차
비상장 (규모 미판정),한솔페이퍼텍(주),00364263,17105,17,한솔,비해당,사업장 1곳,1212.6666666666667,C 비상장 (규모 미판정),펄프·종이
비상장 (규모 미판정),(주)한양에스앤씨,00697037,3020,30,,비해당,사업장 1곳,340.0,C 비상장 (규모 미판정),자동차
비상장 (규모 미판정),한전원자력연료(주),00160515,20129,20,,비해당,사업장 1곳,437.0,C 비상장 (규모 미판정),화학
비상장 (규모 미판정),주식회사 한진,01217139,1340,13,,비해당,업체,1630.3333333333333,C 비상장 (규모 미판정),섬유
비상장 (규모 미판정),한황산업주식회사,00203087,24311,24,,비해당,사업장 1곳,749.0,C 비상장 (규모 미판정),1차금속
비상장 (규모 미판정),핸즈식스 주식회사,00951795,303,30,,비해당,사업장 1곳,1437.0,C 비상장 (규모 미판정),자동차
비상장 (규모 미판정),허드슨첨단소재코리아 주식회사,02029629,26211,26,,비해당,사업장 1곳,762.0,C 비상장 (규모 미판정),전자부품·컴퓨터
비상장 (규모 미판정),현대성우쏠라이트(주),01099560,30,30,,비해당,사업장 1곳,833.6666666666666,C 비상장 (규모 미판정),자동차
비상장 (규모 미판정),현대성우캐스팅(주),01099551,30,30,,비해당,업체,3862.6666666666665,C 비상장 (규모 미판정),자동차
비상장 (규모 미판정),(주)현대엔지니어링,01229727,29271,29,,비해당,사업장 1곳,650.0,C 비상장 (규모 미판정),기타 기계
비상장 (규모 미판정),현대종합금속(주),00164797,2599,25,,일부해당,사업장 1곳,372.0,C 비상장 (규모 미판정),금속가공
비상장 (규모 미판정),홍원제지(주),00165769,1710,17,,비해당,사업장 1곳,1371.5,C 비상장 (규모 미판정),펄프·종이
비상장 (규모 미판정),주식회사 화승케미칼,01283451,22212,22,,비해당,사업장 1곳,513.3333333333334,C 비상장 (규모 미판정),고무·플라스틱
비상장 (규모 미판정),희성촉매주식회사,00158732,30,30,희성,비해당,사업장 1곳,491.0,C 비상장 (규모 미판정),자동차
