kets_code,kets_name,kets_ksic,corp_code,dart_name,last_filing,n_biz_report,n_audit_report,fin_source,audit_report_nm,audit_rcept_dt,audit_url,fin_year,rev_t,rev_t1,rev_t2,assets_t,size_class,rev_t_eok,rev_t1_eok,rev_t2_eok,assets_t_eok
I0024170001,와이케이스틸(주),24121,01507148,와이케이스틸 주식회사,20260319,0,4,감사보고서 수기 입력 필요,감사보고서 (2025.12),20260319,https://dart.fss.or.kr/dsaf001/main.do?rcpNo=20260319000419,,,,,,,,,,
I0700100001,대한시멘트주식회사,23311,00950705,대한시멘트 주식회사,20260330,0,8,감사보고서 수기 입력 필요,감사보고서 (2025.12),20260330,https://dart.fss.or.kr/dsaf001/main.do?rcpNo=20260330001518,,,,,,,,,,
I0700100007,한라시멘트주식회사,23311,00257219,한라시멘트(주),20260331,0,4,감사보고서 수기 입력 필요,감사보고서 (2025.12),20260331,https://dart.fss.or.kr/dsaf001/main.do?rcpNo=20260331001063,,,,,,,,,,
I0700100010,쌍용씨앤이(주),23311,00138224,쌍용씨앤이주식회사,20260814,5,0,DART 사업보고서(API),,,,2025.0,111599596977.0,0.0,,3771680908347.0,중견,1116.0,0.0,,37717.0
I0700100016,한국씨엔티(주),23311,00156637,한국씨엔티(주),20260324,0,8,감사보고서 수기 입력 필요,감사보고서 (2025.12),20260324,https://dart.fss.or.kr/dsaf001/main.do?rcpNo=20260324000081,,,,,,,,,,
I0700100019,한일현대시멘트 주식회사,23311,00164672,한일현대시멘트(주),20250813,3,0,DART 사업보고서(API),,,,2024.0,513367579551.0,504671276477.0,471150173575.0,906227621119.0,중견,5134.0,5047.0,4712.0,9062.0
I0700100020,광진산업(주),23311,00960526,광진산업주식회사,20260414,0,4,감사보고서 수기 입력 필요,감사보고서 (2025.12),20260414,https://dart.fss.or.kr/dsaf001/main.do?rcpNo=20260414002640,,,,,,,,,,
I0800100020,주식회사 디비메탈,24113,00652016,주식회사 디비메탈,20250514,3,0,DART 사업보고서(API),,,,2024.0,145551025409.0,372648932106.0,670931703730.0,192892654115.0,중견,1456.0,3726.0,6709.0,1929.0
I0800100026,한국제강 주식회사,24112,01007408,한국제강주식회사,20260427,0,8,감사보고서 수기 입력 필요,연결감사보고서 (2025.12),20260427,https://dart.fss.or.kr/dsaf001/main.do?rcpNo=20260427000674,,,,,,,,,,
I0800100033,홍덕산업(주),24123,00935627,홍덕산업(주),20260430,0,8,감사보고서 수기 입력 필요,연결감사보고서 (2025.12),20260430,https://dart.fss.or.kr/dsaf001/main.do?rcpNo=20260430000293,,,,,,,,,,
I0800100034,환영철강공업,24112,00166546,환영철강공업(주),20260814,5,0,DART 사업보고서(API),,,,2025.0,377242264933.0,455790641144.0,705687784506.0,719605962789.0,중견,3772.0,4558.0,7057.0,7196.0
I0800120045,디케이동신(주),24191,00760069,디케이동신주식회사,20260316,0,4,감사보고서 수기 입력 필요,감사보고서 (2025.12),20260316,https://dart.fss.or.kr/dsaf001/main.do?rcpNo=20260316000184,,,,,,,,,,
I0800120050,진양특수강(주),24121,00150466,진양특수강(주),20260331,0,4,감사보고서 수기 입력 필요,감사보고서 (2025.12),20260331,https://dart.fss.or.kr/dsaf001/main.do?rcpNo=20260331004512,,,,,,,,,,
I0800120052,고려강선(주),24123,00102672,고려강선 주식회사,20260402,0,4,감사보고서 수기 입력 필요,감사보고서 (2025.12),20260402,https://dart.fss.or.kr/dsaf001/main.do?rcpNo=20260402003209,,,,,,,,,,
I0800140083,일진제강(주),24132,00146658,일진제강(주),20260413,0,8,감사보고서 수기 입력 필요,감사보고서 (2025.12),20260413,https://dart.fss.or.kr/dsaf001/main.do?rcpNo=20260413001676,,,,,,,,,,
I0800170097,주식회사 심팩인더스트리,24113,00123648,(주)심팩인더스트리,20260330,0,4,감사보고서 수기 입력 필요,감사보고서 (2025.12),20260330,https://dart.fss.or.kr/dsaf001/main.do?rcpNo=20260330001257,,,,,,,,,,
I0900100002,노벨리스코리아 주식회사,24222,00276117,노벨리스코리아 주식회사,20260703,0,4,감사보고서 수기 입력 필요,감사보고서 (2026.03),20260703,https://dart.fss.or.kr/dsaf001/main.do?rcpNo=20260703000645,,,,,,,,,,
I0900100011,성훈엔지니어링주식회사,24212,00205386,성훈엔지니어링주식회사,20260410,0,4,감사보고서 수기 입력 필요,감사보고서 (2025.12),20260410,https://dart.fss.or.kr/dsaf001/main.do?rcpNo=20260410000886,,,,,,,,,,
I0900110019,주식회사 세진메탈,24212,00441410,(주)세진메탈,20260402,0,4,감사보고서 수기 입력 필요,감사보고서 (2025.12),20260402,https://dart.fss.or.kr/dsaf001/main.do?rcpNo=20260402001164,,,,,,,,,,
I0900110020,하이호경금속 주식회사,24212,00766814,하이호경금속주식회사,20260402,0,4,감사보고서 수기 입력 필요,감사보고서 (2025.12),20260402,https://dart.fss.or.kr/dsaf001/main.do?rcpNo=20260402000938,,,,,,,,,,
I0900140049,울산알루미늄 주식회사,24212,01319996,울산알루미늄 주식회사,20260703,0,4,감사보고서 수기 입력 필요,감사보고서 (2026.03),20260703,https://dart.fss.or.kr/dsaf001/main.do?rcpNo=20260703000011,,,,,,,,,,
I1000100018,한일제관(주),25991,00163169,한일제관(주),20260401,0,8,감사보고서 수기 입력 필요,연결감사보고서 (2025.12),20260401,https://dart.fss.or.kr/dsaf001/main.do?rcpNo=20260401001124,,,,,,,,,,
I1000200069,현대아이에프씨 주식회사,24112,01467460,현대아이에프씨 주식회사,20260320,0,4,감사보고서 수기 입력 필요,감사보고서 (2025.12),20260320,https://dart.fss.or.kr/dsaf001/main.do?rcpNo=20260320000515,,,,,,,,,,
