source,corp_code,name,kets_name,ksic,kets_member,ftc_group,rev_avg_eok,it_spend_eok,note,rcept_no,kets_ksic,ksic_used,type_by_code,report_used,report_ok,kw_전기로,kw_유도로,kw_용해로,kw_합금철,kw_소성로,kw_가열로,kw_가공,check,night_reported,parent_note,energy_tj_avg
상장(cbam),00132318,(주)성광벤드,,24133,False,,2164.0,,,20260708000008,,24133,가공형,사업보고서 (cbam),True,0,0,0,0,0,0,1,,,,
상장(cbam),00148595,(주)제일테크노스,,2511,False,,1765.0,,,20260320000688,,2511,가공형(금속가공),사업보고서 (cbam),True,0,0,0,0,0,0,8,,,,
상장(cbam),00101220,KG케미칼(주),케이지케미칼 주식회사,201,True,KG,2118.0,,,20260323001613,20311,20311,비료·화학,사업보고서 (cbam),True,0,0,0,0,0,0,36,,,,432.0
상장(cbam),00132804,성신양회(주),성신양회(주),23311,True,,6991.0,17.4,,20260318001369,23311,23311,시멘트,사업보고서 (cbam),True,0,0,0,0,5,0,0,,,,24956.0
상장(cbam),00990165,아세아시멘트(주),아세아시멘트 주식회사,23311,True,,5086.0,14.3,,20260318001310,23311,23311,시멘트,사업보고서 (cbam),True,0,0,0,0,0,0,4,,,,14250.0
상장(cbam),00105299,금강공업(주),,2413,False,,3151.0,,,20260312000935,,2413,가공형,사업보고서 (cbam),True,0,0,0,0,0,0,35,,,,245.0
상장(cbam),00112721,(주)대창스틸,,24122,False,,3650.0,0.6,,20260323000588,,24122,가공형,사업보고서 (cbam),True,1,0,0,0,0,0,89,,,,
상장(cbam),00123781,부국철강(주),,2413,False,,1844.0,,,20260318000484,,2413,가공형,사업보고서 (cbam),True,1,0,0,0,0,0,9,,,,
상장(cbam),00125646,삼목에스폼(주),삼목에스폼(주),2511,True,,3257.0,5.4,,20260323001658,24290,24290,가공형,사업보고서 (cbam),True,0,0,0,0,0,0,7,,,,660.0
상장(cbam),00186717,(주)태양,,25991,False,,1494.0,,,20260319000357,,25991,가공형(금속가공),사업보고서 (cbam),True,0,0,0,0,0,0,2,,,,
상장(cbam),00109587,(주)대륙제관,,25991,False,,2708.0,,,20260319000299,,25991,가공형(금속가공),사업보고서 (cbam),True,0,0,0,0,0,0,10,,,,
상장(cbam),00435312,(주)하이스틸,,2413,False,,2516.0,,,20260310002913,,2413,가공형,사업보고서 (cbam),True,0,0,0,0,0,0,4,,,,
상장(cbam),00138260,(주)SIMPAC,(주)SIMPAC,24113,True,,5631.0,37.9,,20260318001274,24113,24113,용해형(제철·제강·합금철),사업보고서 (cbam),True,8,0,0,103,0,0,5,,,,1452.0
상장(cbam),00128926,삼현철강(주),,2419,False,,2347.0,,,20260306000369,,2419,가공형,사업보고서 (cbam),True,0,0,0,0,0,0,7,,,,
상장(cbam),00163196,한일철강(주),,2419,False,,1868.0,,,20260806000290,,2419,가공형,사업보고서 (cbam),True,0,0,0,0,0,0,2,,,,
상장(cbam),00353878,다스코(주),,25112,False,,2529.0,,,20260731000748,,25112,가공형(금속가공),사업보고서 (cbam),True,1,0,0,0,0,0,17,,,,
상장(cbam),00116301,(주)NI스틸,,2419,False,,3020.0,,,20260312001308,,2419,가공형,사업보고서 (cbam),True,0,0,0,0,0,0,6,,,,
상장(cbam),00149239,조일알미늄(주),조일알미늄 주식회사,24222,True,,4836.0,5.2,,20260312000761,24222,24222,가공형,사업보고서 (cbam),True,0,0,0,0,0,1,36,,,,1642.0
상장(cbam),00125822,삼보산업 주식회사,삼보산업 주식회사,24222,True,,2468.0,,,20260407003361,24212,24212,용해형(비철 제련·합금),사업보고서 (cbam),True,0,0,0,0,0,0,5,용해형인데 용해 설비 언급 없음 (확인),,,439.0
상장(cbam),00153339,태경산업(주),태경산업(주),20129,True,,1409.0,,,20260323001550,24113,24113,용해형(제철·제강·합금철),사업보고서 (cbam),True,1,0,0,48,6,0,2,,,,1299.0
상장(cbam),00117027,(주)알루코,,24222,False,,2843.0,3.9,,20260318001554,,24222,가공형,사업보고서 (cbam),True,0,0,0,0,0,0,119,,,,
상장(cbam),01765265,동국제강(주),동국제강 주식회사,241,True,동국제강,31210.0,206.4,,20260313000519,24112,24112,용해형(제철·제강·합금철),사업보고서 (cbam),True,9,0,0,0,0,1,13,,"머니S 2024-06-06, 메트로신문 2025-10-29",,22861.0
상장(cbam),00129235,삼화왕관(주),,25991,False,,1302.0,,,20260319000454,,25991,가공형(금속가공),사업보고서 (cbam),True,0,0,0,0,0,0,0,,,,377.0
상장(cbam),00415594,(주)동국에스엔씨,,2511,False,,1539.0,,,20260316001236,,2511,가공형(금속가공),사업보고서 (cbam),True,0,0,0,0,0,0,26,,,,
상장(cbam),00670340,씨에스윈드(주),,2511,False,,4674.0,35.8,,20260318001110,,2511,가공형(금속가공),사업보고서 (cbam),True,0,0,0,0,0,0,6,,,,
상장(cbam),00239639,(주)삼표시멘트,삼표시멘트,239,True,삼표,7202.0,25.8,,20260320000882,23311,23311,시멘트,사업보고서 (cbam),True,0,0,0,0,3,0,6,,,,30948.0
상장(cbam),00143907,(주)원일특강,,24123,False,,3533.0,6.4,,20260316000744,,24123,가공형,사업보고서 (cbam),True,2,0,0,0,0,0,1,,,,
상장(cbam),00172680,동국산업(주),동국산업(주),24122,True,,3771.0,21.0,,20260318001458,24122,24122,가공형,사업보고서 (cbam),True,0,0,0,1,0,0,112,,,,828.0
상장(cbam),01765256,동국씨엠 주식회사,동국씨엠 주식회사,24122,True,동국제강,18012.0,125.1,,20260317000766,24191,24191,가공형,사업보고서 (cbam),True,0,0,0,0,0,0,116,,,,6150.0
상장(cbam),00166175,(주)대호특수강,,24123,False,,2910.0,,,20260317000646,,24123,가공형,사업보고서 (cbam),True,0,0,0,0,0,0,11,,,,789.0
상장(cbam),00186799,(주)태웅,(주)태웅,25912,True,,3932.0,6.9,,20260318001708,24112,24112,용해형(제철·제강·합금철),사업보고서 (cbam),True,2,0,0,0,0,0,1,,,,2902.0
상장(cbam),00486705,아주스틸(주),,2419,False,동국제강,5491.0,11.8,,20260318001296,,2419,가공형,사업보고서 (cbam),True,0,0,0,0,0,0,40,,,,238.0
상장(cbam),00958664,주식회사 신스틸,,241,False,,2241.0,,,20260318000805,,241,코드 불충분,사업보고서 (cbam),True,0,0,0,0,0,0,43,가공형 추정 (확인),,,
상장(cbam),00156488,(주)휴스틸,,2413,False,,5384.0,11.0,,20260602000398,,2413,가공형,사업보고서 (cbam),True,0,0,0,0,0,0,8,,,,613.0
상장(cbam),00153375,(주)태광,,2413,False,,2562.0,,,20260320000407,,2413,가공형,사업보고서 (cbam),True,0,1,0,0,0,0,0,,,,
상장(cbam),00126779,삼아알미늄(주),,24222,False,,2216.0,,,20260318000860,,24222,가공형,사업보고서 (cbam),True,0,0,0,0,0,0,49,,,,425.0
상장(cbam),00103006,고려제강(주),고려제강(주),2411,True,,5398.0,36.8,,20260319001226,24122,24122,가공형,사업보고서 (cbam),True,0,0,0,0,0,1,2,,,,1841.0
상장(cbam),00535481,에스와이(주),,25112,False,,3721.0,4.2,,20260722000434,,25112,가공형(금속가공),사업보고서 (cbam),True,1,0,0,0,0,0,15,,,,
상장(cbam),00206039,경남스틸(주),,24199,False,,3810.0,0.7,,20260309001568,,24199,가공형,사업보고서 (cbam),True,0,0,0,0,0,0,55,,,,
상장(cbam),00115676,KG스틸(주),케이지스틸 주식회사,24122,True,KG,31430.0,126.3,,20260316001588,24122,24122,가공형,사업보고서 (cbam),True,4,0,0,0,0,0,82,가공형인데 용해 설비 언급 많음 (확인),,,8625.0
상장(cbam),00144252,(주)유니온,(주)유니온,23311,True,,1056.0,,,20260319000893,23311,23311,시멘트,사업보고서 (cbam),True,0,0,0,0,3,0,4,,,,1088.0
상장(cbam),00156600,한주라이트메탈(주),,24212,False,,2321.0,,,20260317000438,,24212,용해형(비철 제련·합금),사업보고서 (cbam),True,0,0,0,0,0,0,29,용해형인데 용해 설비 언급 없음 (확인),,,397.0
상장(cbam),00687711,한국철강(주),한국철강,2411,True,,6639.0,22.2,,20260319001021,24112,24112,용해형(제철·제강·합금철),사업보고서 (cbam),True,9,0,0,0,0,0,6,,한국경제 2025-03-30,,5719.0
상장(cbam),00113225,대한제강(주),대한제강(주),2411,True,,8277.0,35.9,,20260318000780,24112,24112,용해형(제철·제강·합금철),사업보고서 (cbam),True,4,0,0,6,0,5,49,,"한국경제 2025-03-30, 메트로신문 2025-10-29",,5706.0
상장(cbam),00117629,케이비아이동양철관(주),,2413,False,,2018.0,,,20260318001380,,2413,가공형,사업보고서 (cbam),True,0,0,1,0,0,1,45,,,,
상장(cbam),00151298,DSR제강(주),,24123,False,,2174.0,,,20260318001149,,24123,가공형,사업보고서 (cbam),True,0,0,0,0,0,0,19,,,,
상장(cbam),00220613,넥스틸(주),,2419,False,,5720.0,6.8,,20260414002511,,2419,가공형,사업보고서 (cbam),True,0,0,0,0,0,0,20,,,,433.0
상장(cbam),00177199,디씨엠(주),,2419,False,,2287.0,,,20260724000315,,2419,가공형,사업보고서 (cbam),True,0,0,0,0,0,0,7,,,,
상장(cbam),00172936,동일산업(주),동일산업주식회사,24113,True,,3471.0,4.8,,20260326000328,24113,24113,용해형(제철·제강·합금철),사업보고서 (cbam),True,9,2,1,64,0,1,12,,,,2559.0
상장(cbam),00124090,(주)한국특강,(주)한국특강,24121,True,,7888.0,7.5,,20260323000279,24112,24112,용해형(제철·제강·합금철),사업보고서 (cbam),True,2,0,0,0,0,0,4,,,,6247.0
상장(cbam),00157636,(주)케이피에프,주식회사 케이피에프,259,True,,2750.0,,,20260317000758,25941,25941,가공형(금속가공),사업보고서 (cbam),True,0,0,0,0,1,1,18,,,,878.0
상장(cbam),00117300,(주)TCC스틸,(주)티씨씨스틸,24191,True,,4419.0,60.6,,20260318000366,24191,24191,가공형,사업보고서 (cbam),True,0,0,0,0,0,0,65,,,,672.0
상장(cbam),01319808,한일시멘트(주),한일시멘트 주식회사,23311,True,,11416.0,76.6,,20260317000863,23311,23311,시멘트,사업보고서 (cbam),True,0,0,0,0,2,0,29,,,,31485.0
상장(cbam),00428729,(주)대호에이엘,주식회사 대호에이엘,24222,True,,1835.0,,,20260324000005,24222,24222,가공형,사업보고서 (cbam),True,0,0,3,0,0,0,52,,,,569.0
상장(cbam),00454937,(주)덕신이피씨,,25112,False,,1540.0,,,20260310003096,,25112,가공형(금속가공),사업보고서 (cbam),True,1,0,0,0,0,0,13,,,,
상장(cbam),00111111,(주)대양금속,,24122,False,,2133.0,,,20260319001294,,24122,가공형,사업보고서 (cbam),True,0,0,0,0,0,0,62,,,,388.0
상장(cbam),00120872,만호제강(주),만호제강(주),24123,True,,1841.0,,,20250918000340,24123,24123,가공형,사업보고서 (cbam),True,0,0,0,0,0,0,0,,,,710.0
상장(cbam),00105475,금강철강(주),,2419,False,,1976.0,,,20260319000015,,2419,가공형,사업보고서 (cbam),True,1,0,0,0,0,0,58,,,,
비상장(배출권),01507148,와이케이스틸 주식회사,와이케이스틸(주),24121,True,,3905.0,,대한제강 자회사(2020년 지분 51% 인수),,,24121,가공형,감사보고서 (2025.12),True,0,0,0,0,0,0,2,,,대한제강 자회사 (2020년 지분 51% 인수),3821.0
비상장(배출권),00950705,대한시멘트 주식회사,대한시멘트주식회사,23311,True,,1930.0,,,,,23311,시멘트,감사보고서 (2025.12),True,0,0,0,0,0,0,2,,,,1009.0
비상장(배출권),00257219,한라시멘트(주),한라시멘트주식회사,23311,True,,5600.0,,아세아시멘트 자회사로 알려짐,,,23311,시멘트,감사보고서 (2025.12),True,0,0,0,0,0,0,1,,,아세아시멘트 자회사로 알려짐,22775.0
비상장(배출권),00138224,쌍용씨앤이주식회사,쌍용씨앤이(주),23311,True,,558.0,,"API 매출값 이상(1,116억/0원). 자산 3.8조로 매출과 무관하게 중견",,,23311,시멘트,사업보고서 (2025.12),True,0,0,0,0,9,0,29,,,,60825.0
비상장(배출권),00156637,한국씨엔티(주),한국씨엔티(주),23311,True,,1354.0,,,,,23311,시멘트,감사보고서 (2025.12),True,0,0,0,0,0,0,2,,,,959.0
비상장(배출권),01007408,한국제강주식회사,한국제강 주식회사,24112,True,,5477.0,,,,,24112,용해형(제철·제강·합금철),감사보고서 (2025.12),True,0,0,0,0,0,0,0,용해형인데 용해 설비 언급 없음 (확인),,,4132.0
비상장(배출권),00935627,홍덕산업(주),홍덕산업(주),24123,True,,2829.0,,,,,24123,가공형,감사보고서 (2025.12),True,0,0,0,0,0,0,1,,,,1367.0
비상장(배출권),00166546,환영철강공업(주),환영철강공업,24112,True,,5129.0,,,,,24112,용해형(제철·제강·합금철),[기재정정]사업보고서 (2025.12),True,12,0,0,1,0,0,16,,한국경제 2025-03-30,,4167.0
비상장(배출권),00760069,디케이동신주식회사,디케이동신(주),24191,True,,2414.0,,,,,24191,가공형,감사보고서 (2025.12),True,0,0,0,0,0,0,1,,,,533.0
비상장(배출권),00150466,진양특수강(주),진양특수강(주),24121,True,,2286.0,,,,,24121,가공형,감사보고서 (2025.12),True,0,0,0,0,0,0,2,,,,567.0
비상장(배출권),00146658,일진제강(주),일진제강(주),24132,True,,2598.0,,,,,24132,가공형,감사보고서 (2025.12),True,0,0,0,0,0,0,4,,,,1119.0
비상장(배출권),00441410,(주)세진메탈,주식회사 세진메탈,24212,True,,2101.0,,3년 평균 판정,,,24212,용해형(비철 제련·합금),감사보고서 (2025.12),True,0,0,0,0,0,0,3,용해형인데 용해 설비 언급 없음 (확인),,,587.0
비상장(배출권),00766814,하이호경금속주식회사,하이호경금속 주식회사,24212,True,,4482.0,,,,,24212,용해형(비철 제련·합금),감사보고서 (2025.12),True,0,0,0,0,0,0,0,용해형인데 용해 설비 언급 없음 (확인),,,473.0
비상장(배출권),00163169,한일제관(주),한일제관(주),25991,True,,4811.0,,,,,25991,가공형(금속가공),감사보고서 (2025.12),True,0,0,0,0,0,0,1,,,,1128.0
비상장(배출권),01467460,현대아이에프씨 주식회사,현대아이에프씨 주식회사,24112,True,,5051.0,,"2026-02-27 현대제철 지분 100% 매각(우리베일리국민성장(유)), 현대자동차 집단 이탈",,,24112,용해형(제철·제강·합금철),감사보고서 (2025.12),True,0,0,0,0,0,0,0,용해형인데 용해 설비 언급 없음 (확인),,,4355.0
