source,corp_code,name,kets_name,ksic,kets_member,ftc_group,rev_avg_eok,it_spend_eok,note,rcept_no,kets_ksic,ksic_used,type_by_code,report_used,report_ok,kw_전기로,kw_유도로,kw_용해로,kw_합금철,kw_소성로,kw_가열로,kw_가공,check,night_reported,parent_note,energy_tj_avg,gir_type,type_final,type_note,tj_per_eok,intensity_check,category_final,confidence,evidence
상장(cbam),00132318,(주)성광벤드,,24133,False,,2164.0,,,20260708000008.0,,24133,가공형,사업보고서 (cbam),True,0,0,0,0,0,0,1,,,,,,가공형,,,,가공,확정,관이음쇠 제조
상장(cbam),00148595,(주)제일테크노스,,2511,False,,1765.0,,,20260320000688.0,,2511,가공형(금속가공),사업보고서 (cbam),True,0,0,0,0,0,0,8,,,,,,가공형,,,,가공,추정,"철강 구조재·데크, 사업 설명 문장 불명확"
상장(cbam),00101220,KG케미칼(주),케이지케미칼 주식회사,201,True,KG,2118.0,,,20260323001613.0,20311.0,20311,비료·화학,사업보고서 (cbam),True,0,0,0,0,0,0,36,,,,432.0,사업장 1곳,비료·화학,,0.204,,비료·화학,확정,비료·화학 제조 (GIR은 비료 사업장 1곳)
상장(cbam),00132804,성신양회(주),성신양회(주),23311,True,,6991.0,17.4,,20260318001369.0,23311.0,23311,시멘트,사업보고서 (cbam),True,0,0,0,0,5,0,0,,,,24956.0,업체,시멘트,,3.57,,시멘트(소성로),확정,석회석 소성 공정 명시
상장(cbam),00990165,아세아시멘트(주),아세아시멘트 주식회사,23311,True,,5086.0,14.3,,20260318001310.0,23311.0,23311,시멘트,사업보고서 (cbam),True,0,0,0,0,0,0,4,,,,14250.0,업체,시멘트,,2.802,,시멘트(소성로),확정,"시멘트 제조, 석회석·유연탄"
상장(cbam),00105299,금강공업(주),,2413,False,,3151.0,,,20260312000935.0,,2413,가공형,사업보고서 (cbam),True,0,0,0,0,0,0,35,,,,245.0,사업장 1곳,가공형,,0.078,,가공,추정,"강관·알루미늄폼·사료·단조 혼재, 가공 중심"
상장(cbam),00112721,(주)대창스틸,,24122,False,,3650.0,0.6,,20260323000588.0,,24122,가공형,사업보고서 (cbam),True,1,0,0,0,0,0,89,,,,,,가공형,,,,가공,확정,열연·냉연 코일 매입 가공
상장(cbam),00123781,부국철강(주),,2413,False,,1844.0,,,20260318000484.0,,2413,가공형,사업보고서 (cbam),True,1,0,0,0,0,0,9,,,,,,가공형,,,,가공,확정,보고서에 '제2차 가공업체'로 명시
상장(cbam),00125646,삼목에스폼(주),삼목에스폼(주),2511,True,,3257.0,5.4,,20260323001658.0,24290.0,24290,가공형,사업보고서 (cbam),True,0,0,0,0,0,0,7,,,,660.0,업체,가공형,,0.203,,가공,불확실,"알루미늄폼 제조·임대, 알루미늄 스크랩 대차계약 → 자체 용해 여부 불명"
상장(cbam),00186717,(주)태양,,25991,False,,1494.0,,,20260319000357.0,,25991,가공형(금속가공),사업보고서 (cbam),True,0,0,0,0,0,0,2,,,,,,가공형,,,,가공,확정,부탄가스·에어졸 용기
상장(cbam),00109587,(주)대륙제관,,25991,False,,2708.0,,,20260319000299.0,,25991,가공형(금속가공),사업보고서 (cbam),True,0,0,0,0,0,0,10,,,,,,가공형,,,,가공,확정,주석도금강판으로 금속포장용기 제조
상장(cbam),00435312,(주)하이스틸,,2413,False,,2516.0,,,20260310002913.0,,2413,가공형,사업보고서 (cbam),True,0,0,0,0,0,0,4,,,,,,가공형,,,,가공,추정,"강관, 보고서에서 사업 문장 추출 안 됨(업종코드 기준)"
상장(cbam),00138260,(주)SIMPAC,(주)SIMPAC,24113,True,,5631.0,37.9,,20260318001274.0,24113.0,24113,용해형(제철·제강·합금철),사업보고서 (cbam),True,8,0,0,103,0,0,5,,,,1452.0,업체,용해형,,0.258,용해형인데 집약도가 가공형 수준 (확인),혼합(합금철+기계),확정,합금철 + 프레스 기계. 2024-05 당진 합금철 생산 중단
상장(cbam),00128926,삼현철강(주),,2419,False,,2347.0,,,20260306000369.0,,2419,가공형,사업보고서 (cbam),True,0,0,0,0,0,0,7,,,,,,가공형,,,,가공,확정,열연코일 매입 절단가공
상장(cbam),00163196,한일철강(주),,2419,False,,1868.0,,,20260806000290.0,,2419,가공형,사업보고서 (cbam),True,0,0,0,0,0,0,2,,,,,,가공형,,,,가공,확정,판재·강관 제조
상장(cbam),00353878,다스코(주),,25112,False,,2529.0,,,20260731000748.0,,25112,가공형(금속가공),사업보고서 (cbam),True,1,0,0,0,0,0,17,,,,,,가공형,,,,가공,확정,"데크플레이트·방음시설, 철근 가공"
상장(cbam),00116301,(주)NI스틸,,2419,False,,3020.0,,,20260312001308.0,,2419,가공형,사업보고서 (cbam),True,0,0,0,0,0,0,6,,,,,,가공형,,,,가공,확정,강건재 성형제품
상장(cbam),00149239,조일알미늄(주),조일알미늄 주식회사,24222,True,,4836.0,5.2,,20260312000761.0,24222.0,24222,가공형,사업보고서 (cbam),True,0,0,0,0,0,1,36,,,,1642.0,사업장 1곳,가공형,,0.34,가공형인데 집약도가 용해형 수준 (확인),혼합(비철 주조+압연),확정,연속주조·슬래브 주조 + 열간압연 보유 → 용해 공정 포함
상장(cbam),00125822,삼보산업 주식회사,삼보산업 주식회사,24222,True,,2468.0,,,20260407003361.0,24212.0,24212,용해형(비철 제련·합금),사업보고서 (cbam),True,0,0,0,0,0,0,5,용해형인데 용해 설비 언급 없음 (확인),,,439.0,사업장 1곳,용해형,"사업보고서에 설비 단어 없음, 반대 근거도 없음 → 업종코드대로 분류",0.178,용해형인데 집약도가 가공형 수준 (확인),비철 용해(알루미늄 재생·주조),확정,알루미늄합금괴 제조 (+자동차부품)
상장(cbam),00153339,태경산업(주),태경산업(주),20129,True,,1409.0,,,20260323001550.0,24113.0,24113,용해형(제철·제강·합금철),사업보고서 (cbam),True,1,0,0,48,6,0,2,,,,1299.0,업체,용해형,,0.922,,철강 용해(전기로·합금철),확정,"페로망간·실리코망간 합금철, 집약도 0.92"
상장(cbam),00117027,(주)알루코,,24222,False,,2843.0,3.9,,20260318001554.0,,24222,가공형,사업보고서 (cbam),True,0,0,0,0,0,0,119,,,,,,가공형,,,,가공,확정,Billet 매입 → 알루미늄 압출
상장(cbam),01765265,동국제강(주),동국제강 주식회사,241,True,동국제강,31210.0,206.4,,20260313000519.0,24112.0,24112,용해형(제철·제강·합금철),사업보고서 (cbam),True,9,0,0,0,0,1,13,,"머니S 2024-06-06, 메트로신문 2025-10-29",,22861.0,업체,용해형,,0.732,,철강 용해(전기로·합금철),확정,"후판·봉형강, 고철 원료, 집약도 0.73"
상장(cbam),00129235,삼화왕관(주),,25991,False,,1302.0,,,20260319000454.0,,25991,가공형(금속가공),사업보고서 (cbam),True,0,0,0,0,0,0,0,,,,377.0,사업장 1곳,가공형,,0.29,가공형인데 집약도가 용해형 수준 (확인),가공,확정,병마개 제조
상장(cbam),00415594,(주)동국에스엔씨,,2511,False,,1539.0,,,20260316001236.0,,2511,가공형(금속가공),사업보고서 (cbam),True,0,0,0,0,0,0,26,,,,,,가공형,,,,가공,확정,풍력 금속 구조재
상장(cbam),00670340,씨에스윈드(주),,2511,False,,4674.0,35.8,,20260318001110.0,,2511,가공형(금속가공),사업보고서 (cbam),True,0,0,0,0,0,0,6,,,,,,가공형,,,,가공,확정,풍력타워 제조
상장(cbam),00239639,(주)삼표시멘트,삼표시멘트,239,True,삼표,7202.0,25.8,,20260320000882.0,23311.0,23311,시멘트,사업보고서 (cbam),True,0,0,0,0,3,0,6,,,,30948.0,업체,시멘트,,4.297,,시멘트(소성로),확정,"시멘트, 석회석"
상장(cbam),00143907,(주)원일특강,,24123,False,,3533.0,6.4,,20260316000744.0,,24123,가공형,사업보고서 (cbam),True,2,0,0,0,0,0,1,,,,,,가공형,,,,가공,확정,특수강 원자재 매입 절단가공 + 자유단조
상장(cbam),00172680,동국산업(주),동국산업(주),24122,True,,3771.0,21.0,,20260318001458.0,24122.0,24122,가공형,사업보고서 (cbam),True,0,0,0,1,0,0,112,,,,828.0,사업장 1곳,가공형,,0.22,,가공,확정,냉연강판 가공
상장(cbam),01765256,동국씨엠 주식회사,동국씨엠 주식회사,24122,True,동국제강,18012.0,125.1,,20260317000766.0,24191.0,24191,가공형,사업보고서 (cbam),True,0,0,0,0,0,0,116,,,,6150.0,업체,가공형,,0.341,가공형인데 집약도가 용해형 수준 (확인),가공,확정,냉연·컬러강판 표면처리 (고철 언급은 사업목적 목록)
상장(cbam),00166175,(주)대호특수강,,24123,False,,2910.0,,,20260317000646.0,,24123,가공형,사업보고서 (cbam),True,0,0,0,0,0,0,11,,,,789.0,사업장 1곳,가공형,,0.271,가공형인데 집약도가 용해형 수준 (확인),가공,확정,선재 매입 → 냉간압조용 강선
상장(cbam),00186799,(주)태웅,(주)태웅,25912,True,,3932.0,6.9,,20260318001708.0,24112.0,24112,용해형(제철·제강·합금철),사업보고서 (cbam),True,2,0,0,0,0,0,1,,,,2902.0,업체,용해형,,0.738,,철강 용해(전기로·합금철),확정,"제강사업부에서 잉곳·라운드블룸 생산 + 단조, 집약도 0.74"
상장(cbam),00486705,아주스틸(주),,2419,False,동국제강,5491.0,11.8,,20260318001296.0,,2419,가공형,사업보고서 (cbam),True,0,0,0,0,0,0,40,,,,238.0,사업장 1곳,가공형,,0.043,,가공,확정,컬러강판
상장(cbam),00958664,주식회사 신스틸,,241,False,,2241.0,,,20260318000805.0,,241,코드 불충분,사업보고서 (cbam),True,0,0,0,0,0,0,43,가공형 추정 (확인),,,,,가공형,"업종코드 3자리(241), 설비 단어 없고 가공 단어 다수 → 가공형",,,가공,확정,스틸서비스센터(가공·유통)
상장(cbam),00156488,(주)휴스틸,,2413,False,,5384.0,11.0,,20260602000398.0,,2413,가공형,사업보고서 (cbam),True,0,0,0,0,0,0,8,,,,613.0,사업장 1곳,가공형,,0.114,,가공,확정,"강관, 원재료 열연코일"
상장(cbam),00153375,(주)태광,,2413,False,,2562.0,,,20260320000407.0,,2413,가공형,사업보고서 (cbam),True,0,1,0,0,0,0,0,,,,,,가공형,,,,가공,확정,관이음쇠
상장(cbam),00126779,삼아알미늄(주),,24222,False,,2216.0,,,20260318000860.0,,24222,가공형,사업보고서 (cbam),True,0,0,0,0,0,0,49,,,,425.0,사업장 1곳,가공형,,0.192,,혼합(비철 주조+압연),확정,알루미늄 잉곳 용해·주조 공정 언급 + 압연
상장(cbam),00103006,고려제강(주),고려제강(주),2411,True,,5398.0,36.8,,20260319001226.0,24122.0,24122,가공형,사업보고서 (cbam),True,0,0,0,0,0,1,2,,,,1841.0,사업장 1곳,가공형,,0.341,가공형인데 집약도가 용해형 수준 (확인),가공,확정,선재 가공(와이어)
상장(cbam),00535481,에스와이(주),,25112,False,,3721.0,4.2,,20260722000434.0,,25112,가공형(금속가공),사업보고서 (cbam),True,1,0,0,0,0,0,15,,,,,,가공형,,,,가공,확정,샌드위치패널·데크
상장(cbam),00206039,경남스틸(주),,24199,False,,3810.0,0.7,,20260309001568.0,,24199,가공형,사업보고서 (cbam),True,0,0,0,0,0,0,55,,,,,,가공형,,,,가공,확정,포스코 코일 전·절단 가공
상장(cbam),00115676,KG스틸(주),케이지스틸 주식회사,24122,True,KG,31430.0,126.3,,20260316001588.0,24122.0,24122,가공형,사업보고서 (cbam),True,4,0,0,0,0,0,82,가공형인데 용해 설비 언급 많음 (확인),,,8625.0,업체,가공형,"보고서의 전기로 언급은 연혁(2007 진출, 2009 시운전)뿐, 현재 가동 여부 미확인 → 업종코드대로 가공형",0.274,가공형인데 집약도가 용해형 수준 (확인),가공,확정,냉연·아연도·석도 강판. 전기로 언급은 연혁뿐
상장(cbam),00144252,(주)유니온,(주)유니온,23311,True,,1056.0,,,20260319000893.0,23311.0,23311,시멘트,사업보고서 (cbam),True,0,0,0,0,3,0,4,,,,1088.0,업체,시멘트,,1.03,,시멘트(소성로),확정,백시멘트·알루미나시멘트 (+세라믹)
상장(cbam),00156600,한주라이트메탈(주),,24212,False,,2321.0,,,20260317000438.0,,24212,용해형(비철 제련·합금),사업보고서 (cbam),True,0,0,0,0,0,0,29,용해형인데 용해 설비 언급 없음 (확인),,,397.0,사업장 1곳,용해형,"사업보고서에 설비 단어 없음, 반대 근거도 없음 → 업종코드대로 분류",0.171,용해형인데 집약도가 가공형 수준 (확인),비철 용해(알루미늄 재생·주조),추정,알루미늄 잉곳을 원재료로 부품 주조
상장(cbam),00687711,한국철강(주),한국철강,2411,True,,6639.0,22.2,,20260319001021.0,24112.0,24112,용해형(제철·제강·합금철),사업보고서 (cbam),True,9,0,0,0,0,0,6,,한국경제 2025-03-30,,5719.0,업체,용해형,,0.861,,철강 용해(전기로·합금철),확정,"전기로 제강 주원료 철스크랩 명시, 집약도 0.86"
상장(cbam),00113225,대한제강(주),대한제강(주),2411,True,,8277.0,35.9,,20260318000780.0,24112.0,24112,용해형(제철·제강·합금철),사업보고서 (cbam),True,4,0,0,6,0,5,49,,"한국경제 2025-03-30, 메트로신문 2025-10-29",,5706.0,업체,용해형,,0.689,,철강 용해(전기로·합금철),확정,"철스크랩으로 빌릿 제강 + 압연, 집약도 0.69"
상장(cbam),00117629,케이비아이동양철관(주),,2413,False,,2018.0,,,20260318001380.0,,2413,가공형,사업보고서 (cbam),True,0,0,1,0,0,1,45,,,,,,가공형,,,,가공,확정,강관 + 합금동(동 빌렛 매입)
상장(cbam),00151298,DSR제강(주),,24123,False,,2174.0,,,20260318001149.0,,24123,가공형,사업보고서 (cbam),True,0,0,0,0,0,0,19,,,,,,가공형,,,,가공,확정,와이어로프·강선
상장(cbam),00220613,넥스틸(주),,2419,False,,5720.0,6.8,,20260414002511.0,,2419,가공형,사업보고서 (cbam),True,0,0,0,0,0,0,20,,,,433.0,사업장 1곳,가공형,,0.076,,가공,확정,"강관, 원재료 열연코일"
상장(cbam),00177199,디씨엠(주),,2419,False,,2287.0,,,20260724000315.0,,2419,가공형,사업보고서 (cbam),True,0,0,0,0,0,0,7,,,,,,가공형,,,,가공,확정,라미네이트 강판
상장(cbam),00172936,동일산업(주),동일산업주식회사,24113,True,,3471.0,4.8,,20260326000328.0,24113.0,24113,용해형(제철·제강·합금철),사업보고서 (cbam),True,9,2,1,64,0,1,12,,,,2559.0,업체,용해형,,0.737,,철강 용해(전기로·합금철),확정,"합금철 + 주강·특수강, 집약도 0.74"
상장(cbam),00124090,(주)한국특강,(주)한국특강,24121,True,,7888.0,7.5,,20260323000279.0,24112.0,24112,용해형(제철·제강·합금철),사업보고서 (cbam),True,2,0,0,0,0,0,4,,,,6247.0,업체,용해형,,0.792,,철강 용해(전기로·합금철),확정,"철스크랩 → 전기로 제강 → 빌렛 → 압연, 집약도 0.79"
상장(cbam),00157636,(주)케이피에프,주식회사 케이피에프,259,True,,2750.0,,,20260317000758.0,25941.0,25941,가공형(금속가공),사업보고서 (cbam),True,0,0,0,0,1,1,18,,,,878.0,사업장 1곳,가공형,,0.319,가공형인데 집약도가 용해형 수준 (확인),가공,확정,"볼트·너트, 단조부품"
상장(cbam),00117300,(주)TCC스틸,(주)티씨씨스틸,24191,True,,4419.0,60.6,,20260318000366.0,24191.0,24191,가공형,사업보고서 (cbam),True,0,0,0,0,0,0,65,,,,672.0,사업장 1곳,가공형,,0.152,,가공,확정,표면처리강판
상장(cbam),01319808,한일시멘트(주),한일시멘트 주식회사,23311,True,,11416.0,76.6,,20260317000863.0,23311.0,23311,시멘트,사업보고서 (cbam),True,0,0,0,0,2,0,29,,,,31485.0,업체,시멘트,,2.758,,시멘트(소성로),확정,"시멘트·레미콘·레미탈, 석회석. 2025-11 한일현대시멘트 흡수합병"
상장(cbam),00428729,(주)대호에이엘,주식회사 대호에이엘,24222,True,,1835.0,,,20260324000005.0,24222.0,24222,가공형,사업보고서 (cbam),True,0,0,3,0,0,0,52,,,,569.0,사업장 1곳,가공형,,0.31,가공형인데 집약도가 용해형 수준 (확인),가공,추정,알루미늄 판재. 스크랩 활용 연구 언급 → 자체 용해 여부 불명
상장(cbam),00454937,(주)덕신이피씨,,25112,False,,1540.0,,,20260310003096.0,,25112,가공형(금속가공),사업보고서 (cbam),True,1,0,0,0,0,0,13,,,,,,가공형,,,,가공,확정,데크플레이트
상장(cbam),00111111,(주)대양금속,,24122,False,,2133.0,,,20260319001294.0,,24122,가공형,사업보고서 (cbam),True,0,0,0,0,0,0,62,,,,388.0,사업장 1곳,가공형,,0.182,,가공,확정,스테인리스 냉연
상장(cbam),00120872,만호제강(주),만호제강(주),24123,True,,1841.0,,,20250918000340.0,24123.0,24123,가공형,사업보고서 (cbam),True,0,0,0,0,0,0,0,,,,710.0,사업장 1곳,가공형,,0.386,가공형인데 집약도가 용해형 수준 (확인),가공,확정,와이어로프·특수강선
상장(cbam),00105475,금강철강(주),,2419,False,,1976.0,,,20260319000015.0,,2419,가공형,사업보고서 (cbam),True,1,0,0,0,0,0,58,,,,,,가공형,,,,가공,확정,냉연코일 가공
비상장(배출권),01507148,와이케이스틸 주식회사,와이케이스틸(주),24121,True,,3905.0,,대한제강 자회사(2020년 지분 51% 인수),,,24121,가공형,감사보고서 (2025.12),True,0,0,0,0,0,0,2,,,대한제강 자회사 (2020년 지분 51% 인수),3821.0,업체,가공형,,0.978,가공형인데 집약도가 용해형 수준 (확인),철강 용해(전기로·합금철),확정,감사보고서에 '철근과 빌렛의 제조' 명시 + 집약도 0.98. 업종코드(열간압연)와 다름 → 수정
비상장(배출권),00950705,대한시멘트 주식회사,대한시멘트주식회사,23311,True,,1930.0,,,,,23311,시멘트,감사보고서 (2025.12),True,0,0,0,0,0,0,2,,,,1009.0,사업장 1곳,시멘트,,0.523,,시멘트(분쇄형),추정,시멘트 매출만 확인. 집약도 0.52로 소성로 시멘트(중앙값 2.8)보다 훨씬 낮아 분쇄형 추정
비상장(배출권),00257219,한라시멘트(주),한라시멘트주식회사,23311,True,,5600.0,,아세아시멘트 자회사로 알려짐,,,23311,시멘트,감사보고서 (2025.12),True,0,0,0,0,0,0,1,,,아세아시멘트 자회사로 알려짐,22775.0,업체,시멘트,,4.067,,시멘트(소성로),확정,"시멘트 제조, 광산 개발"
비상장(배출권),00138224,쌍용씨앤이주식회사,쌍용씨앤이(주),23311,True,,558.0,,"API 매출값 이상(1,116억/0원). 자산 3.8조로 매출과 무관하게 중견",,,23311,시멘트,사업보고서 (2025.12),True,0,0,0,0,9,0,29,,,,60825.0,업체,시멘트,,109.005,,시멘트(소성로),확정,"시멘트, 석회석·유연탄"
비상장(배출권),00156637,한국씨엔티(주),한국씨엔티(주),23311,True,,1354.0,,,,,23311,시멘트,감사보고서 (2025.12),True,0,0,0,0,0,0,2,,,,959.0,사업장 1곳,시멘트,,0.708,,시멘트(분쇄형),확정,슬래그시멘트·슬래그미분말 (+방적 부문)
비상장(배출권),01007408,한국제강주식회사,한국제강 주식회사,24112,True,,5477.0,,,,,24112,용해형(제철·제강·합금철),감사보고서 (2025.12),True,0,0,0,0,0,0,0,용해형인데 용해 설비 언급 없음 (확인),,,4132.0,업체,용해형,감사보고서라 설비 설명 없음 → 업종코드대로 분류,0.754,,철강 용해(전기로·합금철),확정,"감사보고서에 '철근·BILLET 제조' 명시, 집약도 0.75"
비상장(배출권),00935627,홍덕산업(주),홍덕산업(주),24123,True,,2829.0,,,,,24123,가공형,감사보고서 (2025.12),True,0,0,0,0,0,0,1,,,,1367.0,사업장 1곳,가공형,,0.483,가공형인데 집약도가 용해형 수준 (확인),가공,확정,비드와이어·스틸코드·경강선
비상장(배출권),00166546,환영철강공업(주),환영철강공업,24112,True,,5129.0,,,,,24112,용해형(제철·제강·합금철),[기재정정]사업보고서 (2025.12),True,12,0,0,1,0,0,16,,한국경제 2025-03-30,,4167.0,업체,용해형,,0.812,,철강 용해(전기로·합금철),확정,"100톤급 DC전기로 명시, 집약도 0.81"
비상장(배출권),00760069,디케이동신주식회사,디케이동신(주),24191,True,,2414.0,,,,,24191,가공형,감사보고서 (2025.12),True,0,0,0,0,0,0,1,,,,533.0,사업장 1곳,가공형,,0.221,,가공,확정,피복강판·냉간압연
비상장(배출권),00150466,진양특수강(주),진양특수강(주),24121,True,,2286.0,,,,,24121,가공형,감사보고서 (2025.12),True,0,0,0,0,0,0,2,,,,567.0,사업장 1곳,가공형,,0.248,,가공,추정,특수강 환봉·선재 제조 (가공 방식 불명)
비상장(배출권),00146658,일진제강(주),일진제강(주),24132,True,,2598.0,,,,,24132,가공형,감사보고서 (2025.12),True,0,0,0,0,0,0,4,,,,1119.0,사업장 1곳,가공형,,0.431,가공형인데 집약도가 용해형 수준 (확인),가공,추정,"강관, 보고서에서 사업 문장 추출 안 됨(업종코드·집약도 기준)"
비상장(배출권),00441410,(주)세진메탈,주식회사 세진메탈,24212,True,,2101.0,,3년 평균 판정,,,24212,용해형(비철 제련·합금),감사보고서 (2025.12),True,0,0,0,0,0,0,3,용해형인데 용해 설비 언급 없음 (확인),,,587.0,사업장 1곳,용해형,감사보고서라 설비 설명 없음 → 업종코드대로 분류,0.279,용해형인데 집약도가 가공형 수준 (확인),비철 용해(알루미늄 재생·주조),확정,알루미늄 합금 제조업 명시
비상장(배출권),00766814,하이호경금속주식회사,하이호경금속 주식회사,24212,True,,4482.0,,,,,24212,용해형(비철 제련·합금),감사보고서 (2025.12),True,0,0,0,0,0,0,0,용해형인데 용해 설비 언급 없음 (확인),,,473.0,사업장 1곳,용해형,감사보고서라 설비 설명 없음 → 업종코드대로 분류,0.106,용해형인데 집약도가 가공형 수준 (확인),비철 용해(알루미늄 재생·주조),불확실,보고서에서 사업 문장 추출 안 됨(업종코드만)
비상장(배출권),00163169,한일제관(주),한일제관(주),25991,True,,4811.0,,,,,25991,가공형(금속가공),감사보고서 (2025.12),True,0,0,0,0,0,0,1,,,,1128.0,사업장 1곳,가공형,,0.234,,가공,확정,공관(캔) 제조
비상장(배출권),01467460,현대아이에프씨 주식회사,현대아이에프씨 주식회사,24112,True,,5051.0,,"2026-02-27 현대제철 지분 100% 매각(우리베일리국민성장(유)), 현대자동차 집단 이탈",,,24112,용해형(제철·제강·합금철),감사보고서 (2025.12),True,0,0,0,0,0,0,0,용해형인데 용해 설비 언급 없음 (확인),,,4355.0,업체,용해형,감사보고서라 설비 설명 없음 → 업종코드대로 분류,0.862,,철강 용해(전기로·합금철),추정,'금속 단조제품 제조' 명시. 제강 언급은 없으나 집약도 0.86으로 전기로 제강사 수준
