kets_code,kets_name,kets_ksic,n_cand,corp_code,dart_name,corp_cls,stock_code,jurir_no,induty_code,adres,api_status,same_div,n_kept,jurir_key,ftc_group,ftc_is_large,in_cbam,verdict
E1950170042,주식회사 피엔알,24119,2,00921262,(주)피엔알,E,,1101111449621,68112,경기도 성남시 분당구 삼평동 621 판교이노밸리 씨동 1002호,000,False,2,1101111449621,,False,False,후보 여러 개 (수동 확인)
E1950170042,주식회사 피엔알,24119,2,00650179,(주)피엔알,E,,1717110076545,3831,경상북도 포항시 남구 동해안로 6262 (동촌동),000,False,2,1717110076545,포스코,True,False,후보 여러 개 (수동 확인)
E2413240001,현대스틸파이프 주식회사,24132,1,01794249,현대스틸파이프 주식회사,E,,2301110399905,24132,"울산광역시 북구 염포로 706 (염포동, 현대스틸파이프(주))",000,True,1,2301110399905,현대자동차,True,False,"대기업 (상호출자제한 소속, 제외)"
I0024170001,와이케이스틸(주),24121,1,01507148,와이케이스틸 주식회사,E,,1801111313137,24112,부산광역시 사하구 을숙도대로 760 (구평동) 와이케이스틸 주식회사,000,True,1,1801111313137,,False,False,매출·자산 확인 필요 (C단계)
I0700100001,대한시멘트주식회사,23311,1,00950705,대한시멘트 주식회사,E,,2046110038589,23311,"전라남도 광양시 백운1로 74 (태인동, 대한시멘트㈜)",000,True,1,2046110038589,,False,False,매출·자산 확인 필요 (C단계)
I0700100007,한라시멘트주식회사,23311,2,00161170,한라시멘트 주식회사,E,,1411110001392,23311,강원도 강릉시 옥계면 산계리 280-1,000,True,2,1411110001392,,False,False,후보 여러 개 (수동 확인)
I0700100007,한라시멘트주식회사,23311,2,00257219,한라시멘트(주),E,,1411110012331,23311,강원도 강릉시 옥계면 산계길 225,000,True,2,1411110012331,,False,False,후보 여러 개 (수동 확인)
I0700100010,쌍용씨앤이(주),23311,1,00138224,쌍용씨앤이주식회사,E,003410,1101110037823,23311,서울특별시 중구 수표로 34 씨티센터타워 7~9층,000,True,1,1101110037823,,False,False,매출·자산 확인 필요 (C단계)
I0700100016,한국씨엔티(주),23311,2,00156637,한국씨엔티(주),E,,1746110005246,23311,광주광역시 북구 무등로 239 (중흥동) 한국시멘트빌딩 5층,000,True,1,1746110005246,,False,False,매출·자산 확인 필요 (C단계)
I0700100019,한일현대시멘트 주식회사,23311,1,00164672,한일현대시멘트(주),E,006390,1101110111867,23311,서울특별시 서초구 효령로 275 서초동 1587 한일시멘트빌딩,000,True,1,1101110111867,,False,False,매출·자산 확인 필요 (C단계)
I0700100020,광진산업(주),23311,4,00960526,광진산업주식회사,E,,1546110000357,23312,"서울특별시 강남구 테헤란로98길 16 (대치동, 제주장학회관 602호)",000,True,1,1546110000357,,False,False,매출·자산 확인 필요 (C단계)
I0800100020,주식회사 디비메탈,24113,1,00652016,주식회사 디비메탈,E,,1101113836678,24113,서울특별시 강남구 테헤란로 432,000,True,1,1101113836678,,False,False,매출·자산 확인 필요 (C단계)
I0800100025,주식회사 세아창원특수강,24112,1,00231512,세아창원특수강 주식회사,E,,1942110025248,24123,경상남도 창원시 성산구 적현로 147,000,True,1,1942110025248,세아,True,False,"대기업 (상호출자제한 소속, 제외)"
I0800100026,한국제강 주식회사,24112,2,00174341,한국제강주식회사,E,,1943110002137,24121,경상남도 함안군 군북면 유현리 1365,000,True,2,1943110002137,,False,False,후보 여러 개 (수동 확인)
I0800100026,한국제강 주식회사,24112,2,01007408,한국제강주식회사,E,,1943110036334,24121,"경상남도 함안군 군북면 장백로 394 (유현리, 한국제강(주))",000,True,2,1943110036334,,False,False,후보 여러 개 (수동 확인)
I0800100033,홍덕산업(주),24123,1,00935627,홍덕산업(주),E,,1717110099505,24121,부산광역시 수영구 구락로141번길 37 (망미동),000,True,1,1717110099505,,False,False,매출·자산 확인 필요 (C단계)
I0800100034,환영철강공업,24112,1,00166546,환영철강공업(주),E,,1801110028026,24121,"충청남도 당진시 석문면 보덕포로 587 (삼화리, 환영철강)",000,True,1,1801110028026,,False,False,매출·자산 확인 필요 (C단계)
I0800120044,현대종합특수강 주식회사,24123,1,00864842,현대종합특수강 주식회사,E,,1101114505595,24123,경기도 안양시 동안구 시민대로 161,000,True,1,1101114505595,현대자동차,True,False,"대기업 (상호출자제한 소속, 제외)"
I0800120045,디케이동신(주),24191,1,00760069,디케이동신주식회사,E,,1101113850959,24191,"경상북도 포항시 남구 대송로 154 (괴동동, 디케이동신)",000,True,1,1101113850959,,False,False,매출·자산 확인 필요 (C단계)
I0800120050,진양특수강(주),24121,1,00150466,진양특수강(주),E,,1101110091613,24121,"서울특별시 강남구 영동대로85길 30 (대치동, 은탑타워Ⅱ) 9층",000,True,1,1101110091613,,False,False,매출·자산 확인 필요 (C단계)
I0800120052,고려강선(주),24123,1,00102672,고려강선 주식회사,E,,1845110000296,24123,"부산광역시 수영구 구락로 150 (망미동, 고려강선(주))",000,True,1,1845110000296,,False,False,매출·자산 확인 필요 (C단계)
I0800140083,일진제강(주),24132,1,00146658,일진제강(주),E,,1341110008412,24122,"전라북도 임실군 임실읍 호국로 1746 (이도리, 일진제강)",000,True,1,1341110008412,,False,False,매출·자산 확인 필요 (C단계)
I0800140092,(주)세아씨엠,24191,1,01240085,주식회사 세아씨엠,E,,2111110050667,24191,"전라북도 군산시 자유로 241 (소룡동, (주)세아씨엠)",000,True,1,2111110050667,세아,True,False,"대기업 (상호출자제한 소속, 제외)"
I0800170097,주식회사 심팩인더스트리,24113,1,00123648,(주)심팩인더스트리,E,005350,1201110012451,29230,인천광역시 서구 가좌로 64,000,False,1,1201110012451,,False,False,매출·자산 확인 필요 (C단계)
I0800200098,주식회사 포스코,24111,1,01620971,주식회사 포스코,E,,1717110171410,2411,경상북도 포항시 남구 동해안로 6261,000,True,1,1717110171410,포스코,True,False,"대기업 (상호출자제한 소속, 제외)"
I0800210099,주식회사 세아베스틸,24112,1,01629495,세아베스틸,E,,1101118256467,24119,서울특별시 마포구 양화로 45 세아타워,000,True,1,1101118256467,세아,True,False,"대기업 (상호출자제한 소속, 제외)"
I0900100002,노벨리스코리아 주식회사,24222,1,00276117,노벨리스코리아 주식회사,E,,1756110003950,24222,경상북도 영주시 적서공단로 23 (적서동),000,True,1,1756110003950,,False,False,매출·자산 확인 필요 (C단계)
I0900100011,성훈엔지니어링주식회사,24212,1,00205386,성훈엔지니어링주식회사,E,,1341110039813,23999,경기도 시흥시 정왕동 1291(시화공단 4나 101),000,False,1,1341110039813,,False,False,매출·자산 확인 필요 (C단계)
I0900110019,주식회사 세진메탈,24212,1,00441410,(주)세진메탈,E,,1812110007465,24212,울산광역시 울주군 온산읍 원봉로 15 (원산리),000,True,1,1812110007465,,False,False,매출·자산 확인 필요 (C단계)
I0900110020,하이호경금속 주식회사,24212,1,00766814,하이호경금속주식회사,E,,2111110023284,24212,"전라북도 군산시 새만금북로 133 (오식도동, 하이호경금속(주))",000,True,1,2111110023284,,False,False,매출·자산 확인 필요 (C단계)
I0900140049,울산알루미늄 주식회사,24212,1,01319996,울산알루미늄 주식회사,E,,2301110275676,24222,"울산광역시 남구 부두로 393 (여천동, 울산알루미늄)",000,True,1,2301110275676,,False,False,매출·자산 확인 필요 (C단계)
I0900150040,(주)동남,24212,8,00252764,(주)동남,E,,2143110000178,,전라북도 장수군 번암면 대론리 280,000,False,8,2143110000178,,False,False,후보 여러 개 (수동 확인)
I0900150040,(주)동남,24212,8,01096660,주식회사 동남,E,,1101110783955,46622,"경기도 시흥시 공단2대로 86 302 (정왕동, 시화공단1바)",000,False,8,1101110783955,,False,False,후보 여러 개 (수동 확인)
I0900150040,(주)동남,24212,8,00226680,주식회사 동남,E,,1846110001010,23322,경상남도 김해시 주촌면 선지리 125-2,000,False,8,1846110001010,,False,False,후보 여러 개 (수동 확인)
I0900150040,(주)동남,24212,8,00178435,주식회사 동남,E,,1901110004321,23993,"경상남도 창원시 마산회원구 자유무역6길 157 (봉암동, 동남(주))",000,False,8,1901110004321,,False,False,후보 여러 개 (수동 확인)
I0900150040,(주)동남,24212,8,00114871,주식회사 동남,E,,1801110026997,03111,부산광역시 서구 원양로 171 (암남동),000,False,8,1801110026997,,False,False,후보 여러 개 (수동 확인)
I0900150040,(주)동남,24212,8,00761882,주식회사 동남,E,,1201110168882,06,충청남도 천안시 동남구 성남면 대흥1길 173-130 (대흥리),000,False,8,1201110168882,,False,False,후보 여러 개 (수동 확인)
I0900150040,(주)동남,24212,8,00211147,주식회사 동남,E,,1243110020018,2812,전라남도 나주시 왕곡면 혁신산단5길 54 (덕산리),000,False,8,1243110020018,,False,False,후보 여러 개 (수동 확인)
I0900150040,(주)동남,24212,8,02008006,(주)동남,E,,1601110138803,29172,"대전광역시 유성구 죽동로 77-1 (죽동, 주식회사동남)",000,False,8,1601110138803,,False,False,후보 여러 개 (수동 확인)
I1000100018,한일제관(주),25991,1,00163169,한일제관(주),E,,1845110000543,25991,경상남도 양산시 유산공단4길 21 (유산동),000,True,1,1845110000543,,False,False,매출·자산 확인 필요 (C단계)
I1000200069,현대아이에프씨 주식회사,24112,1,01467460,현대아이에프씨 주식회사,E,,2013110081173,25912,전라남도 순천시 해룡면 율촌산단5로 46 (호두리) 현대아이에프씨,000,False,1,2013110081173,,False,False,매출·자산 확인 필요 (C단계)
IB002200008,주식회사 포스코모빌리티솔루션,24122,1,01479915,(주)포스코모빌리티솔루션,E,,1615110269609,30331,충청남도 천안시 서북구 직산읍 군수1길 115 포스코모빌리티솔루션,000,False,1,1615110269609,포스코,True,False,"대기업 (상호출자제한 소속, 제외)"
