name,segment,tier,energy_tj_avg,band
(주)성광벤드,B (철강·알루미늄·가공),확정,,신고 기준 미만 (GIR 없음)
(주)제일테크노스,B (철강·알루미늄·가공),확정,,신고 기준 미만 (GIR 없음)
KG케미칼(주),A (시멘트·비료),확정,432.0,소형 (500TJ 미만)
성신양회(주),A (시멘트·비료),확정,24956.0,"초대형 (10,000TJ 이상)"
아세아시멘트(주),A (시멘트·비료),확정,14250.0,"초대형 (10,000TJ 이상)"
금강공업(주),B (철강·알루미늄·가공),확정,245.0,소형 (500TJ 미만)
(주)대창스틸,B (철강·알루미늄·가공),확정,,신고 기준 미만 (GIR 없음)
부국철강(주),B (철강·알루미늄·가공),확정,,신고 기준 미만 (GIR 없음)
삼목에스폼(주),B (철강·알루미늄·가공),확정,660.0,"중형 (500~2,000TJ)"
(주)태양,B (철강·알루미늄·가공),확정,,신고 기준 미만 (GIR 없음)
(주)대륙제관,B (철강·알루미늄·가공),확정,,신고 기준 미만 (GIR 없음)
(주)하이스틸,B (철강·알루미늄·가공),확정,,신고 기준 미만 (GIR 없음)
(주)SIMPAC,B (철강·알루미늄·가공),확정,1452.0,"중형 (500~2,000TJ)"
삼현철강(주),B (철강·알루미늄·가공),확정,,신고 기준 미만 (GIR 없음)
한일철강(주),B (철강·알루미늄·가공),확정,,신고 기준 미만 (GIR 없음)
다스코(주),B (철강·알루미늄·가공),확정,,신고 기준 미만 (GIR 없음)
(주)NI스틸,B (철강·알루미늄·가공),확정,,신고 기준 미만 (GIR 없음)
조일알미늄(주),B (철강·알루미늄·가공),확정,1642.0,"중형 (500~2,000TJ)"
삼보산업 주식회사,B (철강·알루미늄·가공),확정,439.0,소형 (500TJ 미만)
태경산업(주),B (철강·알루미늄·가공),확정,1299.0,"중형 (500~2,000TJ)"
(주)알루코,B (철강·알루미늄·가공),확정,,신고 기준 미만 (GIR 없음)
동국제강(주),B (철강·알루미늄·가공),확정,22861.0,"초대형 (10,000TJ 이상)"
삼화왕관(주),B (철강·알루미늄·가공),확정,377.0,소형 (500TJ 미만)
(주)동국에스엔씨,B (철강·알루미늄·가공),확정,,신고 기준 미만 (GIR 없음)
씨에스윈드(주),B (철강·알루미늄·가공),확정,,신고 기준 미만 (GIR 없음)
(주)삼표시멘트,A (시멘트·비료),확정,30948.0,"초대형 (10,000TJ 이상)"
(주)원일특강,B (철강·알루미늄·가공),확정,,신고 기준 미만 (GIR 없음)
동국산업(주),B (철강·알루미늄·가공),확정,828.0,"중형 (500~2,000TJ)"
동국씨엠 주식회사,B (철강·알루미늄·가공),확정,6150.0,"대형 (2,000~10,000TJ)"
(주)대호특수강,B (철강·알루미늄·가공),확정,789.0,"중형 (500~2,000TJ)"
(주)태웅,B (철강·알루미늄·가공),확정,2902.0,"대형 (2,000~10,000TJ)"
아주스틸(주),B (철강·알루미늄·가공),확정,238.0,소형 (500TJ 미만)
주식회사 신스틸,B (철강·알루미늄·가공),확정,,신고 기준 미만 (GIR 없음)
(주)휴스틸,B (철강·알루미늄·가공),확정,613.0,"중형 (500~2,000TJ)"
(주)태광,B (철강·알루미늄·가공),확정,,신고 기준 미만 (GIR 없음)
삼아알미늄(주),B (철강·알루미늄·가공),확정,425.0,소형 (500TJ 미만)
고려제강(주),B (철강·알루미늄·가공),확정,1841.0,"중형 (500~2,000TJ)"
에스와이(주),B (철강·알루미늄·가공),확정,,신고 기준 미만 (GIR 없음)
경남스틸(주),B (철강·알루미늄·가공),확정,,신고 기준 미만 (GIR 없음)
KG스틸(주),B (철강·알루미늄·가공),확정,8625.0,"대형 (2,000~10,000TJ)"
(주)유니온,A (시멘트·비료),확정,1088.0,"중형 (500~2,000TJ)"
한주라이트메탈(주),B (철강·알루미늄·가공),확정,397.0,소형 (500TJ 미만)
한국철강(주),B (철강·알루미늄·가공),확정,5719.0,"대형 (2,000~10,000TJ)"
대한제강(주),B (철강·알루미늄·가공),확정,5706.0,"대형 (2,000~10,000TJ)"
케이비아이동양철관(주),B (철강·알루미늄·가공),확정,,신고 기준 미만 (GIR 없음)
DSR제강(주),B (철강·알루미늄·가공),확정,,신고 기준 미만 (GIR 없음)
넥스틸(주),B (철강·알루미늄·가공),확정,433.0,소형 (500TJ 미만)
디씨엠(주),B (철강·알루미늄·가공),확정,,신고 기준 미만 (GIR 없음)
동일산업(주),B (철강·알루미늄·가공),확정,2559.0,"대형 (2,000~10,000TJ)"
(주)한국특강,B (철강·알루미늄·가공),확정,6247.0,"대형 (2,000~10,000TJ)"
(주)케이피에프,B (철강·알루미늄·가공),확정,878.0,"중형 (500~2,000TJ)"
(주)TCC스틸,B (철강·알루미늄·가공),확정,672.0,"중형 (500~2,000TJ)"
한일시멘트(주),A (시멘트·비료),확정,31485.0,"초대형 (10,000TJ 이상)"
(주)대호에이엘,B (철강·알루미늄·가공),확정,569.0,"중형 (500~2,000TJ)"
(주)덕신이피씨,B (철강·알루미늄·가공),확정,,신고 기준 미만 (GIR 없음)
(주)대양금속,B (철강·알루미늄·가공),확정,388.0,소형 (500TJ 미만)
만호제강(주),B (철강·알루미늄·가공),확정,710.0,"중형 (500~2,000TJ)"
금강철강(주),B (철강·알루미늄·가공),확정,,신고 기준 미만 (GIR 없음)
와이케이스틸 주식회사,B (철강·알루미늄·가공),확정,3821.0,"대형 (2,000~10,000TJ)"
대한시멘트 주식회사,A (시멘트·비료),확정,1009.0,"중형 (500~2,000TJ)"
한라시멘트(주),A (시멘트·비료),확정,22775.0,"초대형 (10,000TJ 이상)"
쌍용씨앤이주식회사,A (시멘트·비료),확정,60825.0,"초대형 (10,000TJ 이상)"
한국씨엔티(주),A (시멘트·비료),확정,959.0,"중형 (500~2,000TJ)"
한국제강주식회사,B (철강·알루미늄·가공),확정,4132.0,"대형 (2,000~10,000TJ)"
홍덕산업(주),B (철강·알루미늄·가공),확정,1367.0,"중형 (500~2,000TJ)"
환영철강공업(주),B (철강·알루미늄·가공),확정,4167.0,"대형 (2,000~10,000TJ)"
디케이동신주식회사,B (철강·알루미늄·가공),확정,533.0,"중형 (500~2,000TJ)"
진양특수강(주),B (철강·알루미늄·가공),확정,567.0,"중형 (500~2,000TJ)"
일진제강(주),B (철강·알루미늄·가공),확정,1119.0,"중형 (500~2,000TJ)"
(주)세진메탈,B (철강·알루미늄·가공),확정,587.0,"중형 (500~2,000TJ)"
하이호경금속주식회사,B (철강·알루미늄·가공),확정,473.0,소형 (500TJ 미만)
한일제관(주),B (철강·알루미늄·가공),확정,1128.0,"중형 (500~2,000TJ)"
현대아이에프씨 주식회사,B (철강·알루미늄·가공),확정,4355.0,"대형 (2,000~10,000TJ)"
고려기초소재,A (시멘트·비료),잠재,397.0,소형 (500TJ 미만)
고려특수선재(주),B (철강·알루미늄·가공),잠재,450.3333333333333,소형 (500TJ 미만)
광양알루미늄 주식회사,B (철강·알루미늄·가공),잠재,1076.0,"중형 (500~2,000TJ)"
(주)대원농산,A (시멘트·비료),잠재,132.33333333333334,소형 (500TJ 미만)
동일알루미늄(주),B (철강·알루미늄·가공),잠재,404.0,소형 (500TJ 미만)
삼호제강주식회사,B (철강·알루미늄·가공),잠재,280.6666666666667,소형 (500TJ 미만)
(주)선일다이파스,B (철강·알루미늄·가공),잠재,431.0,소형 (500TJ 미만)
(주)성호금속,B (철강·알루미늄·가공),잠재,861.0,"중형 (500~2,000TJ)"
(주)신안주철,B (철강·알루미늄·가공),잠재,302.0,소형 (500TJ 미만)
주식회사 알테크노메탈,B (철강·알루미늄·가공),잠재,575.3333333333334,"중형 (500~2,000TJ)"
주식회사 에스피에스엔에이,A (시멘트·비료),잠재,790.0,"중형 (500~2,000TJ)"
(주)우신금속,B (철강·알루미늄·가공),잠재,359.3333333333333,소형 (500TJ 미만)
(주)코스틸,B (철강·알루미늄·가공),잠재,190.3333333333333,소형 (500TJ 미만)
(주)풍농,A (시멘트·비료),잠재,334.0,소형 (500TJ 미만)
(주)풍정주공,B (철강·알루미늄·가공),잠재,552.0,"중형 (500~2,000TJ)"
(주)한금,B (철강·알루미늄·가공),잠재,361.0,소형 (500TJ 미만)
한융금속(주),B (철강·알루미늄·가공),잠재,252.3333333333333,소형 (500TJ 미만)
한일캔 주식회사,B (철강·알루미늄·가공),잠재,439.3333333333333,소형 (500TJ 미만)
(주)화진철강,B (철강·알루미늄·가공),잠재,221.0,소형 (500TJ 미만)
삼화콘덴서공업(주),C (비CBAM),확정,531.6666666666666,"중형 (500~2,000TJ)"
(주)금비,C (비CBAM),확정,1159.6666666666667,"중형 (500~2,000TJ)"
주식회사 화승알앤에이,C (비CBAM),확정,420.3333333333333,소형 (500TJ 미만)
(주)진로발효,C (비CBAM),확정,734.0,"중형 (500~2,000TJ)"
이구산업(주),C (비CBAM),확정,735.0,"중형 (500~2,000TJ)"
유성기업(주),C (비CBAM),확정,282.6666666666667,소형 (500TJ 미만)
일신방직(주),C (비CBAM),확정,1047.6666666666667,"중형 (500~2,000TJ)"
아세아제지(주),C (비CBAM),확정,4316.666666666667,"대형 (2,000~10,000TJ)"
송원산업(주),C (비CBAM),확정,2728.333333333333,"대형 (2,000~10,000TJ)"
부산주공(주),C (비CBAM),확정,1692.6666666666667,"중형 (500~2,000TJ)"
태양금속공업(주),C (비CBAM),확정,406.0,소형 (500TJ 미만)
(주)와이솔,C (비CBAM),확정,315.0,소형 (500TJ 미만)
대덕전자(주),C (비CBAM),확정,2915.6666666666665,"대형 (2,000~10,000TJ)"
(주)벽산,C (비CBAM),확정,2126.333333333333,"대형 (2,000~10,000TJ)"
금호석유화학(주),C (비CBAM),확정,41563.66666666666,"초대형 (10,000TJ 이상)"
더블유씨피(주),C (비CBAM),확정,1854.3333333333333,"중형 (500~2,000TJ)"
(주)서흥,C (비CBAM),확정,766.0,"중형 (500~2,000TJ)"
대창단조(주),C (비CBAM),확정,208.0,소형 (500TJ 미만)
대한유화(주),C (비CBAM),확정,34279.0,"초대형 (10,000TJ 이상)"
(주)유한양행,C (비CBAM),확정,356.6666666666667,소형 (500TJ 미만)
현우산업(주),C (비CBAM),확정,320.3333333333333,소형 (500TJ 미만)
한국수출포장공업(주),C (비CBAM),확정,1878.6666666666667,"중형 (500~2,000TJ)"
영화금속(주),C (비CBAM),확정,1254.0,"중형 (500~2,000TJ)"
주식회사 디에스단석,C (비CBAM),확정,1552.0,"중형 (500~2,000TJ)"
한국무브넥스(주),C (비CBAM),확정,367.3333333333333,소형 (500TJ 미만)
(주)이수화학                             ,C (비CBAM),확정,4783.333333333333,"대형 (2,000~10,000TJ)"
(주)디엔오토모티브,C (비CBAM),확정,741.6666666666666,"중형 (500~2,000TJ)"
동화기업(주),C (비CBAM),확정,2588.333333333333,"대형 (2,000~10,000TJ)"
(주)원익아이피에스,C (비CBAM),확정,600.6666666666666,"중형 (500~2,000TJ)"
(주)후성,C (비CBAM),확정,797.0,"중형 (500~2,000TJ)"
피아이첨단소재(주),C (비CBAM),확정,1697.3333333333333,"중형 (500~2,000TJ)"
(주)티엘비,C (비CBAM),확정,459.0,소형 (500TJ 미만)
(주)비에이치,C (비CBAM),확정,363.3333333333333,소형 (500TJ 미만)
평화산업(주),C (비CBAM),확정,652.0,"중형 (500~2,000TJ)"
동우팜투테이블,C (비CBAM),확정,296.3333333333333,소형 (500TJ 미만)
(주)와이엠,C (비CBAM),확정,356.3333333333333,소형 (500TJ 미만)
(주)경보제약,C (비CBAM),확정,280.6666666666667,소형 (500TJ 미만)
제이더블유생명과학(주),C (비CBAM),확정,571.3333333333334,"중형 (500~2,000TJ)"
(주)켐트로닉스,C (비CBAM),확정,548.0,"중형 (500~2,000TJ)"
(주)메디톡스,C (비CBAM),확정,333.5,소형 (500TJ 미만)
국도화학(주),C (비CBAM),확정,1983.3333333333333,"중형 (500~2,000TJ)"
(주)심텍,C (비CBAM),확정,2271.6666666666665,"대형 (2,000~10,000TJ)"
조선내화 주식회사,C (비CBAM),확정,362.0,소형 (500TJ 미만)
하나머티리얼즈(주),C (비CBAM),확정,504.6666666666667,"중형 (500~2,000TJ)"
(주)종근당바이오,C (비CBAM),확정,1907.0,"중형 (500~2,000TJ)"
(주)대웅제약,C (비CBAM),확정,451.0,소형 (500TJ 미만)
하나마이크론(주),C (비CBAM),확정,760.6666666666666,"중형 (500~2,000TJ)"
무림피앤피(주),C (비CBAM),확정,13623.666666666666,"초대형 (10,000TJ 이상)"
무림에스피(주),C (비CBAM),확정,934.6666666666666,"중형 (500~2,000TJ)"
무림페이퍼(주),C (비CBAM),확정,3473.333333333333,"대형 (2,000~10,000TJ)"
에스티팜(주),C (비CBAM),확정,437.0,소형 (500TJ 미만)
해성디에스(주),C (비CBAM),확정,1469.0,"중형 (500~2,000TJ)"
대한제당(주),C (비CBAM),확정,1262.6666666666667,"중형 (500~2,000TJ)"
대상(주),C (비CBAM),확정,9705.0,"대형 (2,000~10,000TJ)"
(주)조흥,C (비CBAM),확정,344.3333333333333,소형 (500TJ 미만)
한국알콜산업(주),C (비CBAM),확정,1444.0,"중형 (500~2,000TJ)"
에스엘(주),C (비CBAM),확정,1127.3333333333333,"중형 (500~2,000TJ)"
대한약품공업(주),C (비CBAM),확정,442.3333333333333,소형 (500TJ 미만)
(주)넥센,C (비CBAM),확정,354.3333333333333,소형 (500TJ 미만)
한솔테크닉스(주),C (비CBAM),확정,144.0,소형 (500TJ 미만)
(주)종근당,C (비CBAM),확정,538.6666666666666,"중형 (500~2,000TJ)"
에이치케이이노엔 주식회사,C (비CBAM),확정,366.0,소형 (500TJ 미만)
대동기어(주),C (비CBAM),확정,313.0,소형 (500TJ 미만)
서울반도체(주),C (비CBAM),확정,128.0,소형 (500TJ 미만)
(주)케이이씨,C (비CBAM),확정,629.6666666666666,"중형 (500~2,000TJ)"
서울바이오시스(주),C (비CBAM),확정,1143.6666666666667,"중형 (500~2,000TJ)"
(주)태경비케이,C (비CBAM),확정,2558.0,"대형 (2,000~10,000TJ)"
성일하이텍 주식회사,C (비CBAM),확정,544.0,"중형 (500~2,000TJ)"
(주)엠에스씨,C (비CBAM),확정,581.6666666666666,"중형 (500~2,000TJ)"
KPX케미칼(주),C (비CBAM),확정,762.6666666666666,"중형 (500~2,000TJ)"
(주)이녹스첨단소재,C (비CBAM),확정,546.3333333333334,"중형 (500~2,000TJ)"
신대양제지(주),C (비CBAM),확정,2075.6666666666665,"대형 (2,000~10,000TJ)"
티케이지휴켐스(주),C (비CBAM),확정,1492.3333333333333,"중형 (500~2,000TJ)"
대한화섬(주),C (비CBAM),확정,1020.3333333333334,"중형 (500~2,000TJ)"
삼영전자공업(주),C (비CBAM),확정,895.0,"중형 (500~2,000TJ)"
그린케미칼(주),C (비CBAM),확정,1187.6666666666667,"중형 (500~2,000TJ)"
(주)보령,C (비CBAM),확정,304.0,소형 (500TJ 미만)
코스모화학(주),C (비CBAM),확정,1600.6666666666667,"중형 (500~2,000TJ)"
디와이피(주),C (비CBAM),확정,534.0,"중형 (500~2,000TJ)"
피케이씨(주),C (비CBAM),확정,4339.0,"대형 (2,000~10,000TJ)"
한솔제지(주),C (비CBAM),확정,16056.666666666666,"초대형 (10,000TJ 이상)"
주식회사 삼양패키징,C (비CBAM),확정,2815.0,"대형 (2,000~10,000TJ)"
(주)오리온,C (비CBAM),확정,1469.6666666666667,"중형 (500~2,000TJ)"
코스모신소재(주),C (비CBAM),확정,880.3333333333334,"중형 (500~2,000TJ)"
한국항공우주산업(주),C (비CBAM),확정,1395.0,"중형 (500~2,000TJ)"
(주)티씨케이,C (비CBAM),확정,713.0,"중형 (500~2,000TJ)"
일진전기(주),C (비CBAM),확정,301.0,소형 (500TJ 미만)
미원스페셜티케미칼(주),C (비CBAM),확정,1367.6666666666667,"중형 (500~2,000TJ)"
주식회사 에코프로머티리얼즈,C (비CBAM),확정,1318.6666666666667,"중형 (500~2,000TJ)"
태광산업(주),C (비CBAM),확정,12444.666666666666,"초대형 (10,000TJ 이상)"
(주)녹십자,C (비CBAM),확정,1624.0,"중형 (500~2,000TJ)"
케이지모빌리티(주),C (비CBAM),확정,2360.333333333333,"대형 (2,000~10,000TJ)"
남양유업(주),C (비CBAM),확정,1803.0,"중형 (500~2,000TJ)"
(주)네오오토,C (비CBAM),확정,347.3333333333333,소형 (500TJ 미만)
(주)한농화성,C (비CBAM),확정,348.0,소형 (500TJ 미만)
(주)오뚜기,C (비CBAM),확정,1843.0,"중형 (500~2,000TJ)"
(주)빙그레,C (비CBAM),확정,1172.3333333333333,"중형 (500~2,000TJ)"
솔브레인 주식회사,C (비CBAM),확정,1118.5,"중형 (500~2,000TJ)"
경창산업(주),C (비CBAM),확정,470.6666666666667,소형 (500TJ 미만)
(주)동성케미컬,C (비CBAM),확정,576.3333333333334,"중형 (500~2,000TJ)"
(주)엘앤에프,C (비CBAM),확정,2911.333333333333,"대형 (2,000~10,000TJ)"
대한제분(주),C (비CBAM),확정,445.3333333333333,소형 (500TJ 미만)
율촌화학(주),C (비CBAM),확정,1560.6666666666667,"중형 (500~2,000TJ)"
(주)농심,C (비CBAM),확정,3707.3333333333335,"대형 (2,000~10,000TJ)"
(주)에이프로젠바이오로직스,C (비CBAM),확정,433.6666666666667,소형 (500TJ 미만)
하이트진로(주),C (비CBAM),확정,2166.6666666666665,"대형 (2,000~10,000TJ)"
(주)한솔케미칼,C (비CBAM),확정,2907.333333333333,"대형 (2,000~10,000TJ)"
(주)삼기,C (비CBAM),확정,1214.0,"중형 (500~2,000TJ)"
넥센타이어(주),C (비CBAM),확정,4400.333333333333,"대형 (2,000~10,000TJ)"
유니온머티리얼(주),C (비CBAM),확정,756.6666666666666,"중형 (500~2,000TJ)"
(주)삼양사,C (비CBAM),확정,6158.666666666667,"대형 (2,000~10,000TJ)"
에이치엘만도(주),C (비CBAM),확정,1440.0,"중형 (500~2,000TJ)"
(주)이수페타시스,C (비CBAM),확정,943.3333333333334,"중형 (500~2,000TJ)"
페이퍼코리아(주),C (비CBAM),확정,1499.3333333333333,"중형 (500~2,000TJ)"
핸즈코퍼레이션(주),C (비CBAM),확정,1231.3333333333333,"중형 (500~2,000TJ)"
(주)서원,C (비CBAM),확정,239.5,소형 (500TJ 미만)
(주)대창,C (비CBAM),확정,628.6666666666666,"중형 (500~2,000TJ)"
에코플라스틱(주),C (비CBAM),확정,366.3333333333333,소형 (500TJ 미만)
(주)네패스,C (비CBAM),확정,326.3333333333333,소형 (500TJ 미만)
동원시스템즈(주),C (비CBAM),확정,4495.0,"대형 (2,000~10,000TJ)"
한국제지(주),C (비CBAM),확정,6223.666666666667,"대형 (2,000~10,000TJ)"
케이지에코솔루션(주),C (비CBAM),확정,28.0,소형 (500TJ 미만)
세방전지(주),C (비CBAM),확정,2972.0,"대형 (2,000~10,000TJ)"
(주)체리부로,C (비CBAM),확정,311.0,소형 (500TJ 미만)
(주)에스에프에이반도체,C (비CBAM),확정,598.6666666666666,"중형 (500~2,000TJ)"
(주)한솔홈데코,C (비CBAM),확정,1858.0,"중형 (500~2,000TJ)"
(주)에코프로비엠,C (비CBAM),확정,1965.3333333333333,"중형 (500~2,000TJ)"
엘비세미콘(주),C (비CBAM),확정,1298.3333333333333,"중형 (500~2,000TJ)"
삼양식품(주),C (비CBAM),확정,1553.6666666666667,"중형 (500~2,000TJ)"
미래나노텍(주),C (비CBAM),확정,558.0,"중형 (500~2,000TJ)"
대한조선 주식회사,C (비CBAM),확정,802.0,"중형 (500~2,000TJ)"
(주)동진쎄미켐,C (비CBAM),확정,556.3333333333334,"중형 (500~2,000TJ)"
대한방직(주),C (비CBAM),확정,431.3333333333333,소형 (500TJ 미만)
(주)와이지-원,C (비CBAM),확정,344.0,소형 (500TJ 미만)
주성엔지니어링(주),C (비CBAM),확정,313.3333333333333,소형 (500TJ 미만)
(주)풍산,C (비CBAM),확정,4867.666666666667,"대형 (2,000~10,000TJ)"
미원상사(주),C (비CBAM),확정,941.6666666666666,"중형 (500~2,000TJ)"
(주)케이씨,C (비CBAM),확정,2460.333333333333,"대형 (2,000~10,000TJ)"
(주)디에이피,C (비CBAM),확정,1626.6666666666667,"중형 (500~2,000TJ)"
(주)한창제지,C (비CBAM),확정,2402.333333333333,"대형 (2,000~10,000TJ)"
(주)피제이메탈,C (비CBAM),확정,339.6666666666667,소형 (500TJ 미만)
매일유업 주식회사,C (비CBAM),확정,2208.6666666666665,"대형 (2,000~10,000TJ)"
금호타이어(주),C (비CBAM),확정,4915.0,"대형 (2,000~10,000TJ)"
(주)휴비스,C (비CBAM),확정,5840.666666666667,"대형 (2,000~10,000TJ)"
애경케미칼(주),C (비CBAM),확정,1780.3333333333333,"중형 (500~2,000TJ)"
(주)인지디스플레이,C (비CBAM),확정,415.0,소형 (500TJ 미만)
한미약품(주),C (비CBAM),확정,1339.3333333333333,"중형 (500~2,000TJ)"
깨끗한나라(주),C (비CBAM),확정,4233.0,"대형 (2,000~10,000TJ)"
강남화성주식회사,C (비CBAM),잠재,310.6666666666667,소형 (500TJ 미만)
(주)경동원,C (비CBAM),잠재,165.5,소형 (500TJ 미만)
경산제지(주),C (비CBAM),잠재,1097.6666666666667,"중형 (500~2,000TJ)"
주식회사 경신전선,C (비CBAM),잠재,305.0,소형 (500TJ 미만)
경진단조(주),C (비CBAM),잠재,292.5,소형 (500TJ 미만)
고려용접봉 주식회사,C (비CBAM),잠재,346.3333333333333,소형 (500TJ 미만)
(주) 고려제지,C (비CBAM),잠재,3244.0,"대형 (2,000~10,000TJ)"
주식회사 광주글로벌모터스,C (비CBAM),잠재,403.0,소형 (500TJ 미만)
금호미쓰이화학주식회사,C (비CBAM),확정,3324.0,"대형 (2,000~10,000TJ)"
금호폴리켐주식회사,C (비CBAM),확정,5403.333333333333,"대형 (2,000~10,000TJ)"
금호피앤비화학(주),C (비CBAM),확정,10850.0,"초대형 (10,000TJ 이상)"
나투라페이퍼(주),C (비CBAM),잠재,1209.0,"중형 (500~2,000TJ)"
남강제지주식회사,C (비CBAM),잠재,226.66666666666663,소형 (500TJ 미만)
주식회사 네패스 라웨,C (비CBAM),잠재,129.0,소형 (500TJ 미만)
주식회사 녹수,C (비CBAM),잠재,471.6666666666667,소형 (500TJ 미만)
능원금속공업주식회사,C (비CBAM),잠재,478.3333333333333,소형 (500TJ 미만)
단일가스켐(주),C (비CBAM),잠재,882.5,"중형 (500~2,000TJ)"
대구텍 주식회사,C (비CBAM),잠재,1034.0,"중형 (500~2,000TJ)"
(주)대농,C (비CBAM),확정,108.0,소형 (500TJ 미만)
주식회사대동세라믹,C (비CBAM),잠재,542.3333333333334,"중형 (500~2,000TJ)"
대성라임켐주식회사,C (비CBAM),잠재,558.0,"중형 (500~2,000TJ)"
대성지엠텍주식회사,C (비CBAM),잠재,318.6666666666667,소형 (500TJ 미만)
대신염직공업주식회사,C (비CBAM),잠재,202.0,소형 (500TJ 미만)
대양제지공업(주),C (비CBAM),잠재,809.3333333333334,"중형 (500~2,000TJ)"
(주)대욱케스트,C (비CBAM),잠재,294.3333333333333,소형 (500TJ 미만)
대원알텍 주식회사,C (비CBAM),잠재,790.5,"중형 (500~2,000TJ)"
(주)대유코아,C (비CBAM),잠재,750.0,"중형 (500~2,000TJ)"
주식회사 대천텍스타일,C (비CBAM),잠재,249.66666666666663,소형 (500TJ 미만)
대한사료주식회사,C (비CBAM),잠재,243.0,소형 (500TJ 미만)
주식회사 대한세라믹스,C (비CBAM),잠재,599.6666666666666,"중형 (500~2,000TJ)"
대한소결금속(주),C (비CBAM),잠재,393.3333333333333,소형 (500TJ 미만)
대한슬래그 주식회사,C (비CBAM),잠재,543.3333333333334,"중형 (500~2,000TJ)"
대한제지주식회사,C (비CBAM),잠재,2390.6666666666665,"대형 (2,000~10,000TJ)"
주식회사 대화제지,C (비CBAM),잠재,6.0,소형 (500TJ 미만)
더블유스코프코리아(주),C (비CBAM),잠재,856.0,"중형 (500~2,000TJ)"
도레이배터리세퍼레이터필름 한국유한회사,C (비CBAM),잠재,1935.3333333333333,"중형 (500~2,000TJ)"
도레이비에스에프코팅한국 유한회사,C (비CBAM),잠재,429.3333333333333,소형 (500TJ 미만)
도레이첨단소재 주식회사,C (비CBAM),잠재,12109.0,"초대형 (10,000TJ 이상)"
주식회사 동방,C (비CBAM),잠재,827.6666666666666,"중형 (500~2,000TJ)"
동서석유화학,C (비CBAM),잠재,2205.333333333333,"대형 (2,000~10,000TJ)"
동서식품 주식회사,C (비CBAM),잠재,2572.333333333333,"대형 (2,000~10,000TJ)"
동서페더럴모굴주식회사,C (비CBAM),잠재,381.6666666666667,소형 (500TJ 미만)
동성화학공업(주),C (비CBAM),잠재,238.0,소형 (500TJ 미만)
(주)동신포리마,C (비CBAM),잠재,775.6666666666666,"중형 (500~2,000TJ)"
동아에코팩 주식회사,C (비CBAM),잠재,511.0,"중형 (500~2,000TJ)"
동우화인켐주식회사,C (비CBAM),잠재,5395.0,"대형 (2,000~10,000TJ)"
(주)동원F&B,C (비CBAM),확정,1829.0,"중형 (500~2,000TJ)"
동원페이퍼(주),C (비CBAM),확정,1476.6666666666667,"중형 (500~2,000TJ)"
동은단조(주),C (비CBAM),잠재,616.6666666666666,"중형 (500~2,000TJ)"
동일팩키지(주),C (비CBAM),잠재,421.3333333333333,소형 (500TJ 미만)
동호칼슘(주),C (비CBAM),잠재,278.5,소형 (500TJ 미만)
동화지앤피(주),C (비CBAM),잠재,342.6666666666667,소형 (500TJ 미만)
동희오토 주식회사,C (비CBAM),잠재,818.3333333333334,"중형 (500~2,000TJ)"
두원중공업 주식회사,C (비CBAM),잠재,499.6666666666667,소형 (500TJ 미만)
디아이지에어가스 주식회사,C (비CBAM),잠재,17522.666666666668,"초대형 (10,000TJ 이상)"
(주)디알액시온,C (비CBAM),잠재,268.0,소형 (500TJ 미만)
(주)로옴코리아,C (비CBAM),잠재,316.3333333333333,소형 (500TJ 미만)
롯데이네오스화학 주식회사,C (비CBAM),잠재,3455.0,"대형 (2,000~10,000TJ)"
르노코리아 주식회사,C (비CBAM),잠재,1321.5,"중형 (500~2,000TJ)"
린데코리아 주식회사,C (비CBAM),잠재,18792.0,"초대형 (10,000TJ 이상)"
마이크로웍스 주식회사,C (비CBAM),잠재,3715.0,"대형 (2,000~10,000TJ)"
마이크로웍스솔루션즈 주식회사,C (비CBAM),잠재,729.0,"중형 (500~2,000TJ)"
매그나칩반도체 유한회사,C (비CBAM),잠재,1384.6666666666667,"중형 (500~2,000TJ)"
(주)메타즈,C (비CBAM),잠재,216.3333333333333,소형 (500TJ 미만)
(주)면사랑,C (비CBAM),잠재,561.6666666666666,"중형 (500~2,000TJ)"
명화공업(주),C (비CBAM),잠재,834.3333333333334,"중형 (500~2,000TJ)"
(주)미래페이퍼,C (비CBAM),잠재,1026.0,"중형 (500~2,000TJ)"
바스프퍼포먼스폴리아마이드코리아 주식회사,C (비CBAM),잠재,1523.0,"중형 (500~2,000TJ)"
버슘머트리얼즈피엠코리아,C (비CBAM),잠재,461.0,소형 (500TJ 미만)
(주)베르상스퍼시픽,C (비CBAM),잠재,489.6666666666667,소형 (500TJ 미만)
주식회사 베어링아트,C (비CBAM),확정,1260.6666666666667,"중형 (500~2,000TJ)"
베페사징크코리아주식회사,C (비CBAM),잠재,155.0,소형 (500TJ 미만)
볼보그룹코리아(주),C (비CBAM),잠재,350.6666666666667,소형 (500TJ 미만)
브리티쉬아메리칸토바코코리아제조주식회사,C (비CBAM),잠재,441.6666666666667,소형 (500TJ 미만)
브이피에이치메탈 유한회사,C (비CBAM),잠재,581.3333333333334,"중형 (500~2,000TJ)"
비를라카본코리아 주식회사,C (비CBAM),잠재,478.0,소형 (500TJ 미만)
(주)비엠금속,C (비CBAM),잠재,264.6666666666667,소형 (500TJ 미만)
비테스코 테크놀로지스 코리아 (주),C (비CBAM),잠재,348.6666666666667,소형 (500TJ 미만)
유한회사 사조씨피케이,C (비CBAM),확정,2361.0,"대형 (2,000~10,000TJ)"
삼남석유화학주식회사,C (비CBAM),확정,2464.6666666666665,"대형 (2,000~10,000TJ)"
주식회사 삼동,C (비CBAM),잠재,973.3333333333334,"중형 (500~2,000TJ)"
삼신정밀(주),C (비CBAM),잠재,519.0,"중형 (500~2,000TJ)"
삼양이노켐 주식회사,C (비CBAM),확정,1734.6666666666667,"중형 (500~2,000TJ)"
삼양화성주식회사,C (비CBAM),확정,1850.6666666666667,"중형 (500~2,000TJ)"
삼양화인테크놀로지주식회사,C (비CBAM),확정,362.0,소형 (500TJ 미만)
삼영산업(주),C (비CBAM),잠재,471.0,소형 (500TJ 미만)
삼지금속공업주식회사,C (비CBAM),잠재,190.0,소형 (500TJ 미만)
(주)삼표산업,C (비CBAM),확정,1552.0,"중형 (500~2,000TJ)"
(주)삼화양행,C (비CBAM),잠재,1105.0,"중형 (500~2,000TJ)"
생고뱅이소바코리아 주식회사,C (비CBAM),잠재,755.6666666666666,"중형 (500~2,000TJ)"
(주)샤니,C (비CBAM),잠재,713.3333333333334,"중형 (500~2,000TJ)"
서영주정주식회사,C (비CBAM),잠재,411.3333333333333,소형 (500TJ 미만)
주식회사 서진캠,C (비CBAM),잠재,245.0,소형 (500TJ 미만)
서한이앤피,C (비CBAM),잠재,1144.0,"중형 (500~2,000TJ)"
선도화학(주),C (비CBAM),잠재,520.3333333333334,"중형 (500~2,000TJ)"
성신씨엠 주식회사,C (비CBAM),잠재,369.3333333333333,소형 (500TJ 미만)
성일요업주식회사,C (비CBAM),잠재,290.6666666666667,소형 (500TJ 미만)
성창보드주식회사,C (비CBAM),잠재,607.3333333333334,"중형 (500~2,000TJ)"
주식회사 세우,C (비CBAM),확정,352.3333333333333,소형 (500TJ 미만)
셰플러코리아 유한책임회사,C (비CBAM),잠재,1493.3333333333333,"중형 (500~2,000TJ)"
솔베이실리카코리아주식회사,C (비CBAM),잠재,740.6666666666666,"중형 (500~2,000TJ)"
솔브레인에스엘디주식회사,C (비CBAM),잠재,602.6666666666666,"중형 (500~2,000TJ)"
송학제지주식회사,C (비CBAM),잠재,75.33333333333333,소형 (500TJ 미만)
스미토모세이카폴리머스코리아 주식회사,C (비CBAM),잠재,1473.6666666666667,"중형 (500~2,000TJ)"
(유)스태츠칩팩코리아,C (비CBAM),잠재,1577.3333333333333,"중형 (500~2,000TJ)"
스템코(주),C (비CBAM),잠재,1020.0,"중형 (500~2,000TJ)"
신대양제지반월(주),C (비CBAM),잠재,958.6666666666666,"중형 (500~2,000TJ)"
신대일페이퍼 주식회사,C (비CBAM),잠재,895.0,"중형 (500~2,000TJ)"
(주)신동,C (비CBAM),잠재,286.6666666666667,소형 (500TJ 미만)
주식회사 신영포르투,C (비CBAM),잠재,823.6666666666666,"중형 (500~2,000TJ)"
신창제지공업주식회사,C (비CBAM),잠재,575.3333333333334,"중형 (500~2,000TJ)"
(주)신한중공업,C (비CBAM),잠재,235.0,소형 (500TJ 미만)
(주)신화메탈,C (비CBAM),잠재,436.0,소형 (500TJ 미만)
주식회사 쌍용씨앤비,C (비CBAM),잠재,1257.3333333333333,"중형 (500~2,000TJ)"
주식회사 씨이케이,C (비CBAM),잠재,1292.5,"중형 (500~2,000TJ)"
주식회사 씨텍,C (비CBAM),잠재,10434.333333333334,"초대형 (10,000TJ 이상)"
아반스트레이트코리아(주),C (비CBAM),잠재,93.33333333333331,소형 (500TJ 미만)
주식회사 아이유제지,C (비CBAM),잠재,270.3333333333333,소형 (500TJ 미만)
(주)아진피앤피,C (비CBAM),잠재,3323.6666666666665,"대형 (2,000~10,000TJ)"
주식회사 알트론김제,C (비CBAM),잠재,290.0,소형 (500TJ 미만)
주식회사 알트론전주,C (비CBAM),잠재,321.0,소형 (500TJ 미만)
앰코테크놀로지코리아(주),C (비CBAM),잠재,6850.0,"대형 (2,000~10,000TJ)"
어프로티움(주),C (비CBAM),잠재,3507.0,"대형 (2,000~10,000TJ)"
에드워드 코리아 (주),C (비CBAM),잠재,257.0,소형 (500TJ 미만)
에스앤에스아이앤씨(주),C (비CBAM),잠재,375.5,소형 (500TJ 미만)
에스에스엘엠 주식회사,C (비CBAM),잠재,425.3333333333333,소형 (500TJ 미만)
에스엔에프코리아(주),C (비CBAM),잠재,968.6666666666666,"중형 (500~2,000TJ)"
(주)에스제이금속,C (비CBAM),잠재,357.3333333333333,소형 (500TJ 미만)
에스케이스페셜티 주식회사,C (비CBAM),잠재,5678.333333333333,"대형 (2,000~10,000TJ)"
(유) 에스케이씨에보닉페록사이드코리아,C (비CBAM),잠재,773.0,"중형 (500~2,000TJ)"
에스케이에코프라임 주식회사,C (비CBAM),잠재,585.0,"중형 (500~2,000TJ)"
에스케이엔무브 주식회사,C (비CBAM),잠재,6305.0,"대형 (2,000~10,000TJ)"
에스파워 주식회사,C (비CBAM),잠재,31182.0,"초대형 (10,000TJ 이상)"
에스폼주식회사,C (비CBAM),잠재,0.0,소형 (500TJ 미만)
주식회사 에쓰큐씨,C (비CBAM),잠재,0.0,소형 (500TJ 미만)
에어리퀴드코리아 주식회사,C (비CBAM),잠재,3028.0,"대형 (2,000~10,000TJ)"
주식회사 에어퍼스트,C (비CBAM),잠재,14019.0,"초대형 (10,000TJ 이상)"
에어프로덕츠코리아주식회사,C (비CBAM),잠재,16391.0,"초대형 (10,000TJ 이상)"
에이에스이코리아 (주),C (비CBAM),잠재,2267.333333333333,"대형 (2,000~10,000TJ)"
에이지씨디스플레이글라스오창,C (비CBAM),잠재,262.3333333333333,소형 (500TJ 미만)
에이지씨화인테크노한국(주),C (비CBAM),잠재,3809.6666666666665,"대형 (2,000~10,000TJ)"
에이치디현대미포 주식회사,C (비CBAM),잠재,3009.0,"대형 (2,000~10,000TJ)"
에이치디현대인프라코어(주),C (비CBAM),잠재,1745.0,"중형 (500~2,000TJ)"
에이치에스지성동조선 주식회사,C (비CBAM),잠재,986.6666666666666,"중형 (500~2,000TJ)"
주식회사 에코라임,C (비CBAM),잠재,527.3333333333334,"중형 (500~2,000TJ)"
주식회사 에코프로에이피,C (비CBAM),확정,603.0,"중형 (500~2,000TJ)"
(주)에코프로이노베이션,C (비CBAM),확정,926.0,"중형 (500~2,000TJ)"
주식회사 에코프로이엠,C (비CBAM),확정,2062.6666666666665,"대형 (2,000~10,000TJ)"
주식회사 엔아이티,C (비CBAM),잠재,394.6666666666667,소형 (500TJ 미만)
(주)엔이티,C (비CBAM),잠재,401.6666666666667,소형 (500TJ 미만)
주식회사 엘비루셈,C (비CBAM),잠재,439.0,소형 (500TJ 미만)
엠이엠씨코리아주식회사,C (비CBAM),잠재,2440.333333333333,"대형 (2,000~10,000TJ)"
여천NCC(주),C (비CBAM),잠재,70475.66666666667,"초대형 (10,000TJ 이상)"
주식회사 영신물산,C (비CBAM),잠재,203.3333333333333,소형 (500TJ 미만)
오뚜기라면 주식회사,C (비CBAM),잠재,958.0,"중형 (500~2,000TJ)"
오라이온코리아 주식회사,C (비CBAM),잠재,878.0,"중형 (500~2,000TJ)"
(주)오미아코리아,C (비CBAM),잠재,917.3333333333334,"중형 (500~2,000TJ)"
오비맥주주식회사,C (비CBAM),잠재,1916.3333333333333,"중형 (500~2,000TJ)"
(주)오영,C (비CBAM),잠재,297.0,소형 (500TJ 미만)
오케이에프음료주식회사,C (비CBAM),잠재,381.0,소형 (500TJ 미만)
온세미컨덕터코리아(주),C (비CBAM),잠재,3077.6666666666665,"대형 (2,000~10,000TJ)"
주식회사 온셀텍,C (비CBAM),잠재,634.3333333333334,"중형 (500~2,000TJ)"
Y & T파워텍주식회사,C (비CBAM),잠재,374.6666666666667,소형 (500TJ 미만)
용산케미칼 주식회사,C (비CBAM),잠재,878.5,"중형 (500~2,000TJ)"
주식회사 우룡,C (비CBAM),잠재,721.3333333333334,"중형 (500~2,000TJ)"
(주)우성염직,C (비CBAM),잠재,196.0,소형 (500TJ 미만)
(주)우익반도체,C (비CBAM),잠재,628.3333333333334,"중형 (500~2,000TJ)"
우지막코리아주식회사,C (비CBAM),잠재,111.5,소형 (500TJ 미만)
울산피피주식회사,C (비CBAM),잠재,1190.6666666666667,"중형 (500~2,000TJ)"
원강산업 주식회사,C (비CBAM),잠재,439.0,소형 (500TJ 미만)
유한킴벌리 주식회사,C (비CBAM),잠재,3979.3333333333335,"대형 (2,000~10,000TJ)"
(주)유한화학,C (비CBAM),잠재,370.0,소형 (500TJ 미만)
이누스 주식회사,C (비CBAM),잠재,782.0,"중형 (500~2,000TJ)"
이스트만화이버코리아 주식회사,C (비CBAM),잠재,524.3333333333334,"중형 (500~2,000TJ)"
인프라에어홀딩스(주),C (비CBAM),잠재,5576.666666666667,"대형 (2,000~10,000TJ)"
(주)일강,C (비CBAM),잠재,411.5,소형 (500TJ 미만)
일산실업 주식회사,C (비CBAM),잠재,390.0,소형 (500TJ 미만)
(주)일진글로벌,C (비CBAM),확정,2397.6666666666665,"대형 (2,000~10,000TJ)"
재원산업주식회사,C (비CBAM),잠재,649.0,"중형 (500~2,000TJ)"
전기초자코리아 주식회사,C (비CBAM),잠재,697.0,"중형 (500~2,000TJ)"
주식회사 전주페이퍼,C (비CBAM),확정,8971.0,"대형 (2,000~10,000TJ)"
주식회사 정선라임,C (비CBAM),잠재,252.66666666666663,소형 (500TJ 미만)
주식회사 정·식품,C (비CBAM),잠재,361.6666666666667,소형 (500TJ 미만)
제이셋스태츠칩팩코리아(유),C (비CBAM),잠재,1990.0,"중형 (500~2,000TJ)"
(주)젤텍,C (비CBAM),잠재,479.3333333333333,소형 (500TJ 미만)
존슨일렉트릭오퍼레이션스 주식회사,C (비CBAM),잠재,333.3333333333333,소형 (500TJ 미만)
주식회사 중일,C (비CBAM),잠재,294.6666666666667,소형 (500TJ 미만)
(주)지엠씨,C (비CBAM),잠재,290.0,소형 (500TJ 미만)
진영페이퍼 주식회사,C (비CBAM),잠재,870.6666666666666,"중형 (500~2,000TJ)"
(주)진합,C (비CBAM),잠재,546.6666666666666,"중형 (500~2,000TJ)"
주식회사 진흥주물,C (비CBAM),잠재,537.0,"중형 (500~2,000TJ)"
주식회사 참프레,C (비CBAM),잠재,844.0,"중형 (500~2,000TJ)"
천일제지주식회사,C (비CBAM),잠재,870.6666666666666,"중형 (500~2,000TJ)"
(주)충무화학,C (비CBAM),잠재,625.6666666666666,"중형 (500~2,000TJ)"
(주)카길애그리퓨리나,C (비CBAM),잠재,441.0,소형 (500TJ 미만)
주식회사 카펙발레오,C (비CBAM),잠재,436.3333333333333,소형 (500TJ 미만)
(주)카프로,C (비CBAM),잠재,495.6666666666667,소형 (500TJ 미만)
케이브이머티리얼즈(주),C (비CBAM),잠재,423.0,소형 (500TJ 미만)
KC글라스(주),C (비CBAM),잠재,654.3333333333334,"중형 (500~2,000TJ)"
케이알코폴리머(유),C (비CBAM),잠재,381.3333333333333,소형 (500TJ 미만)
케이에이에프주식회사,C (비CBAM),잠재,386.3333333333333,소형 (500TJ 미만)
(주)케이에프엔티,C (비CBAM),잠재,425.5,소형 (500TJ 미만)
케이오씨(주),C (비CBAM),잠재,863.0,"중형 (500~2,000TJ)"
(주) 케이원전자,C (비CBAM),잠재,455.6666666666667,소형 (500TJ 미만)
주식회사 케이조선,C (비CBAM),잠재,1209.6666666666667,"중형 (500~2,000TJ)"
주식회사 코넥,C (비CBAM),잠재,685.3333333333334,"중형 (500~2,000TJ)"
코닝정밀소재 주식회사,C (비CBAM),잠재,9974.333333333334,"대형 (2,000~10,000TJ)"
(주)코다코,C (비CBAM),잠재,830.6666666666666,"중형 (500~2,000TJ)"
코리아피티지(주),C (비CBAM),잠재,920.0,"중형 (500~2,000TJ)"
코오롱이앤피(주),C (비CBAM),잠재,2125.0,"대형 (2,000~10,000TJ)"
크나우프석고보드 주식회사,C (비CBAM),잠재,2086.333333333333,"대형 (2,000~10,000TJ)"
유한회사 클라리오스델코,C (비CBAM),잠재,1044.0,"중형 (500~2,000TJ)"
타타대우모빌리티 주식회사 ,C (비CBAM),잠재,309.5,소형 (500TJ 미만)
태림페이퍼(주),C (비CBAM),확정,5906.666666666667,"대형 (2,000~10,000TJ)"
(주)태영열처리,C (비CBAM),잠재,294.0,소형 (500TJ 미만)
주식회사 태평양금속,C (비CBAM),잠재,700.0,"중형 (500~2,000TJ)"
티케이지에코머티리얼 주식회사,C (비CBAM),잠재,147.5,소형 (500TJ 미만)
(주)파리크라상,C (비CBAM),잠재,419.6666666666667,소형 (500TJ 미만)
파워마스터반도체주식회사,C (비CBAM),잠재,376.0,소형 (500TJ 미만)
파인트리포스마그네슘 주식회사,C (비CBAM),잠재,70.0,소형 (500TJ 미만)
파주전기초자(주),C (비CBAM),잠재,410.3333333333333,소형 (500TJ 미만)
팔미금속공업(주),C (비CBAM),잠재,303.0,소형 (500TJ 미만)
평화오일씰공업(주),C (비CBAM),잠재,322.0,소형 (500TJ 미만)
(주)포레스코,C (비CBAM),잠재,770.3333333333334,"중형 (500~2,000TJ)"
폴리미래 주식회사,C (비CBAM),잠재,1848.3333333333333,"중형 (500~2,000TJ)"
(주)풍전비철,C (비CBAM),잠재,346.0,소형 (500TJ 미만)
주식회사 퓨렉스,C (비CBAM),잠재,336.0,소형 (500TJ 미만)
주식회사 피앤오케미칼,C (비CBAM),잠재,912.3333333333334,"중형 (500~2,000TJ)"
주식회사 피엔디티,C (비CBAM),잠재,345.3333333333333,소형 (500TJ 미만)
피유코어 주식회사,C (비CBAM),잠재,537.0,"중형 (500~2,000TJ)"
주식회사 피케이엘,C (비CBAM),잠재,330.0,소형 (500TJ 미만)
주식회사 필맥스,C (비CBAM),잠재,418.6666666666667,소형 (500TJ 미만)
하이트진로산업 주식회사,C (비CBAM),확정,479.0,소형 (500TJ 미만)
(주)하이호휠,C (비CBAM),잠재,518.3333333333334,"중형 (500~2,000TJ)"
한국경남태양유전(주),C (비CBAM),잠재,1780.0,"중형 (500~2,000TJ)"
한국니토옵티칼(주),C (비CBAM),잠재,647.0,"중형 (500~2,000TJ)"
한국바스프 주식회사,C (비CBAM),잠재,9604.333333333334,"대형 (2,000~10,000TJ)"
한국알루미나,C (비CBAM),잠재,239.0,소형 (500TJ 미만)
주식회사 한국알스트롬,C (비CBAM),잠재,617.6666666666666,"중형 (500~2,000TJ)"
한국야금(주),C (비CBAM),잠재,335.5,소형 (500TJ 미만)
한국엔에스케이 (주),C (비CBAM),잠재,393.6666666666667,소형 (500TJ 미만)
한국엔지니어링플라스틱(주),C (비CBAM),잠재,3324.0,"대형 (2,000~10,000TJ)"
한국이네오스스티롤루션 주식회사,C (비CBAM),잠재,1637.0,"중형 (500~2,000TJ)"
한국지엠 (주),C (비CBAM),확정,4862.333333333333,"대형 (2,000~10,000TJ)"
한미정밀화학주식회사,C (비CBAM),잠재,324.3333333333333,소형 (500TJ 미만)
한세모빌리티 주식회사,C (비CBAM),잠재,485.0,소형 (500TJ 미만)
한솔페이퍼텍(주),C (비CBAM),확정,1212.6666666666667,"중형 (500~2,000TJ)"
(주)한양에스앤씨,C (비CBAM),잠재,340.0,소형 (500TJ 미만)
한전원자력연료(주),C (비CBAM),잠재,437.0,소형 (500TJ 미만)
주식회사 한진,C (비CBAM),잠재,1630.3333333333333,"중형 (500~2,000TJ)"
한황산업주식회사,C (비CBAM),잠재,749.0,"중형 (500~2,000TJ)"
핸즈식스 주식회사,C (비CBAM),잠재,1437.0,"중형 (500~2,000TJ)"
허드슨첨단소재코리아 주식회사,C (비CBAM),잠재,762.0,"중형 (500~2,000TJ)"
현대성우쏠라이트(주),C (비CBAM),잠재,833.6666666666666,"중형 (500~2,000TJ)"
현대성우캐스팅(주),C (비CBAM),잠재,3862.6666666666665,"대형 (2,000~10,000TJ)"
(주)현대엔지니어링,C (비CBAM),잠재,650.0,"중형 (500~2,000TJ)"
현대종합금속(주),C (비CBAM),잠재,372.0,소형 (500TJ 미만)
홍원제지(주),C (비CBAM),잠재,1371.5,"중형 (500~2,000TJ)"
주식회사 화승케미칼,C (비CBAM),잠재,513.3333333333334,"중형 (500~2,000TJ)"
희성촉매주식회사,C (비CBAM),확정,491.0,소형 (500TJ 미만)
