gir_name,gir_type,gir_industry,energy_tj_avg,n_cand,verdict,dart_name,corp_code,induty_code,corp_cls,wave,ftc_group
주식회사 고려시멘트,업체,"시멘트, 석회, 플라스터 및 그 외 제품 제조업",2010.0,2,후보 여러 개 (수동 확인),고려시멘트(주)(23311) / 주식회사 고려시멘트(23311),,,,,
고려특수선재(주),사업장 1곳,철강,450.3333333333333,1,추가 후보 (매출 판정 필요),고려특수선재(주),00102779,24123,E,해당,
광양알루미늄 주식회사,사업장 1곳,비철금속,1076.0,1,추가 후보 (매출 판정 필요),광양알루미늄주식회사,01540930,24222,E,해당,
(주)국제금속,업체,비철금속,287.5,3,후보 여러 개 (수동 확인),(주)국제금속(2511) / (주)국제금속(2511),,,,,
능원금속공업 주식회사,사업장 1곳,1차 비철금속 제조업,478.3333333333333,1,CBAM 비해당 → 제외,능원금속공업주식회사,00239693,24221,E,비해당,
담우물산(주),사업장 1곳,"시멘트, 석회, 플라스터 및 그 외 제품 제조업",200.66666666666663,1,CBAM 비해당 → 제외,담우물산(주),00920722,07110,E,비해당,
대구텍 유한책임회사,사업장 1곳,1차 비철금속 제조업,1034.0,1,CBAM 비해당 → 제외,대구텍 주식회사,00259004,29223,E,비해당,
대성라임켐 주식회사,업체,"시멘트, 석회, 플라스터 및 그 외 제품 제조업",558.0,1,CBAM 비해당 → 제외,대성라임켐주식회사,01943137,23312,E,비해당,
대성엠디아이(주),사업장 1곳,"시멘트, 석회, 플라스터 및 그 외 제품 제조업",815.5,1,CBAM 비해당 → 제외,대성엠디아이(주),00110413,07110,E,비해당,
대성지엠텍(주),업체,"시멘트, 석회, 플라스터 및 그 외 제품 제조업",318.6666666666667,1,CBAM 비해당 → 제외,대성지엠텍주식회사,00763747,23312,E,비해당,
(주)대욱케스트,사업장 1곳,철강,294.3333333333333,1,CBAM 비해당 → 제외,(주)대욱케스트,00865461,24329,E,비해당,
(주)대유코아,사업장 1곳,"시멘트, 석회, 플라스터 및 그 외 제품 제조업",750.0,1,CBAM 비해당 → 제외,(주)대유코아,00443524,20122,E,비해당,
동일알루미늄(주),사업장 1곳,비철금속,404.0,1,추가 후보 (매출 판정 필요),동일알루미늄(주),00118406,24222,E,해당,
주식회사 디비월드,업체,1차 철강 제조업,1680.0,1,CBAM 비해당 → 제외,주식회사 디비월드,00245375,91121,E,비해당,DB
디아이동일 주식회사,사업장 1곳,비철금속,391.0,1,CBAM 비해당 → 제외,디아이동일(주),00118345,46103,Y,비해당,
(주)디알액시온,사업장 1곳,비철금속,268.0,1,CBAM 비해당 → 제외,(주)디알액시온,00200442,30,E,비해당,
(주)디케이씨,사업장 1곳,철강,362.0,3,추가 후보 (매출 판정 필요),주식회사 디케이씨,00172246,24113,E,해당,
베페사징크코리아(주),사업장 1곳,1차 비철금속 제조업,155.0,1,CBAM 비해당 → 제외,베페사징크코리아주식회사,00758781,24213,E,비해당,
(주)비엠금속,사업장 1곳,철강,264.6666666666667,1,CBAM 비해당 → 제외,(주)비엠금속,00405889,24311,E,비해당,
주식회사 삼보광업,업체,"시멘트, 석회, 플라스터 및 그 외 제품 제조업",390.3333333333333,1,CBAM 비해당 → 제외,주식회사 삼보광업,00535968,07110,E,비해당,
삼신정밀(주),사업장 1곳,철강,519.0,1,CBAM 비해당 → 제외,삼신정밀(주),00351348,24312,E,비해당,
삼지금속공업 주식회사,사업장 1곳,비철금속,190.0,1,CBAM 비해당 → 제외,삼지금속공업주식회사,00622848,24213,E,비해당,
(주)삼표산업,업체,"시멘트, 석회, 플라스터 및 그 외 제품 제조업",1552.0,1,CBAM 비해당 → 제외,(주)삼표산업,00999032,23322,E,비해당,삼표
삼호제강주식회사,사업장 1곳,철강,280.6666666666667,1,추가 후보 (매출 판정 필요),삼호제강 주식회사,00407461,24121,E,해당,
주식회사 성보,사업장 1곳,철강,304.0,4,추가 후보 (매출 판정 필요),(주)성보,00494014,24212,E,해당,
성보공업(주),사업장 1곳,철강,275.5,0,DART 미매칭,,,,,,
(주)성신미네필드,사업장 1곳,시멘트,342.6666666666667,1,CBAM 비해당 → 제외,(주)성신미네필드,00875574,07110,E,비해당,
성신씨엠 주식회사,사업장 1곳,"시멘트, 석회, 플라스터 및 그 외 제품 제조업",369.3333333333333,1,CBAM 비해당 → 제외,성신씨엠 주식회사,00762368,23993,E,비해당,
(주)성호금속,사업장 2곳,철강,861.0,1,추가 후보 (매출 판정 필요),(주)성호금속,00527224,24131,E,해당,
(주)성호기업,사업장 1곳,철강,267.0,1,CBAM 비해당 → 제외,(주)성호기업,00612009,3831,E,비해당,
(주)세아특수강,사업장 1곳,1차 철강 제조업,1075.3333333333333,1,대기업 계열 → 제외,(주)세아특수강,00133991,24122,E,해당,세아
스틸싸이클 주식회사,사업장 1곳,1차 비철금속 제조업,782.3333333333334,1,CBAM 비해당 → 제외,스틸싸이클 주식회사,00892696,24213,E,비해당,영풍
스틸싸이클에스씨(주),사업장 1곳,1차 비철금속 제조업,74.33333333333333,1,CBAM 비해당 → 제외,스틸싸이클에스씨 주식회사,01087839,24213,E,비해당,영풍
(주)신동,사업장 1곳,"시멘트, 석회, 플라스터 및 그 외 제품 제조업",286.6666666666667,3,후보 여러 개 (수동 확인),(주)신동(30) / (주)신동(46332) / 주식회사 신동(07110),,,,,
(주)신안주철,사업장 1곳,철강,302.0,1,추가 후보 (매출 판정 필요),주식회사 신안주철,00415150,2411,E,해당,
(주)신우금속,사업장 1곳,철강,300.6666666666667,3,추가 후보 (매출 판정 필요),주식회사 신우금속,01916601,25111,E,해당,
(주)신화메탈,사업장 1곳,철강,436.0,1,CBAM 비해당 → 제외,(주)신화메탈,01875492,24311,E,비해당,
쌍용기초소재(주),사업장 1곳,시멘트,418.0,0,DART 미매칭,,,,,,
썬시멘트주식회사,사업장 1곳,시멘트,349.0,2,후보 여러 개 (수동 확인),썬시멘트(주)(23311) / 썬시멘트 주식회사(23311),,,,,
주식회사 에스엔엔씨,업체,1차 비철금속 제조업,15542.333333333334,1,CBAM 비해당 → 제외,주식회사 에스엔엔씨,00585486,24219,E,비해당,포스코
(주)에스제이금속,사업장 1곳,철강,357.3333333333333,1,CBAM 비해당 → 제외,(주)에스제이금속,00605911,24311,E,비해당,
에스케이넥실리스 주식회사,사업장 1곳,1차 비철금속 제조업,3179.0,1,CBAM 비해당 → 제외,에스케이넥실리스 주식회사,01351415,2629,E,비해당,에스케이
에스폼(주),사업장 1곳,1차 비철금속 제조업,0.0,1,CBAM 일부해당 → 제외,에스폼주식회사,00687438,24,E,일부해당,
주식회사 에스피네이처,업체,"시멘트, 석회, 플라스터 및 그 외 제품 제조업",658.0,1,CBAM 비해당 → 제외,(주)에스피네이처,00997210,46791,E,비해당,삼표
주식회사 에스피에스엔에이,사업장 1곳,"시멘트, 석회, 플라스터 및 그 외 제품 제조업",790.0,1,추가 후보 (매출 판정 필요),주식회사 에스피에스엔에이,01490097,23311,E,해당,
주식회사 에쓰큐씨,업체,"시멘트, 석회, 플라스터 및 그 외 제품 제조업",0.0,1,CBAM 비해당 → 제외,주식회사 에쓰큐씨,01657179,23993,E,비해당,
주식회사 에코라임,업체,"시멘트, 석회, 플라스터 및 그 외 제품 제조업",527.3333333333334,1,CBAM 비해당 → 제외,주식회사 에코라임,01872431,23312,E,비해당,
엘에스메탈 주식회사,사업장 1곳,비철금속,440.3333333333333,1,CBAM 일부해당 → 제외,엘에스메탈 주식회사,00805760,259,E,일부해당,엘에스
엘에스엠앤엠 주식회사,업체,1차 비철금속 제조업,8470.666666666666,1,CBAM 비해당 → 제외,엘에스엠앤엠주식회사,00288440,24211,E,비해당,엘에스
(주)우룡,업체,"시멘트, 석회, 플라스터 및 그 외 제품 제조업",721.3333333333334,1,CBAM 일부해당 → 제외,주식회사 우룡,00416849,233,E,일부해당,
(주)우신금속,사업장 1곳,비철금속,359.3333333333333,1,추가 후보 (매출 판정 필요),주식회사 우신금속,00142856,24212,E,해당,
주식회사 정선라임,사업장 1곳,"시멘트, 석회, 플라스터 및 그 외 제품 제조업",252.66666666666663,1,CBAM 비해당 → 제외,주식회사 정선라임,01028456,23312,E,비해당,
제이아이금속(주),사업장 1곳,비철금속,312.5,1,CBAM 비해당 → 제외,제이아이금속(주),01138805,3831,E,비해당,
(주)중일,사업장 1곳,1차 비철금속 제조업,294.6666666666667,1,CBAM 비해당 → 제외,주식회사 중일,00206288,24213,E,비해당,
주식회사 지알엠,사업장 1곳,1차 비철금속 제조업,979.0,2,후보 여러 개 (수동 확인),주식회사 지알엠(24211) / 지알엠(주)(68112),,,,,
지에스에코메탈 주식회사,사업장 1곳,비철금속,325.6666666666667,1,CBAM 비해당 → 제외,지에스에코메탈(주),00844167,3832,E,비해당,지에스
(주)진흥주물,사업장 1곳,철강,537.0,1,CBAM 비해당 → 제외,주식회사 진흥주물,00249113,24311,E,비해당,
(주)충무화학,업체,"시멘트, 석회, 플라스터 및 그 외 제품 제조업",625.6666666666666,1,CBAM 비해당 → 제외,(주)충무화학,00233617,23312,E,비해당,
(주)코스틸,사업장 1곳,1차 철강 제조업,190.33333333333331,2,추가 후보 (매출 판정 필요),(주)코스틸,00152844,24122,E,해당,
크나우프석고보드 주식회사,업체,"시멘트, 석회, 플라스터 및 그 외 제품 제조업",2086.333333333333,1,CBAM 비해당 → 제외,크나우프석고보드 주식회사,00255682,23323,E,비해당,
태봉광업 주식회사,업체,"시멘트, 석회, 플라스터 및 그 외 제품 제조업",640.0,1,CBAM 비해당 → 제외,태봉광업(주),00569035,07110,E,비해당,
주식회사 태영이엠씨,업체,"시멘트, 석회, 플라스터 및 그 외 제품 제조업",764.0,1,CBAM 비해당 → 제외,(주)태영이엠씨,00153913,07110,E,비해당,
(주)태우,사업장 1곳,비철금속,336.6666666666667,3,후보 여러 개 (수동 확인),(주)태우(68122) / (주)태우(24211) / 태우(주)(263),,,,,
팔미금속공업(주),사업장 1곳,철강,303.0,1,CBAM 비해당 → 제외,팔미금속공업(주),00232380,24312,E,비해당,
주식회사 팜한농,업체,"비료, 농약 및 살균ㆍ살충제 제조업",1043.3333333333333,1,CBAM 비해당 → 제외,(주)팜한농,00826435,2032,E,비해당,엘지
(주)풍전비철,사업장 1곳,비철금속,346.0,1,CBAM 일부해당 → 제외,(주)풍전비철,00363909,2421,E,일부해당,
한국기초소재(주),사업장 1곳,시멘트,338.3333333333333,1,CBAM 비해당 → 제외,한국기초소재(주),00813510,3831,E,비해당,
(주)한금,사업장 1곳,철강,361.0,1,추가 후보 (매출 판정 필요),주식회사 한금,00160728,24122,E,해당,
한융금속(주),사업장 1곳,비철금속,252.33333333333331,1,추가 후보 (매출 판정 필요),한융금속 주식회사,00403915,24212,E,해당,
현대석회(주),사업장 1곳,"시멘트, 석회, 플라스터 및 그 외 제품 제조업",242.0,0,DART 미매칭,,,,,,
(주)화진철강,사업장 1곳,철강,221.0,2,추가 후보 (매출 판정 필요),주식회사 화진철강,01096411,24121,E,해당,
(주)황조,업체,비철금속,89.0,1,CBAM 비해당 → 제외,주식회사 황조,00967015,38,E,비해당,
