name,report,keyword,unit,context
와이케이스틸 주식회사,감사보고서 (2025.12),소프트웨어,?,수 상 각 방 법 공업용수시설이용권 20년 정 액 법 소프트웨어 5년 정 액 법 2.12 비금융자산의 손상 내용연수가 비한정인 무형자산에 대하여는 매년 자산손상을 시사하는 징후가 있을 때 손상검사를 수행하고 있습니다. 손상차
와이케이스틸 주식회사,감사보고서 (2025.12),소프트웨어,천원,"원가 상각누계액 장부금액 취득원가 상각누계액 장부금액 소프트웨어 4,836,211 (2,856,097) 1,980,114 4,838,643 (1,922,893) 2,915,750 공업용수시설이용권 31,365 (31,364)"
와이케이스틸 주식회사,감사보고서 (2025.12),소프트웨어,천원,") 무형자산의 변동 내역 (단위 : 천원) 2025년 소프트웨어 공업용수시설이용권 회원권 합계 기초 2,915,750 4,182 290,263 3,210,195 취득 - - - - 처분 (1) - - (1) 감가상각비 (93"
와이케이스틸 주식회사,감사보고서 (2025.12),소프트웨어,천원,"- (2,887,461) (단위 : 천원) 2024년 소프트웨어 공업용수시설이용권 회원권 합계 기초 4,104,077 10,455 - 4,114,532 취득 92,614 - 290,263 382,877 처분 (118,046)"
대한시멘트 주식회사,감사보고서 (2025.12),소프트웨어,원,"기구비품의 취득 3,200,000 32,168,675 소프트웨어의 취득 - 5,000,000 건설중인자산의 취득 19,853,940 101,660,000 III. 재무활동으로 인한 현금흐름 (23,126,539,634) (4"
대한시멘트 주식회사,감사보고서 (2025.12),소프트웨어,천원,"구분 상각방법 내용연수 고객관계무형자산 정액법 11년 소프트웨어 정액법 2년, 4년 내용연수가 유한한 무형자산의 상각기간과 상각방법은 매 보고기간말에 재검토하며,이를 변경하는 것이 적절하다고 판단되는 경우 회계추정의 변경으로"
대한시멘트 주식회사,감사보고서 (2025.12),소프트웨어,천원,",496) 1 회원권 662,560 - 662,560 소프트웨어 836,250 (827,396) 8,854 합계 28,603,597 (7,051,892) 21,551,705 (전기말) (단위: 천원) 구분 취득원가 상각누계액"
대한시멘트 주식회사,감사보고서 (2025.12),소프트웨어,천원,",496) 1 회원권 662,560 - 662,560 소프트웨어 836,250 (816,457) 19,793 합계 28,603,597 (7,040,953) 21,562,644 (2) 당기 및 전기 중 무형자산의 변동내역은 다"
대한시멘트 주식회사,감사보고서 (2025.12),소프트웨어,천원,"- - 1 회원권 662,560 - - 662,560 소프트웨어 19,793 - (10,939) 8,854 합계 21,562,644 - (10,939) 21,551,705 (전기) (단위: 천원) 구분 기초 증가 상각 기말 "
대한시멘트 주식회사,감사보고서 (2025.12),소프트웨어,천원,"09) 1 회원권 662,560 - - 662,560 소프트웨어 32,170 5,000 (17,377) 19,793 합계 21,614,630 5,000 (56,986) 21,562,644 (3) 영업권의 손상평가경영진은 국내"
한라시멘트(주),감사보고서 (2025.12),소프트웨어,천원,"선이용권 121,289 (121,289) - - 컴퓨터소프트웨어 4,211,977 (4,099,641) - 112,336 영업권 36,671,802 (1,235,790) - 35,436,012 산업재산권 50,160 (46,"
한라시멘트(주),감사보고서 (2025.12),소프트웨어,천원,"선이용권 121,289 (121,289) - - 컴퓨터소프트웨어 4,604,444 (4,450,883) - 153,561 영업권 36,671,801 (1,235,789) - 35,436,012 산업재산권 49,859 (46,"
한라시멘트(주),감사보고서 (2025.12),소프트웨어,천원,"0) - - - 2,813 - (155,637) 컴퓨터소프트웨어 153,561 27,670 - - (68,895) - 112,336 영업권 35,436,012 - - - - - 35,436,012 산업재산권 3,321 302"
한라시멘트(주),감사보고서 (2025.12),소프트웨어,천원,"5) - - - 2,825 - (158,450) 컴퓨터소프트웨어 134,463 109,500 - - (90,402) - 153,561 영업권 35,436,012 - - - - - 35,436,012 산업재산권 3,428 - "
한라시멘트(주),감사보고서 (2025.12),소프트웨어,천원,"850,645 (8,004,826) 7,850,645 소프트웨어 11 (11) - - 기부금 1,416,306 987 (1,416,306) 987 기타 515,723 31,183 (120,043) 426,863 소계 102,"
쌍용씨앤이주식회사,사업보고서 (2025.12),(없음),,
한국씨엔티(주),감사보고서 (2025.12),(없음),,
한국제강주식회사,감사보고서 (2025.12),(없음),,
홍덕산업(주),감사보고서 (2025.12),(없음),,
환영철강공업(주),[기재정정]사업보고서 (2025.12),소프트웨어,천원,"자산의 상세내역 (단위: 천원) 당 기 말 회 원 권 소프트웨어 합 계 취득원가 1,271,165 31,235 1,302,400 상각및손상누계액 (227,104) (28,675) (255,779) 장부금액 1,044,061 "
환영철강공업(주),[기재정정]사업보고서 (2025.12),소프트웨어,천원,",046,621 (단위: 천원) 전 기 말 회 원 권 소프트웨어 합 계 취득원가 1,271,165 31,235 1,302,400 상각및손상누계액 (213,104) (28,675) (241,779) 장부금액 1,058,061 "
환영철강공업(주),[기재정정]사업보고서 (2025.12),소프트웨어,천원,"자산의 변동내역 (단위: 천원) 구 분 당 기 회원권 소프트웨어 합 계 기초 1,058,061 2,560 1,060,621 손상차손 (14,000) - (14,000) 기말 1,044,061 2,560 1,046,621 (단"
환영철강공업(주),[기재정정]사업보고서 (2025.12),소프트웨어,천원,",046,621 (단위: 천원) 구 분 전 기 회원권 소프트웨어 합 계 기초 1,034,061 2,560 1,036,621 손상차손환입 24,000 - 24,000 기말 1,058,061 2,560 1,060,621 14. "
디케이동신주식회사,감사보고서 (2025.12),소프트웨어,원,"중인자산의 증가 9,600,000 18,200,000 소프트웨어의 취득 - 3,000,000 보증금의 증가 27,000,000 173,998,760 Ⅲ. 재무활동현금흐름 (823,017,502) 3,651,114,323 (1"
디케이동신주식회사,감사보고서 (2025.12),소프트웨어,?,안 정액법으로 상각하고 있습니다. 구 분 추정내용연수 소프트웨어 5년 당사는 내용연수가 유한한 무형자산의 상각기간과 상각방법을 매 회계연도말에 재검토하고 변경이 필요한 경우 전진적으로 적용하고 있습니다. 회원권 및 전신전화가
디케이동신주식회사,감사보고서 (2025.12),소프트웨어,천원,"조금 장부금액 취득원가 상각누계액 정부보조금 장부금액 소프트웨어 823,197 (603,093) (108,727) 111,377 823,197 (466,878) (175,337) 180,982 (2) 당기와 전기 중 무형자산"
디케이동신주식회사,감사보고서 (2025.12),소프트웨어,천원," 득 상 각 기말잔액 기초잔액 취 득 상 각 기말잔액 소프트웨어 356,319 - (136,215) 220,104 489,084 3,000 (135,765) 356,319 정부보조금-소프트웨어 (175,337) - 66,61"
디케이동신주식회사,감사보고서 (2025.12),소프트웨어,천원,"3,000 (135,765) 356,319 정부보조금-소프트웨어 (175,337) - 66,610 (108,727) (241,946) - 66,610 (175,337) 합 계 180,982 - (69,605) 111,377 "
진양특수강(주),감사보고서 (2025.12),소프트웨어,원,"7) 788,531,668 394,666,668 1. 소프트웨어 788,531,668 394,666,668 (4) 기타비유동자산 1,132,306,207 1,132,306,207 1. 보증금 1,132,306,207 1,13"
진양특수강(주),감사보고서 (2025.12),소프트웨어,원,"가 2,581,052,300 948,329,556 사.소프트웨어의 증가 - 2,030,000 아.보증금의 증가 - 96,685,960 Ⅲ.재무활동으로 인한 현금흐름 4,775,669,249 (6,344,132,985) 1. "
진양특수강(주),감사보고서 (2025.12),소프트웨어,천원,"자산 :가. 무형자산의 변동내역(단위: 천원) 당 기 소프트웨어 기 초 394,667 증 가 590,000 상 각 (196,135) 기 말 788,532 전 기 소프트웨어 기 초 530,192 증 가 2,030 상 각 (13"
진양특수강(주),감사보고서 (2025.12),소프트웨어,천원,"상 각 (196,135) 기 말 788,532 전 기 소프트웨어 기 초 530,192 증 가 2,030 상 각 (137,555) 기 말 394,667 나. 무형자산상각비가 포함되어 있는 계정과목(단위: 천원) 구 분 당 기 "
일진제강(주),감사보고서 (2025.12),소프트웨어,?,"한 금액으로 표시됩니다. 내부적으로 창출한 무형자산인 소프트웨어 개발비는 기술적 실현가능성, 미래경제적효익 등을 포함한 자산 인식요건이 충족된 시점 이후에 발생한 지출금액의 합계입니다. 회원권은 이용 가능 기간에 대하여 예측"
(주)세진메탈,감사보고서 (2025.12),(없음),,
하이호경금속주식회사,감사보고서 (2025.12),소프트웨어,원,"(주석 8) 4,197,501 1,334,595 컴퓨터소프트웨어 4,197,501 1,334,595 (4) 기타비유동자산 622,098,355 811,597,625 보증금 (주석 9) 179,614,787 323,120,00"
하이호경금속주식회사,감사보고서 (2025.12),소프트웨어,?,. 과 목 내용연수 상각방법 산업재산권 10년 정액법 소프트웨어 5년 정액법 (9) 퇴직급여충당부채 당사는 임직원 퇴직금지급규정에 따라 보고기간종료일 현재 1년이상 근속한 전임직원이 일시에 퇴직할 경우에 지급하여야 할 퇴직금
하이호경금속주식회사,감사보고서 (2025.12),소프트웨어,천원,"다.(단위:천원) 구 분 기 초 증 가 감 소 기 말 소프트웨어 1,335 4,490 (1,627) 4,198 합 계 1,335 4,490 (1,627) 4,198 구 분 기 초 증 가 감 소 기 말 소프트웨어 4,113 -"
하이호경금속주식회사,감사보고서 (2025.12),소프트웨어,천원,"27) 4,198 구 분 기 초 증 가 감 소 기 말 소프트웨어 4,113 - (2,778) 1,335 합 계 4,113 - (2,778) 1,335 9. 보증금 당사의 기말현재 보증금은 다음과 같이 구성됩니다.(단위:천원)"
한일제관(주),감사보고서 (2025.12),(없음),,
현대아이에프씨 주식회사,감사보고서 (2025.12),(없음),,
