gir_name,gir_type,gir_industry,energy_tj_avg,status,corp_code,dart_name,induty_code,ksic2,corp_cls,ftc_group,cbam_wave
강남금융센터(주),사업장 1곳,건물,342.0,비제조업,,,,,,,
강남화성(주),사업장 1곳,석유화학,310.6666666666667,C 비상장 (규모 미판정),00100425,강남화성주식회사,20501,20,E,,비해당
강릉사천연료전지,사업장 1곳,발전에너지,8.0,비제조업,,,,,,,
강릉시,사업장 1곳,폐기물 처리업,594.3333333333334,DART 미매칭,,,,,,,
강릉에코파워(주),업체,발전에너지,46295.5,비제조업,,,,,,,
강변테크노마트 주식회사,사업장 1곳,건물,276.0,비제조업,,,,,,,
강원고속,사업장 1곳,육상 여객 운송업,233.0,비제조업,,,,,,,
강원대학교,사업장 1곳,건물,407.6666666666667,DART 미매칭,,,,,,,
(주)강원랜드,사업장 1곳,유원지 및 기타 오락관련 서비스업,1609.6666666666667,비제조업,,,,,,,
강원여객자동차,사업장 1곳,교통(여객),257.5,비제조업,,,,,,,
거제시,사업장 1곳,폐기물 처리업,495.0,DART 미매칭,,,,,,,
(주)건화,사업장 1곳,선박 및 보트 건조업,643.3333333333334,동명 제조사 여러 개,,,,,,,
(주)경기고속,업체,육상 여객 운송업,1851.3333333333333,비제조업,,,,,,,
경기그린에너지(주),업체,전기업,0.0,비제조업,,,,,,,
경기도 광주시,사업장 1곳,수도업,999.3333333333334,DART 미매칭,,,,,,,
주식회사경기상운,사업장 1곳,교통(여객),316.0,비제조업,,,,,,,
경기환경에너지(주),업체,폐기물 처리업,323.0,DART 미매칭,,,,,,,
경남고속뉴부산관광(주),사업장 1곳,교통(여객),238.0,비제조업,,,,,,,
(합)경남여객,사업장 1곳,육상 여객 운송업,720.6666666666666,DART 미매칭,,,,,,,
(주)경동,업체,석탄 광업,373.6666666666667,비제조업,,,,,,,
(주)경동원,사업장 1곳,기계,165.5,C 비상장 (규모 미판정),00126618,(주)경동원,23999,23,E,,비해당
주식회사 경방,사업장 1곳,건물,380.0,비제조업,,,,,,,
(주)경북고속,사업장 1곳,육상 여객 운송업,431.6666666666667,비제조업,,,,,,,
경북대학교,사업장 1곳,고등 교육기관,871.0,DART 미매칭,,,,,,,
경북대학교병원,사업장 1곳,건물,434.3333333333333,DART 미매칭,,,,,,,
경북환경에너지(주),업체,폐기물 처리업,184.0,DART 미매칭,,,,,,,
경산시,사업장 1곳,폐기물 처리업,665.6666666666666,DART 미매칭,,,,,,,
경산제지 주식회사,사업장 1곳,"펄프, 종이 및 판지 제조업",1097.6666666666667,C 비상장 (규모 미판정),00211341,경산제지(주),17105,17,E,,비해당
경상국립대학교,사업장 1곳,건물,430.6666666666667,DART 미매칭,,,,,,,
경상북도,사업장 1곳,폐기물 처리업,389.3333333333333,DART 미매칭,,,,,,,
(주)경신전선,사업장 1곳,전기전자,305.0,C 비상장 (규모 미판정),01150685,주식회사 경신전선,28302,28,E,,비해당
경원여객자동차(주),사업장 2곳,육상 여객 운송업,773.3333333333334,비제조업,,,,,,,
경인환경에너지 주식회사,사업장 1곳,폐기물 처리업,16.0,DART 미매칭,,,,,,,
경전여객자동차(주),사업장 1곳,교통(여객),119.0,비제조업,,,,,,,
경주시,사업장 1곳,폐기물 처리업,665.3333333333334,DART 미매칭,,,,,,,
경진단조(주),사업장 1곳,기계,292.5,C 비상장 (규모 미판정),00485928,경진단조(주),25912,25,E,,일부해당
경진여객운수(주),사업장 1곳,육상 여객 운송업,364.6666666666667,비제조업,,,,,,,
고덕그린에너지(주),사업장 1곳,전기업,16.0,비제조업,,,,,,,
고덕청정에너지주식회사,업체,발전에너지,12.0,비제조업,,,,,,,
고려고속훼리(주),사업장 1곳,해상 운송업,457.6666666666667,비제조업,,,,,,,
고려기초소재,사업장 1곳,기타 비금속 광물제품 제조업,397.0,CBAM 업종코드 해당 → A·B 추가 검토,00765860,고려기초소재(주),23311,23,E,,해당
주식회사 고려시멘트,업체,"시멘트, 석회, 플라스터 및 그 외 제품 제조업",2010.0,동명 제조사 여러 개,,,,,,,
고려용접봉 주식회사,사업장 1곳,기계,346.3333333333333,C 비상장 (규모 미판정),01605291,고려용접봉 주식회사,25944,25,E,,비해당
주식회사 고려제지,업체,"펄프, 종이 및 판지 제조업",3244.0,C 비상장 (규모 미판정),00219431,(주) 고려제지,17105,17,E,,비해당
고려특수선재(주),사업장 1곳,철강,450.3333333333333,CBAM 업종코드 해당 → A·B 추가 검토,00102779,고려특수선재(주),24123,24,E,,해당
고성그린파워 주식회사,업체,전기업,102885.0,비제조업,,,,,,,
고양시,업체,폐기물 처리업,1163.3333333333333,DART 미매칭,,,,,,,
공주시,사업장 1곳,폐기물,42.5,DART 미매칭,,,,,,,
(주)공항리무진,사업장 1곳,육상 여객 운송업,392.0,비제조업,,,,,,,
공항철도(주),사업장 1곳,육상 여객 운송업,1220.6666666666667,비제조업,,,,,,,
과천시,사업장 1곳,폐기물,102.66666666666669,DART 미매칭,,,,,,,
광명시,사업장 1곳,폐기물 처리업,323.0,DART 미매칭,,,,,,,
광양시,사업장 1곳,폐기물 처리업,141.66666666666666,DART 미매칭,,,,,,,
광양알루미늄 주식회사,사업장 1곳,비철금속,1076.0,CBAM 업종코드 해당 → A·B 추가 검토,01540930,광양알루미늄주식회사,24222,24,E,,해당
광주과학기술원,사업장 1곳,건물,508.3333333333333,DART 미매칭,,,,,,,
광주광역시,업체,폐기물 처리업,1624.3333333333333,DART 미매칭,,,,,,,
광주광역시도시철도공사,사업장 1곳,교통(철도),385.0,DART 미매칭,,,,,,,
광주교통공사,사업장 1곳,교통(철도),399.5,DART 미매칭,,,,,,,
주식회사 광주글로벌모터스,사업장 1곳,자동차,403.0,C 비상장 (규모 미판정),01434116,주식회사 광주글로벌모터스,30,30,E,,비해당
괴산군,사업장 1곳,폐기물,111.66666666666669,DART 미매칭,,,,,,,
구리농수산물공사,사업장 1곳,건물,362.5,DART 미매칭,,,,,,,
구리시,사업장 1곳,폐기물 처리업,828.0,DART 미매칭,,,,,,,
주식회사 구미그린,사업장 1곳,폐기물 처리업,28.0,비제조업,,,,,,,
구미시,업체,폐기물 처리업,1160.6666666666667,DART 미매칭,,,,,,,
국립대학법인 서울대학교,업체,고등 교육기관,3133.6666666666665,DART 미매칭,,,,,,,
국립암센터,사업장 1곳,건물,438.6666666666667,DART 미매칭,,,,,,,
주식회사 국민은행,업체,건물,1494.0,비제조업,,,,,,,
국방과학연구소,사업장 1곳,건물,478.6666666666667,DART 미매칭,,,,,,,
(주)국제금속,업체,비철금속,287.5,동명 제조사 여러 개,,,,,,,
국회사무처,사업장 1곳,건물,480.3333333333333,DART 미매칭,,,,,,,
군산시,사업장 1곳,폐기물 처리업,553.3333333333334,DART 미매칭,,,,,,,
군포시,사업장 1곳,폐기물 처리업,410.3333333333333,DART 미매칭,,,,,,,
주식회사 그린바이로,사업장 1곳,지정외 폐기물처리업,16.0,비제조업,,,,,,,
주식회사 그린밸리,사업장 1곳,폐기물 처리업,34.333333333333336,비제조업,,,,,,,
(주)그린스코,사업장 1곳,폐기물 처리업,101.0,비제조업,,,,,,,
그린에어 주식회사,업체,기초 화학물질 제조업,12017.333333333334,비제조업,,,,,,,
주식회사금강고속,사업장 1곳,육상 여객 운송업,337.6666666666667,비제조업,,,,,,,
(주)금남고속,사업장 1곳,육상 여객 운송업,316.0,비제조업,,,,,,,
금성수산(주),사업장 1곳,수산,212.0,비제조업,,,,,,,
금진해운(주),사업장 1곳,교통(해운),237.66666666666663,비제조업,,,,,,,
금호고속(주),업체,육상 여객 운송업,117.66666666666669,비제조업,,,,,,,
금호미쓰이화학 주식회사,사업장 1곳,기초 화학물질 제조업,3324.0,C 비상장 (공시대상집단 소속 = 중견),00168447,금호미쓰이화학주식회사,20119,20,E,금호석유화학,비해당
금호익스프레스 주식회사,업체,육상 여객 운송업,1392.6666666666667,비제조업,,,,,,,
금호폴리켐주식회사,업체,합성고무 및 플라스틱 물질 제조업,5403.333333333333,C 비상장 (공시대상집단 소속 = 중견),00106386,금호폴리켐주식회사,20201,20,E,금호석유화학,비해당
금호피앤비화학 주식회사,업체,기초 화학물질 제조업,10850.0,C 비상장 (공시대상집단 소속 = 중견),00106377,금호피앤비화학(주),20119,20,E,금호석유화학,비해당
기초과학연구원 ,사업장 1곳,건물,495.3333333333333,DART 미매칭,,,,,,,
김천시,사업장 1곳,"하수, 폐수 및 분뇨 처리업",392.3333333333333,DART 미매칭,,,,,,,
김천에너지서비스주식회사,업체,"증기, 냉ㆍ온수 및 공기 조절 공급업",7899.333333333333,비제조업,,,,,,,
김포시,사업장 1곳,폐기물 처리업,594.3333333333334,DART 미매칭,,,,,,,
김포운수(주),사업장 1곳,육상 여객 운송업,325.3333333333333,비제조업,,,,,,,
김해시,사업장 1곳,폐기물 처리업,1268.3333333333333,DART 미매칭,,,,,,,
나래에너지서비스 주식회사,업체,"증기, 냉ㆍ온수 및 공기 조절 공급업",33928.666666666664,비제조업,,,,,,,
나투라페이퍼 주식회사,업체,"펄프, 종이 및 판지 제조업",1209.0,C 비상장 (규모 미판정),01295766,나투라페이퍼(주),17102,17,E,,비해당
남강제지(주),사업장 1곳,"펄프, 종이 및 판지 제조업",226.66666666666663,C 비상장 (규모 미판정),00180157,남강제지주식회사,1710,17,E,,비해당
주식회사 남성버스,사업장 1곳,교통(여객),300.6666666666667,비제조업,,,,,,,
남양금속주식회사,사업장 1곳,"구조용 금속제품, 탱크 및 증기발생기 제조업",1767.3333333333333,동명 제조사 여러 개,,,,,,,
남양주시,업체,폐기물,1081.3333333333333,DART 미매칭,,,,,,,
(주)남해고속,사업장 1곳,교통(해운),338.0,비제조업,,,,,,,
(유)남해환경,사업장 1곳,폐기물 처리업,187.0,DART 미매칭,,,,,,,
내포그린에너지(주),사업장 1곳,"증기, 냉ㆍ온수 및 공기 조절 공급업",18711.33333333333,비제조업,,,,,,,
네이버 주식회사,사업장 1곳,"자료 처리, 호스팅, 포털 및 기타 인터넷 정보 매개 서비스업",2517.333333333333,DART 미매칭,,,,,,,
네이처이앤티(주),업체,폐기물 처리업,394.3333333333333,비제조업,,,,,,,
(주)네이처이앤티경주,사업장 1곳,지정외 폐기물처리업 등,5.0,비제조업,,,,,,,
주식회사 네패스 라웨,사업장 1곳,반도체,129.0,C 비상장 (규모 미판정),01484281,주식회사 네패스 라웨,26112,26,E,,비해당
노을그린에너지 주식회사,사업장 1곳,전기업,11.666666666666666,비제조업,,,,,,,
주식회사 녹수,사업장 1곳,석유화학,471.6666666666667,C 비상장 (규모 미판정),00369073,주식회사 녹수,22211,22,E,,비해당
논산시,사업장 1곳,폐기물,87.0,DART 미매칭,,,,,,,
(주)농협물류,사업장 1곳,도로 화물 운송업,433.0,비제조업,,,,,,,
(주)농협사료,업체,식료품 제조업,1788.6666666666667,대기업 계열 → 제외,00440156,(주)농협사료,1090,10,E,농협,비해당
농협은행 주식회사,업체,건물,1425.0,비제조업,,,,,,,
주식회사 뉴그린,업체,폐기물 처리업,234.33333333333331,비제조업,,,,,,,
능원금속공업 주식회사,사업장 1곳,1차 비철금속 제조업,478.3333333333333,C 비상장 (규모 미판정),00239693,능원금속공업주식회사,24221,24,E,,비해당
(주)다나에너지솔루션,사업장 1곳,폐기물 처리업,221.33333333333331,비제조업,,,,,,,
단일가스켐(주),사업장 1곳,석유화학,882.5,C 비상장 (규모 미판정),00939720,단일가스켐(주),20122,20,E,,비해당
담우물산(주),사업장 1곳,"시멘트, 석회, 플라스터 및 그 외 제품 제조업",200.66666666666663,비제조업,,,,,,,
당진시 자원순환센터,사업장 1곳,지정외 폐기물처리업 등,93.0,DART 미매칭,,,,,,,
대구광역시,업체,폐기물 처리업,5025.0,DART 미매칭,,,,,,,
대구교통공사,사업장 1곳,육상 여객 운송업,2068.0,DART 미매칭,,,,,,,
대구그린파워(주),업체,"증기, 냉ㆍ온수 및 공기 조절 공급업",12256.666666666666,비제조업,,,,,,,
대구염색산업단지관리공단,업체,"증기, 냉ㆍ온수 및 공기 조절 공급업",6835.666666666667,DART 미매칭,,,,,,,
대구텍 유한책임회사,사업장 1곳,1차 비철금속 제조업,1034.0,C 비상장 (규모 미판정),00259004,대구텍 주식회사,29223,29,E,,비해당
(주)대농,사업장 1곳,섬유,108.0,C 비상장 (공시대상집단 소속 = 중견),00109107,(주)대농,13101,13,E,신영,비해당
대동산업주식회사,사업장 1곳,"내화, 비내화 요업제품 제조업",257.0,동명 제조사 여러 개,,,,,,,
(주)대동세라믹,사업장 1곳,"내화, 비내화 요업제품 제조업",542.3333333333334,C 비상장 (규모 미판정),00867812,주식회사대동세라믹,23232,23,E,,비해당
주식회사 대륜발전,업체,"증기, 냉ㆍ온수 및 공기 조절 공급업",13222.0,비제조업,,,,,,,
대성라임켐 주식회사,업체,"시멘트, 석회, 플라스터 및 그 외 제품 제조업",558.0,C 비상장 (규모 미판정),01943137,대성라임켐주식회사,23312,23,E,,비해당
(주)대성에코에너지센터,업체,지정외 폐기물처리업,410.0,비제조업,,,,,,,
대성엠디아이(주),사업장 1곳,"시멘트, 석회, 플라스터 및 그 외 제품 제조업",815.5,비제조업,,,,,,,
대성지엠텍(주),업체,"시멘트, 석회, 플라스터 및 그 외 제품 제조업",318.6666666666667,C 비상장 (규모 미판정),00763747,대성지엠텍주식회사,23312,23,E,,비해당
대신염직공업(주),사업장 1곳,섬유,202.0,C 비상장 (규모 미판정),00110857,대신염직공업주식회사,13402,13,E,,비해당
대신정기화물자동차(주),사업장 1곳,도로 화물 운송업,655.6666666666666,비제조업,,,,,,,
대양제지공업(주),업체,"펄프, 종이 및 판지 제조업",809.3333333333334,C 비상장 (규모 미판정),00111227,대양제지공업(주),1710,17,E,,비해당
대양해운(주),사업장 1곳,교통(해운),258.0,비제조업,,,,,,,
대용산업,사업장 1곳,기계,369.6666666666667,DART 미매칭,,,,,,,
(주)대우건설,업체,건설,1206.6666666666667,비제조업,,,,,,,
(주)대욱케스트,사업장 1곳,철강,294.3333333333333,C 비상장 (규모 미판정),00865461,(주)대욱케스트,24329,24,E,,비해당
(주)대원고속,업체,육상 여객 운송업,1900.0,비제조업,,,,,,,
(주)대원농산,사업장 1곳,폐기물,132.33333333333334,CBAM 업종코드 해당 → A·B 추가 검토,01016336,주식회사 대원농산,2031,20,E,,해당
(주)대원버스,사업장 1곳,육상 여객 운송업,577.3333333333334,비제조업,,,,,,,
대원알텍 주식회사,사업장 1곳,자동차 신품 부품 제조업,790.5,C 비상장 (규모 미판정),01051409,대원알텍 주식회사,30,30,E,,비해당
(주)대원여객,사업장 1곳,교통(여객),315.3333333333333,비제조업,,,,,,,
(주)대원운수,사업장 1곳,육상 여객 운송업,589.6666666666666,비제조업,,,,,,,
주식회사 대유글로벌,사업장 1곳,자동차 신품 부품 제조업,740.0,DART 미매칭,,,,,,,
(주)대유코아,사업장 1곳,"시멘트, 석회, 플라스터 및 그 외 제품 제조업",750.0,C 비상장 (규모 미판정),00443524,(주)대유코아,20122,20,E,,비해당
대일개발 주식회사,사업장 1곳,폐기물 처리업,158.66666666666666,비제조업,,,,,,,
대전광역시,업체,폐기물 처리업,3032.0,DART 미매칭,,,,,,,
대전교통공사,사업장 1곳,교통(철도),394.6666666666667,DART 미매칭,,,,,,,
주식회사 대전신세계,사업장 1곳,건물,455.3333333333333,비제조업,,,,,,,
대전열병합발전주식회사,업체,"증기, 냉ㆍ온수 및 공기 조절 공급업",2930.0,비제조업,,,,,,,
대전충남양돈농협 포크빌축산물공판장,사업장 1곳,식료품 제조업,329.0,DART 미매칭,,,,,,,
대창운수(주),사업장 1곳,육상 여객 운송업,425.6666666666667,비제조업,,,,,,,
(주)대천텍스타일,사업장 1곳,섬유,249.66666666666663,C 비상장 (규모 미판정),00971382,주식회사 대천텍스타일,13403,13,E,,비해당
대한사료(주),사업장 1곳,식료품 제조업,243.0,C 비상장 (규모 미판정),00113012,대한사료주식회사,1090,10,E,,비해당
대한석탄공사,업체,석탄 광업,472.3333333333333,DART 미매칭,,,,,,,
주식회사 대한세라믹스,사업장 1곳,"내화, 비내화 요업제품 제조업",599.6666666666666,C 비상장 (규모 미판정),00192453,주식회사 대한세라믹스,2321,23,E,,비해당
대한소결금속(주),사업장 1곳,자동차,393.3333333333333,C 비상장 (규모 미판정),00113067,대한소결금속(주),25911,25,E,,일부해당
대한슬래그 주식회사,사업장 1곳,기타 비금속 광물제품 제조업,543.3333333333334,C 비상장 (규모 미판정),00800163,대한슬래그 주식회사,23993,23,E,,비해당
대한제지주식회사,업체,"펄프, 종이 및 판지 제조업",2390.6666666666665,C 비상장 (규모 미판정),00113270,대한제지주식회사,17102,17,E,,비해당
대한항공,업체,항공 여객 운송업,6623.333333333333,비제조업,,,,,,,
(주)대화제지,사업장 1곳,"펄프, 종이 및 판지 제조업",6.0,C 비상장 (규모 미판정),00113836,주식회사 대화제지,1710,17,E,,비해당
더블유스코프코리아(주),사업장 1곳,석유화학,856.0,C 비상장 (규모 미판정),00601669,더블유스코프코리아(주),2221,22,E,,비해당
주식회사 더블유티씨서울,사업장 1곳,부동산 임대 및 공급업,1177.6666666666667,DART 미매칭,,,,,,,
주식회사 덕양에너젠,업체,기초 화학물질 제조업,631.6666666666666,비제조업,,,,,,,
도레이배터리세퍼레이터필름 한국유한회사,사업장 1곳,일차전지 및 축전지 제조업,1935.3333333333333,C 비상장 (규모 미판정),01490103,도레이배터리세퍼레이터필름 한국유한회사,28202,28,E,,비해당
도레이비에스에프코팅한국 유한회사,사업장 1곳,일차전지 및 축전지 제조업,429.3333333333333,C 비상장 (규모 미판정),01490112,도레이비에스에프코팅한국 유한회사,28202,28,E,,비해당
도레이첨단소재 주식회사,업체,합성고무 및 플라스틱 물질 제조업,12109.0,C 비상장 (규모 미판정),00300973,도레이첨단소재 주식회사,2221,22,E,,비해당
도명특송(주),사업장 1곳,도로 화물 운송업,283.6666666666667,DART 미매칭,,,,,,,
(주)동광화학,사업장 1곳,석유화학,516.6666666666666,동명 제조사 여러 개,,,,,,,
동국홀딩스 주식회사,업체,부동산 임대 및 공급업,13.666666666666666,비제조업,,,,,,,
동두천드림파워,업체,전기업,56049.0,비제조업,,,,,,,
(주)동방,사업장 1곳,도로 화물 운송업,827.6666666666666,C 비상장 (규모 미판정),00300247,주식회사 동방,21230,21,E,,비해당
주식회사 동부고속,사업장 1곳,교통(여객),321.3333333333333,비제조업,,,,,,,
(주)동서기공,사업장 1곳,자동차 신품 부품 제조업,977.3333333333334,동명 제조사 여러 개,,,,,,,
동서석유화학 주식회사,업체,기초 화학물질 제조업,2205.333333333333,C 비상장 (규모 미판정),00115986,동서석유화학,20201,20,E,,비해당
동서식품(주),사업장 1곳,기타 식품 제조업,2572.333333333333,C 비상장 (규모 미판정),00115995,동서식품 주식회사,10891,10,E,,비해당
동서페더럴모굴(주),사업장 1곳,자동차,381.6666666666667,C 비상장 (규모 미판정),00115922,동서페더럴모굴주식회사,30,30,E,,비해당
동성교통(주),사업장 1곳,교통(여객),284.0,비제조업,,,,,,,
동성화물자동차(주),사업장 1곳,교통(화물),197.33333333333331,DART 미매칭,,,,,,,
동성화학공업(주),사업장 1곳,석유화학,238.0,C 비상장 (규모 미판정),00178657,동성화학공업(주),20202,20,E,,비해당
(주)동신포리마,사업장 1곳,플라스틱 제품 제조업,775.6666666666666,C 비상장 (규모 미판정),00230133,(주)동신포리마,22221,22,E,,비해당
주식회사 동아,사업장 1곳,기계,382.3333333333333,동명 제조사 여러 개,,,,,,,
동아에코팩 주식회사,사업장 1곳,유리,511.0,C 비상장 (규모 미판정),00135120,동아에코팩 주식회사,23192,23,E,,비해당
동아운수(주),사업장 1곳,교통(여객),301.6666666666667,비제조업,,,,,,,
(주)동양고속,사업장 1곳,육상 여객 운송업,757.6666666666666,비제조업,,,,,,,
동양산업(주),사업장 1곳,자동차,305.5,동명 제조사 여러 개,,,,,,,
동양산업(주) 성산지점,사업장 1곳,자동차,304.0,DART 미매칭,,,,,,,
동양피스톤(주),사업장 1곳,자동차 신품 부품 제조업,552.5,DART 미매칭,,,,,,,
(주)동양환경,업체,폐기물 처리업,608.0,비제조업,,,,,,,
동우화인켐주식회사,업체,사진장비 및 광학 기기 제조업,5395.0,C 비상장 (규모 미판정),00178897,동우화인켐주식회사,20119,20,E,,비해당
동원로엑스(주),사업장 1곳,도로 화물 운송업,908.6666666666666,비제조업,,,,,,,
동원산업(주),사업장 1곳,수산,99.0,동명 제조사 여러 개,,,,,,,
(주)동원F&B,업체,식료품 제조업,1829.0,C 비상장 (공시대상집단 소속 = 중견),00340917,(주)동원F&B,108,10,E,동원,비해당
동원페이퍼(주),사업장 1곳,"펄프, 종이 및 판지 제조업",1476.6666666666667,C 비상장 (공시대상집단 소속 = 중견),00428297,동원페이퍼(주),1721,17,E,글로벌세아,비해당
동은단조(주),사업장 1곳,자동차,616.6666666666666,C 비상장 (규모 미판정),00369754,동은단조(주),25912,25,E,,일부해당
동일알루미늄(주),사업장 1곳,비철금속,404.0,CBAM 업종코드 해당 → A·B 추가 검토,00118406,동일알루미늄(주),24222,24,E,,해당
동일팩키지(주),사업장 1곳,"펄프, 종이 및 판지 제조업",421.3333333333333,C 비상장 (규모 미판정),00574073,동일팩키지(주),1721,17,E,,비해당
동해시,사업장 1곳,폐기물,7.666666666666667,DART 미매칭,,,,,,,
동호칼슘(주),사업장 1곳,석유화학,278.5,C 비상장 (규모 미판정),01553305,동호칼슘(주),20129,20,E,,비해당
동화지앤피 주식회사,사업장 1곳,유리,342.6666666666667,C 비상장 (규모 미판정),00164733,동화지앤피(주),23192,23,E,,비해당
동희오토(주),사업장 1곳,자동차용 엔진 및 자동차 제조업,818.3333333333334,C 비상장 (규모 미판정),00442640,동희오토 주식회사,30121,30,E,,비해당
(주)두산테스나,사업장 1곳,반도체,978.6666666666666,비제조업,,,,,,,
두원중공업(주),사업장 1곳,일반 목적용 기계 제조업,499.6666666666667,C 비상장 (규모 미판정),00119724,두원중공업 주식회사,30,30,E,,비해당
주식회사 디비월드,업체,1차 철강 제조업,1680.0,비제조업,,,,,,,
디아이동일 주식회사,사업장 1곳,비철금속,391.0,비제조업,,,,,,,
디아이지에어가스 주식회사,업체,기초 화학물질 제조업,17522.666666666668,C 비상장 (규모 미판정),00110486,디아이지에어가스 주식회사,20122,20,E,,비해당
(주)디알액시온,사업장 1곳,비철금속,268.0,C 비상장 (규모 미판정),00200442,(주)디알액시온,30,30,E,,비해당
주식회사 디앤오,사업장 1곳,건물,345.6666666666667,비제조업,,,,,,,
디에스파워 주식회사,업체,"증기, 냉ㆍ온수 및 공기 조절 공급업",20320.666666666668,비제조업,,,,,,,
디엘건설(주),사업장 1곳,건설,447.5,비제조업,,,,,,,
디엘모터스(주),사업장 1곳,자동차 신품 부품 제조업,1062.6666666666667,대기업 계열 → 제외,00109772,DL모터스(주),30331,30,E,DL,비해당
디엘에프엔씨 주식회사,사업장 1곳,플라스틱 제품 제조업,454.3333333333333,대기업 계열 → 제외,01477698,DL에프엔씨,22212,22,E,DL,비해당
디엘이앤씨(주),업체,건설,1018.3333333333334,비제조업,,,,,,,
디엘케미칼 주식회사,업체,합성고무 및 플라스틱 물질 제조업,4217.0,대기업 계열 → 제외,01524817,DL케미칼 주식회사,2020,20,E,DL,비해당
(주)디케이씨,사업장 1곳,철강,362.0,동명 제조사 여러 개,,,,,,,
람정제주개발 주식회사,사업장 1곳,일반 및 생활 숙박시설 운영업,833.0,DART 미매칭,,,,,,,
(주)로옴코리아,사업장 1곳,반도체,316.3333333333333,C 비상장 (규모 미판정),00120368,(주)로옴코리아,2612,26,E,,비해당
롯데건설(주),사업장 1곳,건설,1025.5,비제조업,,,,,,,
롯데관광개발 주식회사,사업장 1곳,일반 및 생활 숙박시설 운영업,674.3333333333334,비제조업,,,,,,,
롯데글로벌로지스(주),사업장 1곳,도로 화물 운송업,1202.0,비제조업,,,,,,,
롯데네슬레코리아(주),사업장 1곳,기타 식품 제조업,684.3333333333334,대기업 계열 → 제외,00157016,롯데네슬레코리아주식회사,10891,10,E,롯데,비해당
롯데물산(주),사업장 1곳,부동산 임대 및 공급업,765.3333333333334,비제조업,,,,,,,
롯데베르살리스엘라스토머스(주),사업장 1곳,합성고무 및 플라스틱 물질 제조업,2752.333333333333,대기업 계열 → 제외,01003378,롯데베르살리스 엘라스토머스 주식회사 ,20201,20,E,롯데,비해당
롯데쇼핑 주식회사,업체,종합 소매업,14466.0,비제조업,,,,,,,
롯데알미늄 주식회사,사업장 1곳,기타 금속 가공제품 제조업,1376.0,대기업 계열 → 제외,00120535,롯데알미늄주식회사,24222,24,E,롯데,해당
롯데엠시시 주식회사,업체,기초 화학물질 제조업,2698.333333333333,대기업 계열 → 제외,00587280,롯데엠시시 주식회사,20111,20,E,롯데,비해당
롯데이네오스화학 주식회사,업체,기초 화학물질 제조업,3455.0,C 비상장 (규모 미판정),00126238,롯데이네오스화학 주식회사,20111,20,E,,비해당
 롯데이노베이트(주),사업장 1곳,"컴퓨터 프로그래밍, 시스템 통합 및 관리업",2546.0,비제조업,,,,,,,
롯데정보통신(주),사업장 1곳,"컴퓨터 프로그래밍, 시스템 통합 및 관리업",2440.0,DART 미매칭,,,,,,,
롯데지에스화학주식회사,업체,석유화학,3748.5,대기업 계열 → 제외,01452130,롯데지에스화학주식회사,20111,20,E,롯데,비해당
롯데컬처웍스 주식회사,업체,건물,1015.0,비제조업,,,,,,,
롯데패키징솔루션즈 주식회사,업체,기계,1001.5,대기업 계열 → 제외,01854019,롯데패키징솔루션즈,2599,25,E,롯데,일부해당
르노코리아 주식회사,사업장 1곳,자동차용 엔진 및 자동차 제조업,1321.5,C 비상장 (규모 미판정),00361105,르노코리아 주식회사,30121,30,E,,비해당
르노코리아자동차(주),사업장 1곳,자동차용 엔진 및 자동차 제조업,1269.0,DART 미매칭,,,,,,,
리뉴랜드경주 주식회사,업체,폐기물 처리업,28.666666666666668,비제조업,,,,,,,
리뉴에너지경기 주식회사,사업장 1곳,폐기물 처리업,170.33333333333334,비제조업,,,,,,,
리뉴에너지경북 주식회사,사업장 1곳,폐기물 처리업,183.33333333333331,비제조업,,,,,,,
 리뉴에너지경인 주식회사,사업장 1곳,폐기물 처리업,57.0,비제조업,,,,,,,
리뉴에너지그린 주식회사,사업장 1곳,폐기물 처리업,40.66666666666666,비제조업,,,,,,,
리뉴에너지대원 주식회사,사업장 1곳,폐기물 처리업,403.6666666666667,비제조업,,,,,,,
리뉴에너지새한 주식회사,사업장 1곳,폐기물 처리업,150.0,비제조업,,,,,,,
리뉴에너지충북(주),업체,폐기물 처리업,216.33333333333331,비제조업,,,,,,,
리뉴에너지충청(주),사업장 1곳,폐기물 처리업,120.66666666666669,비제조업,,,,,,,
린데코리아 주식회사,업체,기초 화학물질 제조업,18792.0,C 비상장 (규모 미판정),00144261,린데코리아 주식회사,20122,20,E,,비해당
마이크로소프트5673코리아 유한책임회사,사업장 1곳,"자료 처리, 호스팅, 포털 및 기타 인터넷 정보 매개 서비스업",1566.0,DART 미매칭,,,,,,,
마이크로웍스 주식회사,업체,플라스틱 제품 제조업,3715.0,C 비상장 (규모 미판정),01894752,마이크로웍스 주식회사,22,22,E,,비해당
마이크로웍스솔루션즈 주식회사,사업장 1곳,플라스틱 제품 제조업,729.0,C 비상장 (규모 미판정),00648350,마이크로웍스솔루션즈 주식회사,2221,22,E,,비해당
매그나칩반도체(유),업체,반도체 제조업,1384.6666666666667,C 비상장 (규모 미판정),01442090,매그나칩반도체 유한회사,26112,26,E,,비해당
주식회사 메타즈,업체,기계,216.33333333333331,C 비상장 (규모 미판정),00663304,(주)메타즈,25912,25,E,,일부해당
(주)면사랑,사업장 1곳,식료품 제조업,561.6666666666666,C 비상장 (규모 미판정),00301477,(주)면사랑,10,10,E,,비해당
주식회사 명성,사업장 1곳,육상 여객 운송업,415.3333333333333,동명 제조사 여러 개,,,,,,,
주식회사 명성환경,사업장 1곳,폐기물 처리업,224.33333333333331,비제조업,,,,,,,
명화공업(주),사업장 1곳,자동차 신품 부품 제조업,834.3333333333334,C 비상장 (규모 미판정),00121242,명화공업(주),30,30,E,,비해당
모나용평 주식회사,사업장 1곳,일반 및 생활 숙박시설 운영업,685.5,비제조업,,,,,,,
목포시,사업장 1곳,폐기물 처리업,382.0,DART 미매칭,,,,,,,
무림파워텍 주식회사,업체,"증기, 냉ㆍ온수 및 공기 조절 공급업",2226.0,비제조업,,,,,,,
무안군,사업장 1곳,폐기물,103.0,DART 미매칭,,,,,,,
주식회사 무주덕유산리조트,사업장 1곳,건물,315.3333333333333,비제조업,,,,,,,
주식회사 문화방송,사업장 1곳,건물,349.6666666666667,비제조업,,,,,,,
(주)미래페이퍼,사업장 1곳,"펄프, 종이 및 판지 제조업",1026.0,C 비상장 (규모 미판정),00368825,(주)미래페이퍼,1710,17,E,,비해당
밀양시,사업장 1곳,폐기물,65.33333333333333,DART 미매칭,,,,,,,
바스프퍼포먼스폴리아마이드코리아 주식회사,사업장 1곳,기초 화학물질 제조업,1523.0,C 비상장 (규모 미판정),00299491,바스프퍼포먼스폴리아마이드코리아 주식회사,20202,20,E,,비해당
백광산업 주식회사,업체,기초 화학물질 제조업,3977.0,DART 미매칭,,,,,,,
버슘머트리얼즈피엠코리아,사업장 1곳,기초 화학물질 제조업,461.0,C 비상장 (규모 미판정),01526772,버슘머트리얼즈피엠코리아,20122,20,E,,비해당
주식회사 범우,사업장 1곳,폐기물 처리업,73.66666666666667,동명 제조사 여러 개,,,,,,,
범일운수,사업장 1곳,교통(여객),310.0,비제조업,,,,,,,
(주)베르상스퍼시픽,사업장 1곳,유리 및 유리제품 제조업,489.6666666666667,C 비상장 (규모 미판정),00628897,(주)베르상스퍼시픽,23192,23,E,,비해당
주식회사 베어링아트,사업장 1곳,자동차 신품 부품 제조업,1260.6666666666667,C 비상장 (공시대상집단 소속 = 중견),00914828,주식회사 베어링아트,30,30,E,일진글로벌,비해당
베올리아산업개발코리아 주식회사,사업장 1곳,수도업,1620.0,비제조업,,,,,,,
베올리아워터코리아대산(주),사업장 1곳,수도업,1855.5,비제조업,,,,,,,
베페사징크코리아(주),사업장 1곳,1차 비철금속 제조업,155.0,C 비상장 (규모 미판정),00758781,베페사징크코리아주식회사,24213,24,E,,비해당
보령시,사업장 1곳,폐기물 처리업,310.0,DART 미매칭,,,,,,,
보령엘엔지터미널 주식회사,사업장 1곳,연료용 가스 제조 및 배관공급업,1153.3333333333333,비제조업,,,,,,,
(주)보림씨에스,사업장 1곳,폐기물 처리업,24.0,비제조업,,,,,,,
보영운수(주),사업장 1곳,교통(여객),230.33333333333331,비제조업,,,,,,,
보임열병합발전 주식회사,업체,"증기, 냉ㆍ온수 및 공기 조절 공급업",10537.666666666666,비제조업,,,,,,,
볼보그룹코리아(주),사업장 1곳,기계,350.6666666666667,C 비상장 (규모 미판정),00259341,볼보그룹코리아(주),29241,29,E,,비해당
부경산업(주),사업장 1곳,폐기물 처리업,121.0,비제조업,,,,,,,
부산광역시,업체,폐기물 처리업,8259.0,DART 미매칭,,,,,,,
부산교통(주),사업장 1곳,교통(여객),183.0,비제조업,,,,,,,
부산교통공사,업체,육상 여객 운송업,3264.0,비제조업,,,,,,,
부산그린에너지(주),업체,발전에너지,5.5,비제조업,,,,,,,
부산그린파워(주),사업장 1곳,폐기물 처리업,14.333333333333334,비제조업,,,,,,,
부산대학교,사업장 1곳,고등 교육기관,712.3333333333334,DART 미매칭,,,,,,,
부산대학교병원,사업장 1곳,건물,844.0,DART 미매칭,,,,,,,
(주)부산도시가스,사업장 1곳,"증기, 냉ㆍ온수 및 공기 조절 공급업",367.0,비제조업,,,,,,,
부산신항국제터미널(주),사업장 1곳,기타 운송관련 서비스업,1387.6666666666667,비제조업,,,,,,,
부산신항만주식회사,사업장 1곳,기타 운송관련 서비스업,1010.0,비제조업,,,,,,,
부산정관에너지(주),사업장 1곳,"증기, 냉ㆍ온수 및 공기 조절 공급업",1373.0,DART 미매칭,,,,,,,
부산패션칼라산업협동조합,업체,"증기, 냉ㆍ온수 및 공기 조절 공급업",1643.0,DART 미매칭,,,,,,,
부산항터미널주식회사,사업장 1곳,항만,801.0,DART 미매칭,,,,,,,
부천시,업체,"하수, 폐수 및 분뇨 처리업",1586.0,DART 미매칭,,,,,,,
북부운수(주),사업장 1곳,교통(여객),272.0,비제조업,,,,,,,
브리티쉬아메리칸토바코코리아제조(주),사업장 1곳,담배제조업,441.6666666666667,C 비상장 (규모 미판정),00417501,브리티쉬아메리칸토바코코리아제조주식회사,12000,12,E,,비해당
브이피에이치메탈 유한회사,사업장 1곳,자동차 신품 부품 제조업,581.3333333333334,C 비상장 (규모 미판정),01465569,브이피에이치메탈 유한회사,30331,30,E,,비해당
비노텍 주식회사,사업장 1곳,폐기물 처리업,84.0,비제조업,,,,,,,
비를라카본코리아(주),업체,기초 화학물질 제조업,478.0,C 비상장 (규모 미판정),00300317,비를라카본코리아 주식회사,20129,20,E,,비해당
주식회사비엔씨티,사업장 1곳,기타 운송관련 서비스업,625.6666666666666,비제조업,,,,,,,
(주)비엠금속,사업장 1곳,철강,264.6666666666667,C 비상장 (규모 미판정),00405889,(주)비엠금속,24311,24,E,,비해당
비테스코테크놀로지스코리아 유한책임회사,사업장 1곳,자동차,348.6666666666667,C 비상장 (규모 미판정),00159120,비테스코 테크놀로지스 코리아 (주),27215,27,E,,비해당
빛고을에코에너지 주식회사,사업장 1곳,발전에너지,0.0,비제조업,,,,,,,
유한회사 사조씨피케이,업체,"곡물 가공품, 전분 및 전분제품 제조업",2361.0,C 비상장 (공시대상집단 소속 = 중견),00304580,유한회사 사조씨피케이,10520,10,E,사조,비해당
사천시,사업장 1곳,지정외 폐기물처리업 등,132.0,DART 미매칭,,,,,,,
사회복지법인 삼성생명공익재단,사업장 1곳,병원,1800.3333333333333,비제조업,,,,,,,
삼강에스앤씨(주),사업장 1곳,선박 및 보트 건조업,355.3333333333333,대기업 계열 → 제외,00355982,삼강에스앤씨주식회사,31114,31,E,에스케이,비해당
삼남석유화학주식회사,업체,기초 화학물질 제조업,2464.6666666666665,C 비상장 (공시대상집단 소속 = 중견),00125284,삼남석유화학주식회사,20119,20,E,삼양,비해당
(주)삼동,사업장 1곳,절연선 및 케이블 제조업,973.3333333333334,C 비상장 (규모 미판정),00199359,주식회사 삼동,28302,28,E,,비해당
주식회사 삼보광업,업체,"시멘트, 석회, 플라스터 및 그 외 제품 제조업",390.3333333333333,비제조업,,,,,,,
삼성디스플레이 주식회사,업체,전자 부품 제조업,60248.0,대기업 계열 → 제외,00912006,삼성디스플레이 주식회사,2621,26,E,삼성,비해당
삼성물산 주식회사,사업장 1곳,건물 건설업,1915.3333333333333,비제조업,,,,,,,
삼성생명보험 주식회사,업체,건물,877.6666666666666,DART 미매칭,,,,,,,
삼성에스디에스(주),사업장 1곳,"컴퓨터 프로그래밍, 시스템 통합 및 관리업",3486.6666666666665,비제조업,,,,,,,
삼성코닝어드밴스드글라스 유한회사,사업장 1곳,유리 및 유리제품 제조업,1059.3333333333333,대기업 계열 → 제외,00932444,삼성코닝어드밴스드글라스 유한회사,2312,23,E,삼성,비해당
삼신정밀(주),사업장 1곳,철강,519.0,C 비상장 (규모 미판정),00351348,삼신정밀(주),24312,24,E,,비해당
삼양이노켐 주식회사,사업장 1곳,기초 화학물질 제조업,1734.6666666666667,C 비상장 (공시대상집단 소속 = 중견),00875200,삼양이노켐 주식회사,20119,20,E,삼양,비해당
삼양통상(주),사업장 1곳,섬유,245.0,DART 미매칭,,,,,,,
삼양화성주식회사,사업장 1곳,합성고무 및 플라스틱 물질 제조업,1850.6666666666667,C 비상장 (공시대상집단 소속 = 중견),00127079,삼양화성주식회사,20202,20,E,삼양,비해당
삼양화인테크놀로지(주),사업장 1곳,합성고무 및 플라스틱 물질 제조업,362.0,C 비상장 (공시대상집단 소속 = 중견),01027730,삼양화인테크놀로지주식회사,20111,20,E,삼양,비해당
삼영산업,사업장 1곳,"내화, 비내화 요업제품 제조업",471.0,C 비상장 (규모 미판정),00127149,삼영산업(주),23232,23,E,,비해당
삼영운수(주),사업장 1곳,육상 여객 운송업,372.3333333333333,비제조업,,,,,,,
(주)삼우에프앤지,사업장 1곳,교통(화물),351.0,비제조업,,,,,,,
삼지금속공업 주식회사,사업장 1곳,비철금속,190.0,C 비상장 (규모 미판정),00622848,삼지금속공업주식회사,24213,24,E,,비해당
삼척블루파워 주식회사,업체,발전에너지,36013.0,비제조업,,,,,,,
(주)삼천리,사업장 1곳,"증기, 냉ㆍ온수 및 공기 조절 공급업",1594.6666666666667,비제조업,,,,,,,
(주)삼표산업,업체,"시멘트, 석회, 플라스터 및 그 외 제품 제조업",1552.0,C 비상장 (공시대상집단 소속 = 중견),00999032,(주)삼표산업,23322,23,E,삼표,비해당
삼표자원개발주식회사,사업장 1곳,토사석 광업,498.6666666666667,비제조업,,,,,,,
삼표해운주식회사,사업장 1곳,해상 운송업,929.0,비제조업,,,,,,,
삼호제강주식회사,사업장 1곳,철강,280.6666666666667,CBAM 업종코드 해당 → A·B 추가 검토,00407461,삼호제강 주식회사,24121,24,E,,해당
(주)삼화고속,사업장 1곳,교통(여객),162.0,비제조업,,,,,,,
(주)삼화양행,업체,전기전자,1105.0,C 비상장 (규모 미판정),00181174,(주)삼화양행,2622,26,E,,비해당
삼화제지(주),업체,"펄프, 종이 및 판지 제조업",589.3333333333334,동명 제조사 여러 개,,,,,,,
삼흥열처리,사업장 1곳,기타 금속 가공제품 제조업,617.0,DART 미매칭,,,,,,,
(주)상공에너지,사업장 1곳,"증기, 냉ㆍ온수 및 공기 조절 공급업",1570.0,비제조업,,,,,,,
상지해운(주),사업장 1곳,교통(해운),270.0,비제조업,,,,,,,
새한특수(주),사업장 1곳,교통(화물),229.0,DART 미매칭,,,,,,,
생고뱅이소바코리아 주식회사,사업장 1곳,유리 및 유리제품 제조업,755.6666666666666,C 비상장 (규모 미판정),00257981,생고뱅이소바코리아 주식회사,2311,23,E,,비해당
(주)샤니,사업장 1곳,식료품 제조업,713.3333333333334,C 비상장 (규모 미판정),00130107,(주)샤니,10602,10,E,,비해당
주식회사 서부티엔디,사업장 1곳,건물,440.6666666666667,DART 미매칭,,,,,,,
서산시,사업장 1곳,하수처리업,205.66666666666663,DART 미매칭,,,,,,,
서영주정(주),사업장 1곳,알코올 음료 제조업,411.3333333333333,C 비상장 (규모 미판정),00130471,서영주정주식회사,11121,11,E,,비해당
서울교통공사,업체,육상 여객 운송업,13568.333333333334,DART 미매칭,,,,,,,
서울교통네트웍(주),사업장 1곳,교통(여객),263.0,비제조업,,,,,,,
서울냉열(주),사업장 1곳,석유화학,287.5,동명 제조사 여러 개,,,,,,,
서울대학교병원,사업장 1곳,병원,1968.3333333333333,비제조업,,,,,,,
서울시메트로 9호선(주),사업장 1곳,육상 여객 운송업,1111.6666666666667,DART 미매칭,,,,,,,
서울에너지공사,업체,"증기, 냉ㆍ온수 및 공기 조절 공급업",6953.666666666667,DART 미매칭,,,,,,,
서울우유협동조합,사업장 1곳,낙농제품 및 식용 빙과류 제조업,1407.6666666666667,DART 미매칭,,,,,,,
서울특별시,업체,폐기물 처리업,12921.666666666666,DART 미매칭,,,,,,,
서울특별시농수산식품공사,사업장 1곳,부동산 임대 및 공급업,1324.3333333333333,DART 미매칭,,,,,,,
주식회사 서원환경,사업장 1곳,폐기물 처리업,2.0,비제조업,,,,,,,
서진산업(주),사업장 1곳,자동차,327.3333333333333,동명 제조사 여러 개,,,,,,,
(주)서진캠 평택공장,사업장 1곳,자동차,245.0,C 비상장 (규모 미판정),00361345,주식회사 서진캠,30,30,E,,비해당
서한이앤피주식회사,사업장 1곳,기타 금속 가공제품 제조업,1144.0,C 비상장 (규모 미판정),00799849,서한이앤피,25912,25,E,,일부해당
서해그린환경(주),사업장 1곳,폐기물 처리업,171.33333333333334,비제조업,,,,,,,
주식회사 석문그린에너지,사업장 1곳,발전에너지,1.0,비제조업,,,,,,,
선도화학(주),사업장 1곳,기초 화학물질 제조업,520.3333333333334,C 비상장 (규모 미판정),00407106,선도화학(주),20122,20,E,,비해당
(주)선일다이파스,사업장 1곳,기계,431.0,CBAM 업종코드 해당 → A·B 추가 검토,00132071,선일다이파스주식회사,25941,25,E,,해당
선진버스(주),사업장 1곳,육상 여객 운송업,314.6666666666667,비제조업,,,,,,,
(주)선진운수,사업장 1곳,육상 여객 운송업,477.0,비제조업,,,,,,,
성남시,업체,폐기물 처리업,2262.0,DART 미매칭,,,,,,,
성남시내버스(주),사업장 1곳,육상 여객 운송업,476.0,비제조업,,,,,,,
성림유화 주식회사,업체,폐기물 처리업,211.33333333333331,비제조업,,,,,,,
주식회사 성보,사업장 1곳,철강,304.0,동명 제조사 여러 개,,,,,,,
성보공업(주),사업장 1곳,철강,275.5,DART 미매칭,,,,,,,
(주)성신미네필드,사업장 1곳,시멘트,342.6666666666667,비제조업,,,,,,,
성신씨엠 주식회사,사업장 1곳,"시멘트, 석회, 플라스터 및 그 외 제품 제조업",369.3333333333333,C 비상장 (규모 미판정),00762368,성신씨엠 주식회사,23993,23,E,,비해당
성안합섬(주),사업장 1곳,화학섬유 제조업,126.66666666666669,동명 제조사 여러 개,,,,,,,
성우해운주식회사,사업장 1곳,교통(해운),282.3333333333333,비제조업,,,,,,,
성일요업주식회사,사업장 1곳,요업,290.6666666666667,C 비상장 (규모 미판정),00193382,성일요업주식회사,23232,23,E,,비해당
성창보드(주),사업장 1곳,나무제품 제조업,607.3333333333334,C 비상장 (규모 미판정),00699530,성창보드주식회사,16212,16,E,,비해당
(주)성호금속,사업장 2곳,철강,861.0,CBAM 업종코드 해당 → A·B 추가 검토,00527224,(주)성호금속,24131,24,E,,해당
(주)성호기업,사업장 1곳,철강,267.0,비제조업,,,,,,,
세메스(주),사업장 1곳,특수 목적용 기계 제조업,735.3333333333334,대기업 계열 → 제외,00207737,세메스 주식회사,29271,29,E,삼성,비해당
세방(주),사업장 1곳,도로 화물 운송업,436.3333333333333,비제조업,,,,,,,
(주)세아엘앤에스,사업장 1곳,교통(화물),213.66666666666663,비제조업,,,,,,,
(주)세아특수강,사업장 1곳,1차 철강 제조업,1075.3333333333333,대기업 계열 → 제외,00133991,(주)세아특수강,24122,24,E,세아,해당
(주)세우,사업장 1곳,식료품 제조업,352.3333333333333,C 비상장 (공시대상집단 소속 = 중견),00182155,주식회사 세우,10831,10,E,농심,비해당
세종특별자치시,사업장 1곳,"하수, 폐수 및 분뇨 처리업",597.6666666666666,DART 미매칭,,,,,,,
(주)세주,사업장 1곳,해상 운송업,381.0,비제조업,,,,,,,
셰플러코리아 유한책임회사,사업장 1곳,일반 목적용 기계 제조업,1493.3333333333333,C 비상장 (규모 미판정),00257662,셰플러코리아 유한책임회사,29141,29,E,,비해당
주식회사 소노인터내셔널,사업장 1곳,일반 및 생활 숙박시설 운영업,2828.333333333333,비제조업,,,,,,,
소신여객자동차(주),사업장 1곳,육상 여객 운송업,316.3333333333333,비제조업,,,,,,,
속초시,사업장 1곳,폐기물,283.0,DART 미매칭,,,,,,,
솔베이실리카코리아(주),사업장 1곳,기초 화학물질 제조업,740.6666666666666,C 비상장 (규모 미판정),00161657,솔베이실리카코리아주식회사,20129,20,E,,비해당
솔브레인에스엘디 주식회사,사업장 1곳,전자 부품 제조업,602.6666666666666,C 비상장 (규모 미판정),00875042,솔브레인에스엘디주식회사,2629,26,E,,비해당
송학제지(주),사업장 1곳,"펄프, 종이 및 판지 제조업",75.33333333333333,C 비상장 (규모 미판정),00298021,송학제지주식회사,1721,17,E,,비해당
수도권매립지관리공사,업체,폐기물 처리업,4613.666666666667,DART 미매칭,,,,,,,
주식회사 수석,사업장 1곳,유리 및 유리제품 제조업,767.0,DART 미매칭,,,,,,,
수양물류주식회사,사업장 1곳,육상운송 및 파이프라인 운송업,335.0,비제조업,,,,,,,
수완에너지 주식회사,업체,"증기, 냉ㆍ온수 및 공기 조절 공급업",3175.6666666666665,비제조업,,,,,,,
수원시,업체,폐기물 처리업,2326.6666666666665,DART 미매칭,,,,,,,
수원애경역사 주식회사,사업장 1곳,건물,305.0,비제조업,,,,,,,
수원여객운수(주),사업장 1곳,육상 여객 운송업,397.6666666666667,비제조업,,,,,,,
수협노량진수산 주식회사,사업장 1곳,건물,342.6666666666667,비제조업,,,,,,,
순천시,사업장 1곳,"하수, 폐수 및 분뇨 처리업",447.6666666666667,DART 미매칭,,,,,,,
스미토모세이카폴리머스코리아(주),사업장 1곳,합성고무 및 플라스틱 물질 제조업,1473.6666666666667,C 비상장 (규모 미판정),01098941,스미토모세이카폴리머스코리아 주식회사,20202,20,E,,비해당
주식회사 스타필드고양,사업장 1곳,부동산 임대 및 공급업,587.6666666666666,비제조업,,,,,,,
주식회사 스타필드안성,사업장 1곳,건물,362.0,비제조업,,,,,,,
주식회사 스타필드하남,사업장 1곳,부동산 임대 및 공급업,528.0,비제조업,,,,,,,
유한회사 스태츠칩팩코리아,사업장 1곳,반도체 제조업,1577.3333333333333,C 비상장 (규모 미판정),00258971,(유)스태츠칩팩코리아,26112,26,E,,비해당
스테코(주),사업장 1곳,전자 부품 제조업,863.0,대기업 계열 → 제외,00223373,스테코(주),2612,26,E,삼성,비해당
스템코(주),사업장 1곳,반도체 제조업,1020.0,C 비상장 (규모 미판정),00225663,스템코(주),2611,26,E,,비해당
스틸싸이클 주식회사,사업장 1곳,1차 비철금속 제조업,782.3333333333334,대기업 계열 → 제외,00892696,스틸싸이클 주식회사,24213,24,E,영풍,비해당
스틸싸이클에스씨(주),사업장 1곳,1차 비철금속 제조업,74.33333333333333,대기업 계열 → 제외,01087839,스틸싸이클에스씨 주식회사,24213,24,E,영풍,비해당
(주)시흥교통,사업장 1곳,교통(여객),401.0,비제조업,,,,,,,
시흥시,사업장 1곳,폐기물 처리업,1039.3333333333333,DART 미매칭,,,,,,,
신대양제지반월(주),사업장 1곳,"펄프, 종이 및 판지 제조업",958.6666666666666,C 비상장 (규모 미판정),01433393,신대양제지반월(주),17105,17,E,,비해당
신대일페이퍼 주식회사,사업장 1곳,"펄프, 종이 및 판지 제조업",895.0,C 비상장 (규모 미판정),00454025,신대일페이퍼 주식회사,1721,17,E,,비해당
신대한정유산업 주식회사,사업장 1곳,폐기물 처리업,255.33333333333331,비제조업,,,,,,,
신도림테크노마트 주식회사,사업장 1곳,건물,316.6666666666667,비제조업,,,,,,,
(주)신동,사업장 1곳,"시멘트, 석회, 플라스터 및 그 외 제품 제조업",286.6666666666667,C 비상장 (규모 미판정),00506522,(주)신동,30,30,E,,비해당
신분당선(주),사업장 1곳,육상 여객 운송업,557.6666666666666,비제조업,,,,,,,
신선대감만터미널 주식회사,사업장 1곳,항만,891.5,비제조업,,,,,,,
신성교통(주),사업장 1곳,육상 여객 운송업,169.33333333333334,비제조업,,,,,,,
(주)신세계,업체,종합 소매업,2671.0,비제조업,,,,,,,
주식회사 신세계동대구복합환승센터,사업장 1곳,건물,493.3333333333333,비제조업,,,,,,,
(주)신승에너지,사업장 1곳,폐기물 처리업,333.0,비제조업,,,,,,,
신안종합리조트(주),사업장 1곳,건물,323.0,비제조업,,,,,,,
(주)신안주철,사업장 1곳,철강,302.0,CBAM 업종코드 해당 → A·B 추가 검토,00415150,주식회사 신안주철,2411,24,E,,해당
(주)신영포르투,사업장 1곳,나무제품 제조업,823.6666666666666,C 비상장 (규모 미판정),01386299,주식회사 신영포르투,16102,16,E,,비해당
(주)신우금속,사업장 1곳,철강,300.6666666666667,동명 제조사 여러 개,,,,,,,
신창제지공업주식회사,사업장 1곳,"펄프, 종이 및 판지 제조업",575.3333333333334,C 비상장 (규모 미판정),00409007,신창제지공업주식회사,17101,17,E,,비해당
신평택발전(주),업체,전기업,35897.666666666664,비제조업,,,,,,,
주식회사 신한은행,업체,건물,1164.6666666666667,비제조업,,,,,,,
(주)신한중공업,사업장 1곳,조선,235.0,C 비상장 (규모 미판정),01697034,(주)신한중공업,31114,31,E,,비해당
(주)신화메탈,사업장 1곳,철강,436.0,C 비상장 (규모 미판정),01875492,(주)신화메탈,24311,24,E,,비해당
쌍용기초소재(주),사업장 1곳,시멘트,418.0,DART 미매칭,,,,,,,
(주)쌍용씨앤비,사업장 1곳,"펄프, 종이 및 판지 제조업",1257.3333333333333,C 비상장 (규모 미판정),00571094,주식회사 쌍용씨앤비,17902,17,E,,비해당
썬시멘트주식회사,사업장 1곳,시멘트,349.0,동명 제조사 여러 개,,,,,,,
씨엔씨티에너지 주식회사,사업장 1곳,"증기, 냉ㆍ온수 및 공기 조절 공급업",561.6666666666666,비제조업,,,,,,,
씨월드고속훼리(주),사업장 1곳,해상 운송업,1419.0,비제조업,,,,,,,
씨이케이 주식회사,업체,폐기물 처리업,1292.5,C 비상장 (규모 미판정),01307858,주식회사 씨이케이,23222,23,E,,비해당
CJ대한통운(주),업체,도로 화물 운송업,4127.0,비제조업,,,,,,,
씨제이씨지브이 주식회사,업체,건물,1349.3333333333333,비제조업,,,,,,,
씨지앤대산전력 주식회사,사업장 1곳,전기업,2628.6666666666665,비제조업,,,,,,,
씨지앤율촌전력 주식회사,업체,전기업,38756.0,비제조업,,,,,,,
(주)씨텍,업체,"증기, 냉ㆍ온수 및 공기 조절 공급업",10434.333333333334,C 비상장 (규모 미판정),01636413,주식회사 씨텍,27211,27,E,,비해당
주식회사 아난티,사업장 1곳,건물,322.0,비제조업,,,,,,,
아반스트레이트코리아 주식회사,사업장 1곳,유리 및 유리제품 제조업,93.33333333333331,C 비상장 (규모 미판정),00544683,아반스트레이트코리아(주),2312,23,E,,비해당
아산시,사업장 1곳,폐기물 처리업,1044.3333333333333,DART 미매칭,,,,,,,
아시아나항공,업체,항공 여객 운송업,4729.666666666667,비제조업,,,,,,,
주식회사 아이유제지,사업장 1곳,제지,270.3333333333333,C 비상장 (규모 미판정),01386934,주식회사 아이유제지,17902,17,E,,비해당
아주대학교의료원,사업장 1곳,병원,593.0,DART 미매칭,,,,,,,
(주)아진피앤피,사업장 1곳,"펄프, 종이 및 판지 제조업",3323.6666666666665,C 비상장 (규모 미판정),00139108,(주)아진피앤피,1721,17,E,,비해당
안동시,업체,지정외 폐기물처리업,239.66666666666663,DART 미매칭,,,,,,,
안산도시개발(주),사업장 1곳,"증기, 냉ㆍ온수 및 공기 조절 공급업",601.3333333333334,비제조업,,,,,,,
안산시,업체,"하수, 폐수 및 분뇨 처리업",1443.6666666666667,DART 미매칭,,,,,,,
안양시,사업장 1곳,"하수, 폐수 및 분뇨 처리업",1073.0,DART 미매칭,,,,,,,
주식회사 알테크노메탈,사업장 1곳,금속 주조업,575.3333333333334,CBAM 업종코드 해당 → A·B 추가 검토,00534057,(주)알테크노메탈,24212,24,E,,해당
주식회사 알트론김제,사업장 1곳,자동차,290.0,C 비상장 (규모 미판정),00451295,주식회사 알트론김제,30399,30,E,,비해당
주식회사 알트론전주,사업장 1곳,자동차 신품 부품 제조업,321.0,C 비상장 (규모 미판정),00766753,주식회사 알트론전주,303,30,E,,비해당
(주)애니테크,사업장 1곳,폐기물 처리업,303.6666666666667,비제조업,,,,,,,
앰코테크놀로지코리아(주),업체,반도체 제조업,6850.0,C 비상장 (규모 미판정),00301680,앰코테크놀로지코리아(주),2611,26,E,,비해당
양산시,사업장 1곳,폐기물 처리업,826.0,DART 미매칭,,,,,,,
양주시,사업장 1곳,폐기물 처리업,921.0,DART 미매칭,,,,,,,
어프로티움 주식회사,업체,기초 화학물질 제조업,3507.0,C 비상장 (규모 미판정),00184357,어프로티움(주),20122,20,E,,비해당
에너원(주),사업장 1곳,"증기, 냉ㆍ온수 및 공기 조절 공급업",440.0,비제조업,,,,,,,
주식회사 에너지네트웍,업체,폐기물 처리업,380.6666666666667,비제조업,,,,,,,
주식회사 에너지명성,업체,폐기물 처리업,46.5,비제조업,,,,,,,
(주)에너지 세종,사업장 1곳,폐기물 처리업,429.5,비제조업,,,,,,,
주식회사 에너지울산,사업장 1곳,"증기, 냉ㆍ온수 및 공기 조절 공급업",1066.5,비제조업,,,,,,,
(주)에너지정세,사업장 1곳,폐기물 처리업,524.5,DART 미매칭,,,,,,,
(주)에너지파크,사업장 1곳,지정외 폐기물처리업,529.0,비제조업,,,,,,,
에드워드코리아(주),사업장 1곳,기계,257.0,C 비상장 (규모 미판정),00203874,에드워드 코리아 (주),29132,29,E,,비해당
(유)에보닉페록사이드코리아,사업장 1곳,기초 화학물질 제조업,705.0,DART 미매칭,,,,,,,
주식회사 에스알,업체,철도 운송업,3422.6666666666665,동명 제조사 여러 개,,,,,,,
에스앤에스아이앤씨(주),사업장 1곳,자동차,375.5,C 비상장 (규모 미판정),01939082,에스앤에스아이앤씨(주),25912,25,E,,일부해당
에스앤티모티브 주식회사,사업장 1곳,자동차,403.0,DART 미매칭,,,,,,,
에스에스엘엠 주식회사,사업장 1곳,전기전자,425.3333333333333,C 비상장 (규모 미판정),00881265,에스에스엘엠 주식회사,28202,28,E,,비해당
에스엔에프코리아(주),사업장 1곳,기타 화학제품 제조업,968.6666666666666,C 비상장 (규모 미판정),00145589,에스엔에프코리아(주),20111,20,E,,비해당
주식회사 에스엔엔씨,업체,1차 비철금속 제조업,15542.333333333334,대기업 계열 → 제외,00585486,주식회사 에스엔엔씨,24219,24,E,포스코,비해당
에스와이에너지 주식회사,사업장 1곳,나무제품 제조업,824.0,동명 제조사 여러 개,,,,,,,
(주)SUN&L,사업장 1곳,나무제품 제조업,1036.3333333333333,상장사 (cbam 목록 밖),00132211,(주)선앤엘,22232,22,Y,,비해당
(주)에스이그린에너지,사업장 1곳,전기업,0.0,비제조업,,,,,,,
(주)에스제이금속,사업장 1곳,철강,357.3333333333333,C 비상장 (규모 미판정),00605911,(주)에스제이금속,24311,24,E,,비해당
에스지씨솔루션 주식회사,업체,유리 및 유리제품 제조업,2655.333333333333,대기업 계열 → 제외,01512973,SGC솔루션 주식회사,23192,23,E,오씨아이,비해당
에스지씨에너지 주식회사,업체,유리 및 유리제품 제조업,45849.66666666666,비제조업,,,,,,,
에스케이 주식회사,업체,"컴퓨터 프로그래밍, 시스템 통합 및 관리업",2000.3333333333333,비제조업,,,,,,,
에스케이가스(주),업체,발전에너지,245.0,비제조업,,,,,,,
에스케이네트웍스 주식회사,사업장 1곳,건물,477.6666666666667,비제조업,,,,,,,
에스케이넥실리스 주식회사,사업장 1곳,1차 비철금속 제조업,3179.0,대기업 계열 → 제외,01351415,에스케이넥실리스 주식회사,2629,26,E,에스케이,비해당
에스케이마이크로웍스 주식회사,업체,플라스틱 제품 제조업,3077.0,DART 미매칭,,,,,,,
에스케이마이크로웍스솔루션즈 주식회사,사업장 1곳,플라스틱 제품 제조업,667.0,DART 미매칭,,,,,,,
에스케이머티리얼즈에어플러스 주식회사,업체,기초 화학물질 제조업,6541.0,DART 미매칭,,,,,,,
에스케이멀티유틸리티 주식회사,업체,"증기, 냉ㆍ온수 및 공기 조절 공급업",6727.333333333333,비제조업,,,,,,,
SK바이오텍 주식회사,사업장 1곳,석유화학,370.0,대기업 계열 → 제외,01093140,에스케이바이오텍 주식회사,2110,21,E,에스케이,비해당
SKbroadband(주),업체,전기 통신업,10458.666666666666,DART 미매칭,,,,,,,
에스케이스페셜티 주식회사,업체,기초 화학물질 제조업,5678.333333333333,C 비상장 (규모 미판정),01602124,에스케이스페셜티 주식회사,2012,20,E,,비해당
에스케이실트론 주식회사,업체,반도체 제조업,8705.333333333334,대기업 계열 → 제외,00138020,SK실트론 주식회사,2612,26,E,에스케이,비해당
(유)에스케이씨에보닉페록사이드코리아,사업장 1곳,기초 화학물질 제조업,773.0,C 비상장 (규모 미판정),01435452,(유) 에스케이씨에보닉페록사이드코리아,20129,20,E,,비해당
에스케이어드밴스드주식회사,업체,기초 화학물질 제조업,10012.0,대기업 계열 → 제외,01043844,에스케이어드밴스드주식회사,20111,20,E,에스케이,비해당
에스케이에너지 주식회사,업체,석유 정제품 제조업,76470.0,대기업 계열 → 제외,00852175,SK에너지 주식회사,19210,19,E,에스케이,비해당
에스케이에어플러스 주식회사,업체,기초 화학물질 제조업,6730.0,대기업 계열 → 제외,00634472,에스케이에어플러스 주식회사,20122,20,E,에스케이,비해당
에스케이에코프라임 주식회사,업체,기타 화학제품 제조업,585.0,C 비상장 (규모 미판정),01533444,에스케이에코프라임 주식회사,20495,20,E,,비해당
에스케이에코플랜트(주),사업장 1곳,건설,414.5,비제조업,,,,,,,
에스케이엔무브 주식회사,업체,석유 정제품 제조업,6305.0,C 비상장 (규모 미판정),00786711,에스케이엔무브 주식회사,192,19,E,,비해당
에스케이엔텀 주식회사,업체,보관 및 창고업,1135.5,비제조업,,,,,,,
에스케이온 주식회사,업체,일차전지 및 축전지 제조업,5567.666666666667,대기업 계열 → 제외,01592447,에스케이온 주식회사,28202,28,E,에스케이,비해당
에스케이이엔에스 주식회사,업체,전기업,42714.0,비제조업,,,,,,,
SK인천석유화학(주),업체,석유 정제품 제조업,43274.66666666666,대기업 계열 → 제외,00979074,SK인천석유화학(주),19210,19,E,에스케이,비해당
에스케이지오센트릭 주식회사,업체,기초 화학물질 제조업,57997.66666666666,대기업 계열 → 제외,00852078,에스케이지오센트릭 주식회사,20111,20,E,에스케이,비해당
에스케이키파운드리 주식회사,업체,반도체 제조업,3674.3333333333335,대기업 계열 → 제외,01555631,에스케이키파운드리 주식회사,26112,26,E,에스케이,비해당
에스케이텔레콤 주식회사,업체,전기 통신업,24290.33333333333,비제조업,,,,,,,
에스케이피아이씨글로벌 주식회사,업체,기초 화학물질 제조업,8661.666666666666,대기업 계열 → 제외,01440311,에스케이피아이씨글로벌(주),201,20,E,에스케이,비해당
에스케이피유코어 주식회사,사업장 2곳,석유화학,992.0,DART 미매칭,,,,,,,
에스케이하이닉스 시스템아이씨(주),업체,반도체 제조업,2.0,비제조업,,,,,,,
에스티엠 주식회사,사업장 1곳,일차전지 및 축전지 제조업,1225.0,동명 제조사 여러 개,,,,,,,
(주)에스파워,업체,전기업,31182.0,C 비상장 (규모 미판정),01029774,에스파워 주식회사,2811,28,E,,비해당
에스폼(주),사업장 1곳,1차 비철금속 제조업,0.0,C 비상장 (규모 미판정),00687438,에스폼주식회사,24,24,E,,일부해당
주식회사 에스피네이처,업체,"시멘트, 석회, 플라스터 및 그 외 제품 제조업",658.0,비제조업,,,,,,,
주식회사 에스피씨삼립,사업장 1곳,기타 식품 제조업,1980.0,DART 미매칭,,,,,,,
주식회사 에스피에스엔에이,사업장 1곳,"시멘트, 석회, 플라스터 및 그 외 제품 제조업",790.0,CBAM 업종코드 해당 → A·B 추가 검토,01490097,주식회사 에스피에스엔에이,23311,23,E,,해당
에스피엘(주),사업장 1곳,기타 식품 제조업,671.0,동명 제조사 여러 개,,,,,,,
(주)에스피환경,사업장 1곳,폐기물 처리업,521.0,비제조업,,,,,,,
주식회사 에쓰큐씨,업체,"시멘트, 석회, 플라스터 및 그 외 제품 제조업",0.0,C 비상장 (규모 미판정),01657179,주식회사 에쓰큐씨,23993,23,E,,비해당
에어리퀴드코리아 주식회사,업체,기초 화학물질 제조업,3028.0,C 비상장 (규모 미판정),00250094,에어리퀴드코리아 주식회사,20122,20,E,,비해당
에어부산(주),업체,항공 여객 운송업,2188.333333333333,비제조업,,,,,,,
에어서울 주식회사,사업장 1곳,항공 여객 운송업,381.3333333333333,비제조업,,,,,,,
주식회사 에어퍼스트,업체,기초 화학물질 제조업,14019.0,C 비상장 (규모 미판정),00113003,주식회사 에어퍼스트,20122,20,E,,비해당
에어프로덕츠코리아 주식회사,업체,기초 화학물질 제조업,16391.0,C 비상장 (규모 미판정),01177381,에어프로덕츠코리아주식회사,20122,20,E,,비해당
에이에스이코리아주식회사,사업장 1곳,반도체 제조업,2267.333333333333,C 비상장 (규모 미판정),00121367,에이에스이코리아 (주),2612,26,E,,비해당
에이지씨디스플레이글라스오창주식회사,사업장 1곳,유리,262.3333333333333,C 비상장 (규모 미판정),00597560,에이지씨디스플레이글라스오창,23122,23,E,,비해당
에이지씨화인테크노한국주식회사,업체,유리 및 유리제품 제조업,3809.6666666666665,C 비상장 (규모 미판정),00535056,에이지씨화인테크노한국(주),231,23,E,,비해당
에이치디씨리조트(주),사업장 1곳,건물,305.0,DART 미매칭,,,,,,,
에이치디씨아이파크몰 주식회사,사업장 1곳,건물,417.6666666666667,DART 미매칭,,,,,,,
에이치디씨폴리올(주),사업장 1곳,석유화학,721.3333333333334,대기업 계열 → 제외,01602470,에이치디씨폴리올 주식회사,2020,20,E,에이치디씨,비해당
에이치디씨현대산업개발(주),사업장 1곳,건설,460.0,DART 미매칭,,,,,,,
에이치디 현대건설기계(주),사업장 1곳,기계,194.0,DART 미매칭,,,,,,,
에이치디현대미포 주식회사,업체,선박 및 보트 건조업,3009.0,C 비상장 (규모 미판정),00164609,에이치디현대미포 주식회사,3111,31,E,,비해당
에이치디현대삼호 주식회사,업체,선박 및 보트 건조업,4763.0,대기업 계열 → 제외,00332468,에이치디현대삼호 주식회사,3111,31,E,HD현대,비해당
에이치디현대오씨아이 주식회사,업체,기초 화학물질 제조업,3994.0,대기업 계열 → 제외,01129472,에이치디현대오씨아이 주식회사,20129,20,E,HD현대,비해당
에이치디현대오일뱅크,업체,석유 정제품 제조업,80702.0,대기업 계열 → 제외,00105174,에이치디현대오일뱅크 주식회사,19210,19,E,HD현대,비해당
에이치디현대인프라코어(주),사업장 1곳,특수 목적용 기계 제조업,1745.0,C 비상장 (규모 미판정),00344287,에이치디현대인프라코어(주),29241,29,E,,비해당
에이치디현대케미칼주식회사,업체,기초 화학물질 제조업,45299.66666666666,DART 미매칭,,,,,,,
에이치에스지성동조선 주식회사,사업장 1곳,선박 및 보트 건조업,986.6666666666666,C 비상장 (규모 미판정),00496775,에이치에스지성동조선 주식회사,3111,31,E,,비해당
에이치엘비에너지㈜,사업장 1곳,폐기물 처리업,54.333333333333336,비제조업,,,,,,,
에이치엠엠피에스에이신항만(주),사업장 1곳,기타 운송관련 서비스업,571.0,비제조업,,,,,,,
(주)HJ매그놀리아용평호텔앤리조트,사업장 1곳,일반 및 생활 숙박시설 운영업,687.0,DART 미매칭,,,,,,,
(주)에이치제이중공업,사업장 1곳,조선,561.0,비제조업,,,,,,,
(주)에이치해운,사업장 1곳,교통(해운),223.66666666666663,비제조업,,,,,,,
(주)에이티에너지,사업장 1곳,폐기물 처리업,19.33333333333333,비제조업,,,,,,,
주식회사 에코라임,업체,"시멘트, 석회, 플라스터 및 그 외 제품 제조업",527.3333333333334,C 비상장 (규모 미판정),01872431,주식회사 에코라임,23312,23,E,,비해당
(주)에코비트그린,업체,폐기물,18.0,DART 미매칭,,,,,,,
주식회사 에코비트에너지명성,업체,폐기물 처리업,48.0,DART 미매칭,,,,,,,
(주)에코비트에너지세종,사업장 1곳,폐기물 처리업,432.0,DART 미매칭,,,,,,,
주식회사 에코비트에너지울산,사업장 1곳,"증기, 냉ㆍ온수 및 공기 조절 공급업",1068.0,DART 미매칭,,,,,,,
에코비트에너지정세,업체,폐기물,487.0,비제조업,,,,,,,
(주)에코비트에너지청원,업체,폐기물 처리업,2.0,DART 미매칭,,,,,,,
주식회사 에코이앤이,사업장 1곳,폐기물 처리업,27.0,DART 미매칭,,,,,,,
주식회사 에코프로에이피,사업장 1곳,석유화학,603.0,C 비상장 (공시대상집단 소속 = 중견),01534814,주식회사 에코프로에이피,20122,20,E,에코프로,비해당
주식회사 에코프로이노베이션,사업장 1곳,전기전자,926.0,C 비상장 (공시대상집단 소속 = 중견),00965743,(주)에코프로이노베이션,28202,28,E,에코프로,비해당
주식회사 에코프로이엠,사업장 1곳,일차전지 및 축전지 제조업,2062.6666666666665,C 비상장 (공시대상집단 소속 = 중견),01535567,주식회사 에코프로이엠,28202,28,E,에코프로,비해당
엔솔브 주식회사,사업장 1곳,"증기, 냉ㆍ온수 및 공기 조절 공급업",1430.0,비제조업,,,,,,,
NC양산(주),사업장 1곳,폐기물 처리업,23.33333333333333,비제조업,,,,,,,
NC울산(주),사업장 1곳,폐기물 처리업,40.333333333333336,비제조업,,,,,,,
(주)엔아이티,업체,폐기물 처리업,394.6666666666667,C 비상장 (규모 미판정),01394119,주식회사 엔아이티,29271,29,E,,비해당
(주)엔이티,사업장 1곳,"증기, 냉ㆍ온수 및 공기 조절 공급업",401.6666666666667,C 비상장 (규모 미판정),00939793,(주)엔이티,2812,28,E,,비해당
주식회사 엘비루셈,사업장 1곳,반도체,439.0,C 비상장 (규모 미판정),00527011,주식회사 엘비루셈,2611,26,E,,비해당
엘에스메탈 주식회사,사업장 1곳,비철금속,440.3333333333333,대기업 계열 → 제외,00805760,엘에스메탈 주식회사,259,25,E,엘에스,일부해당
엘에스엠앤엠 주식회사,업체,1차 비철금속 제조업,8470.666666666666,대기업 계열 → 제외,00288440,엘에스엠앤엠주식회사,24211,24,E,엘에스,비해당
엘에스전선 주식회사,업체,절연선 및 케이블 제조업,2051.333333333333,대기업 계열 → 제외,00683283,LS전선(주),2830,28,E,엘에스,비해당
(주)엘엑스글라스,업체,유리 및 유리제품 제조업,3633.3333333333335,대기업 계열 → 제외,01432589,주식회사 엘엑스글라스,23111,23,E,엘엑스,비해당
LX엠엠에이,업체,기초 화학물질 제조업,2943.333333333333,대기업 계열 → 제외,00120146,(주)엘엑스엠엠에이,20119,20,E,엘엑스,비해당
(주)엘엑스판토스,사업장 1곳,도로 화물 운송업,582.0,비제조업,,,,,,,
엘지마그나 이파워트레인 주식회사,사업장 1곳,자동차,382.3333333333333,대기업 계열 → 제외,01576810,엘지마그나 이파워트레인 주식회사,28111,28,E,엘지,비해당
(주)엘지씨엔에스,업체,"컴퓨터 프로그래밍, 시스템 통합 및 관리업",2927.6666666666665,비제조업,,,,,,,
엘지유플러스(주),업체,전기 통신업,30101.0,비제조업,,,,,,,
엠이엠씨코리아주식회사,사업장 1곳,반도체 제조업,2440.333333333333,C 비상장 (규모 미판정),00155221,엠이엠씨코리아주식회사,2612,26,E,,비해당
엠코테크놀로지코리아(주),업체,반도체 제조업,7738.5,DART 미매칭,,,,,,,
여수시,업체,폐기물,769.3333333333334,DART 미매칭,,,,,,,
여주에너지서비스,사업장 1곳,발전에너지,41080.5,비제조업,,,,,,,
여천엔씨씨 주식회사,업체,기초 화학물질 제조업,70475.66666666667,C 비상장 (규모 미판정),00278373,여천NCC(주),20111,20,E,,비해당
연천군,사업장 1곳,폐기물,27.0,DART 미매칭,,,,,,,
(주)영신물산,사업장 1곳,"섬유제품 염색, 정리 및 마무리 가공업",203.33333333333331,C 비상장 (규모 미판정),00215639,주식회사 영신물산,13402,13,E,,비해당
영우해운(주),사업장 1곳,교통(해운),198.66666666666663,DART 미매칭,,,,,,,
영주시,사업장 1곳,폐기물 처리업,92.33333333333331,DART 미매칭,,,,,,,
영풍전자(주),사업장 1곳,전자 부품 제조업,981.6666666666666,동명 제조사 여러 개,,,,,,,
영풍제지(주),사업장 1곳,"펄프, 종이 및 판지 제조업",1255.0,DART 미매칭,,,,,,,
주식회사 영흥산업환경,사업장 1곳,폐기물 처리업,565.0,비제조업,,,,,,,
오뚜기라면 주식회사,업체,기타 식품 제조업,958.0,C 비상장 (규모 미판정),01582556,오뚜기라면 주식회사,10,10,E,,비해당
오라이온코리아 주식회사 ,업체,기초 화학물질 제조업,878.0,C 비상장 (규모 미판정),00257617,오라이온코리아 주식회사,20129,20,E,,비해당
(주)오미아코리아,사업장 1곳,기초 화학물질 제조업,917.3333333333334,C 비상장 (규모 미판정),00158820,(주)오미아코리아,20129,20,E,,비해당
오비맥주(주),사업장 1곳,알코올 음료 제조업,1916.3333333333333,C 비상장 (규모 미판정),00254911,오비맥주주식회사,11112,11,E,,비해당
오산시,사업장 1곳,하수처리업,266.0,DART 미매칭,,,,,,,
오성연료전지 주식회사,사업장 1곳,전기업,0.0,비제조업,,,,,,,
OCI SE 주식회사,업체,"증기, 냉ㆍ온수 및 공기 조절 공급업",22944.33333333333,비제조업,,,,,,,
오씨아이홀딩스 주식회사,업체,기초 화학물질 제조업,22.33333333333333,비제조업,,,,,,,
(주)오영,사업장 1곳,석유화학,297.0,C 비상장 (규모 미판정),00141893,(주)오영,20132,20,E,,비해당
오케이에프음료(주),사업장 1곳,음료제조업,381.0,C 비상장 (규모 미판정),00820909,오케이에프음료주식회사,11209,11,E,,비해당
옥천군,사업장 1곳,지정외 폐기물처리업 등,43.5,DART 미매칭,,,,,,,
온세미컨덕터코리아(주),업체,반도체 제조업,3077.6666666666665,C 비상장 (규모 미판정),00262293,온세미컨덕터코리아(주),2612,26,E,,비해당
(주)온셀텍,사업장 1곳,전자 부품 제조업,634.3333333333334,C 비상장 (규모 미판정),00811752,주식회사 온셀텍,26211,26,E,,비해당
(주)올품,사업장 1곳,식료품 제조업,470.3333333333333,동명 제조사 여러 개,,,,,,,
(주)와이에스텍,업체,폐기물 처리업,30.0,DART 미매칭,,,,,,,
(주)와이엔텍,업체,폐기물 처리업,708.3333333333334,비제조업,,,,,,,
와이이십이프로젝트금융투자 주식회사,사업장 1곳,건물,360.0,비제조업,,,,,,,
Y&T파워텍(주),사업장 1곳,자동차,374.6666666666667,C 비상장 (규모 미판정),00476647,Y & T파워텍주식회사,30,30,E,,비해당
용남고속(주),사업장 1곳,육상 여객 운송업,386.0,비제조업,,,,,,,
용산케미칼 주식회사,사업장 1곳,기초 화학물질 제조업,878.5,C 비상장 (규모 미판정),00109116,용산케미칼 주식회사,20119,20,E,,비해당
용산화학(주),사업장 1곳,기초 화학물질 제조업,938.0,DART 미매칭,,,,,,,
용인시,업체,폐기물 처리업,1946.0,DART 미매칭,,,,,,,
(주)우룡,업체,"시멘트, 석회, 플라스터 및 그 외 제품 제조업",721.3333333333334,C 비상장 (규모 미판정),00416849,주식회사 우룡,233,23,E,,일부해당
주식회사 우리은행,업체,건물,1073.3333333333333,비제조업,,,,,,,
우림해운(주),사업장 1곳,교통(해운),328.0,비제조업,,,,,,,
(주)우성염직,사업장 1곳,섬유,196.0,C 비상장 (규모 미판정),00303129,(주)우성염직,13401,13,E,,비해당
(주)우신금속,사업장 1곳,비철금속,359.3333333333333,CBAM 업종코드 해당 → A·B 추가 검토,00142856,주식회사 우신금속,24212,24,E,,해당
(주)우익반도체,사업장 1곳,전기전자,628.3333333333334,C 비상장 (규모 미판정),00618003,(주)우익반도체,26321,26,E,,비해당
우지막코리아(주),사업장 1곳,요업,111.5,C 비상장 (규모 미판정),00586014,우지막코리아주식회사,26299,26,E,,비해당
우진환경개발(주),사업장 1곳,폐기물 처리업,772.3333333333334,비제조업,,,,,,,
울산과학기술원,사업장 1곳,고등 교육기관,778.3333333333334,DART 미매칭,,,,,,,
울산광역시,업체,폐기물 처리업,3120.6666666666665,DART 미매칭,,,,,,,
울산아로마틱스(주),업체,기초 화학물질 제조업,9901.0,대기업 계열 → 제외,00878890,울산아로마틱스 주식회사,20,20,E,에스케이,일부해당
울산 지피에스 주식회사,업체,발전에너지,36537.0,비제조업,,,,,,,
울산피피주식회사,사업장 1곳,합성고무 및 플라스틱 물질 제조업,1190.6666666666667,C 비상장 (규모 미판정),01373480,울산피피주식회사,20202,20,E,,비해당
원강산업(주),업체,기계,439.0,C 비상장 (규모 미판정),00609111,원강산업 주식회사,29141,29,E,,비해당
원주시,사업장 1곳,"하수, 폐수 및 분뇨 처리업",738.6666666666666,DART 미매칭,,,,,,,
위드인천에너지(주),업체,"증기, 냉ㆍ온수 및 공기 조절 공급업",581.3333333333334,비제조업,,,,,,,
주식회사 유니큰,업체,폐기물 처리업,521.3333333333334,비제조업,,,,,,,
유니투스 주식회사,업체,자동차 신품 부품 제조업,1424.3333333333333,대기업 계열 → 제외,01703274,유니투스 주식회사,30310,30,E,현대자동차,비해당
(주)유성티엔에스,사업장 1곳,도로 화물 운송업,381.6666666666667,비제조업,,,,,,,
(주)유진로지스틱스,사업장 1곳,도로 화물 운송업,328.6666666666667,비제조업,,,,,,,
유한킴벌리 주식회사,업체,"펄프, 종이 및 판지 제조업",3979.3333333333335,C 비상장 (규모 미판정),00145136,유한킴벌리 주식회사,17902,17,E,,비해당
(주)유한화학,사업장 1곳,석유화학,370.0,C 비상장 (규모 미판정),00145145,(주)유한화학,21100,21,E,,비해당
음성에코파크(주),사업장 1곳,발전에너지,3.5,비제조업,,,,,,,
의료법인 길 의료재단,사업장 1곳,건물,439.3333333333333,DART 미매칭,,,,,,,
의정부시,사업장 1곳,"하수, 폐수 및 분뇨 처리업",600.0,DART 미매칭,,,,,,,
이건에너지(주),사업장 1곳,산업단지,2629.333333333333,비제조업,,,,,,,
이누스 주식회사,사업장 1곳,"내화, 비내화 요업제품 제조업",782.0,C 비상장 (규모 미판정),01494561,이누스 주식회사,23232,23,E,,비해당
이도에코오산(주) ,사업장 1곳,폐기물 처리업,34.333333333333336,DART 미매칭,,,,,,,
이도에코전주(주),사업장 1곳,폐기물 처리업,26.0,DART 미매칭,,,,,,,
이래에이엠에스 주식회사,사업장 1곳,자동차,540.0,DART 미매칭,,,,,,,
주식회사 이랜드리테일,업체,종합 소매업,3214.6666666666665,비제조업,,,,,,,
(주)이마트,업체,종합 소매업,10855.666666666666,비제조업,,,,,,,
(주)이스타항공,업체,항공 여객 운송업,1564.0,비제조업,,,,,,,
이스트만화이버코리아 주식회사,사업장 1곳,화학섬유 제조업,524.3333333333334,C 비상장 (규모 미판정),00822581,이스트만화이버코리아 주식회사,205,20,E,,비해당
(주)이알지서비스,사업장 1곳,폐기물 처리업,98.66666666666669,비제조업,,,,,,,
(주)이에스티,사업장 1곳,폐기물 처리업,9.0,동명 제조사 여러 개,,,,,,,
주식회사 이엠케이승경,사업장 1곳,폐기물 처리업,429.0,비제조업,,,,,,,
이지스제210호전문투자형사모부동산투자회사,사업장 1곳,건물,439.0,비제조업,,,,,,,
이천시,사업장 1곳,폐기물 처리업,782.6666666666666,DART 미매칭,,,,,,,
익산시,사업장 1곳,폐기물 처리업,581.3333333333334,DART 미매칭,,,,,,,
주식회사 인스파이어인티그레이티드리조트,사업장 1곳,건물,708.0,비제조업,,,,,,,
인제군,사업장 1곳,폐기물,33.0,DART 미매칭,,,,,,,
인지에이엠티(주),사업장 1곳,자동차,431.5,동명 제조사 여러 개,,,,,,,
인천공항에너지,업체,"증기, 냉ㆍ온수 및 공기 조절 공급업",4076.3333333333335,비제조업,,,,,,,
인천광역시,업체,폐기물 처리업,4964.333333333333,DART 미매칭,,,,,,,
인천교통공사,사업장 1곳,육상 여객 운송업,2417.6666666666665,비제조업,,,,,,,
인천국제공항공사,업체,기타 운송관련 서비스업,5130.0,비제조업,,,,,,,
인천연료전지(주),업체,전기업,20.0,비제조업,,,,,,,
인천종합에너지(주),업체,"증기, 냉ㆍ온수 및 공기 조절 공급업",7569.666666666667,비제조업,,,,,,,
인터지스(주),사업장 1곳,도로 화물 운송업,488.6666666666667,비제조업,,,,,,,
인프라에어홀딩스 주식회사,업체,기초 화학물질 제조업,5576.666666666667,C 비상장 (규모 미판정),01726345,인프라에어홀딩스(주),20122,20,E,,비해당
(주)일강,사업장 1곳,자동차,411.5,C 비상장 (규모 미판정),00572279,(주)일강,30,30,E,,비해당
일산실업(주) 칠서에탄올공장,사업장 1곳,음료제조업,390.0,C 비상장 (규모 미판정),00146144,일산실업 주식회사,11121,11,E,,비해당
일신로지스틱스주식회사,사업장 1곳,교통(해운),229.33333333333331,비제조업,,,,,,,
일신케미칼(주),사업장 1곳,석유화학,480.0,동명 제조사 여러 개,,,,,,,
(주)일진글로벌,사업장 1곳,자동차 신품 부품 제조업,2397.6666666666665,C 비상장 (공시대상집단 소속 = 중견),01412877,(주)일진글로벌,30,30,E,일진글로벌,비해당
재단법인 대구경북과학기술원,사업장 1곳,고등 교육기관,635.6666666666666,DART 미매칭,,,,,,,
재단법인 아산사회복지재단,사업장 1곳,병원,1973.0,DART 미매칭,,,,,,,
재단법인 오송첨단의료산업진흥재단,사업장 1곳,건물,340.5,DART 미매칭,,,,,,,
(주)재세능원,사업장 1곳,전기전자,980.0,비제조업,,,,,,,
(재)우체국물류지원단,사업장 1곳,육상운송 및 파이프라인 운송업,271.0,DART 미매칭,,,,,,,
재원산업,사업장 1곳,기초 화학물질 제조업,649.0,C 비상장 (규모 미판정),00239842,재원산업주식회사,20111,20,E,,비해당
전기초자코리아(주),업체,유리 및 유리제품 제조업,697.0,C 비상장 (규모 미판정),00960988,전기초자코리아 주식회사,2312,23,E,,비해당
전남대학교,사업장 1곳,고등 교육기관,760.0,DART 미매칭,,,,,,,
(주)전북고속,사업장 1곳,육상 여객 운송업,239.33333333333331,비제조업,,,,,,,
전북대학교,사업장 1곳,고등 교육기관,738.0,DART 미매칭,,,,,,,
전북대학교병원,사업장 1곳,건물,465.6666666666667,DART 미매칭,,,,,,,
전북집단에너지 주식회사,업체,"증기, 냉ㆍ온수 및 공기 조절 공급업",2309.0,비제조업,,,,,,,
전주시,업체,폐기물 처리업,1768.3333333333333,DART 미매칭,,,,,,,
주식회사 전주원파워,사업장 1곳,전기업,6027.0,비제조업,,,,,,,
주식회사 전주페이퍼,업체,"펄프, 종이 및 판지 제조업",8971.0,C 비상장 (공시대상집단 소속 = 중견),01423891,주식회사 전주페이퍼,17102,17,E,글로벌세아,비해당
전차연물류(주),사업장 1곳,교통(화물),214.0,DART 미매칭,,,,,,,
주식회사 정선라임,사업장 1곳,"시멘트, 석회, 플라스터 및 그 외 제품 제조업",252.66666666666663,C 비상장 (규모 미판정),01028456,주식회사 정선라임,23312,23,E,,비해당
(주)정·식품,사업장 1곳,음료제조업,361.6666666666667,C 비상장 (규모 미판정),00147657,주식회사 정·식품,11209,11,E,,비해당
(주)제때,사업장 1곳,교통(화물),459.3333333333333,비제조업,,,,,,,
(주)제양항공해운,사업장 1곳,해상 운송업,9.0,비제조업,,,,,,,
제이비 주식회사,사업장 1곳,"증기, 냉ㆍ온수 및 공기 조절 공급업",571.6666666666666,비제조업,,,,,,,
제이셋스태츠칩팩코리아(유),사업장 1곳,반도체 제조업,1990.0,C 비상장 (규모 미판정),01463659,제이셋스태츠칩팩코리아(유),26112,26,E,,비해당
제이아이금속(주),사업장 1곳,비철금속,312.5,비제조업,,,,,,,
(주)제이엠씨,사업장 1곳,기초 화학물질 제조업,811.3333333333334,동명 제조사 여러 개,,,,,,,
제주신화월드 주식회사,사업장 1곳,일반 및 생활 숙박시설 운영업,888.5,비제조업,,,,,,,
제주특별자치도,업체,폐기물 처리업,3410.0,DART 미매칭,,,,,,,
제주특별자치도개발공사,사업장 1곳,비알코올 음료 및 얼음 제조업,638.3333333333334,DART 미매칭,,,,,,,
제주항공(주),업체,항공 여객 운송업,3226.333333333333,비제조업,,,,,,,
제천시,사업장 1곳,"하수, 폐수 및 분뇨 처리업",354.0,DART 미매칭,,,,,,,
(주)젤텍,사업장 1곳,석유화학,479.3333333333333,C 비상장 (규모 미판정),00358396,(주)젤텍,20493,20,E,,비해당
조선대학교,사업장 1곳,건물,305.0,DART 미매칭,,,,,,,
존슨일렉트릭오퍼레이션스(주),사업장 1곳,자동차,333.3333333333333,C 비상장 (규모 미판정),00658287,존슨일렉트릭오퍼레이션스 주식회사,25911,25,E,,일부해당
중소기업은행,업체,건물,797.3333333333334,DART 미매칭,,,,,,,
(주)중앙고속,사업장 1곳,육상 여객 운송업,676.6666666666666,비제조업,,,,,,,
(주)중일,사업장 1곳,1차 비철금속 제조업,294.6666666666667,C 비상장 (규모 미판정),00206288,주식회사 중일,24213,24,E,,비해당
주식회사 지알엠,사업장 1곳,1차 비철금속 제조업,979.0,대기업 계열 → 제외,00680107,주식회사 지알엠,24211,24,E,엘에스,비해당
GS건설(주),업체,건설,1993.0,비제조업,,,,,,,
주식회사 GS구미열병합발전,업체,"증기, 냉ㆍ온수 및 공기 조절 공급업",11986.333333333334,비제조업,,,,,,,
(주)지에스동해전력,업체,전기업,37241.333333333336,비제조업,,,,,,,
주식회사 지에스리테일 ,업체,건물,1066.5,비제조업,,,,,,,
주식회사 GS반월열병합발전,업체,"증기, 냉ㆍ온수 및 공기 조절 공급업",10107.0,비제조업,,,,,,,
지에스에코메탈 주식회사,사업장 1곳,비철금속,325.6666666666667,비제조업,,,,,,,
주식회사 지에스이앤알,업체,"증기, 냉ㆍ온수 및 공기 조절 공급업",12.0,비제조업,,,,,,,
지에스이피에스,업체,전기업,67851.0,비제조업,,,,,,,
지에스칼텍스 주식회사,업체,석유 정제품 제조업,120992.0,대기업 계열 → 제외,00165459,GS칼텍스(주),19210,19,E,지에스,비해당
GS파워,업체,"증기, 냉ㆍ온수 및 공기 조절 공급업",51339.333333333336,비제조업,,,,,,,
주식회사 지에스포천그린에너지,업체,"증기, 냉ㆍ온수 및 공기 조절 공급업",13165.666666666666,비제조업,,,,,,,
(주)지엠씨,사업장 1곳,광업,290.0,C 비상장 (규모 미판정),00657358,(주)지엠씨,20129,20,E,,비해당
지엠테크니컬센터코리아 주식회사,사업장 1곳,건물,293.6666666666667,비제조업,,,,,,,
주식회사 진에어,업체,항공 여객 운송업,3229.6666666666665,비제조업,,,,,,,
진영페이퍼 주식회사,사업장 1곳,"펄프, 종이 및 판지 제조업",870.6666666666666,C 비상장 (규모 미판정),00495101,진영페이퍼 주식회사,1710,17,E,,비해당
진주시,사업장 1곳,폐기물 처리업,609.0,DART 미매칭,,,,,,,
진천군,사업장 1곳,폐기물,156.66666666666666,DART 미매칭,,,,,,,
(주)진합,사업장 1곳,자동차 신품 부품 제조업,546.6666666666666,C 비상장 (규모 미판정),00150749,(주)진합,259,25,E,,일부해당
(주)진흥주물,사업장 1곳,철강,537.0,C 비상장 (규모 미판정),00249113,주식회사 진흥주물,24311,24,E,,비해당
(주)참프레,사업장 1곳,"도축, 육류 가공 및 저장 처리업",844.0,C 비상장 (규모 미판정),00916701,주식회사 참프레,10121,10,E,,비해당
(주)창원그린,업체,폐기물 처리업,20.5,비제조업,,,,,,,
창원시,업체,폐기물 처리업,2565.333333333333,DART 미매칭,,,,,,,
(주)창원에너텍,사업장 1곳,폐기물 처리업,1061.6666666666667,비제조업,,,,,,,
천안시,업체,폐기물 처리업,1544.3333333333333,DART 미매칭,,,,,,,
(주)천일고속,사업장 1곳,육상 여객 운송업,304.0,비제조업,,,,,,,
천일정기화물자동차(주),사업장 1곳,교통(화물),289.6666666666667,비제조업,,,,,,,
천일제지(주),사업장 1곳,"펄프, 종이 및 판지 제조업",870.6666666666666,C 비상장 (규모 미판정),00186203,천일제지주식회사,1710,17,E,,비해당
(유)청명,사업장 1곳,폐기물,442.0,비제조업,,,,,,,
(주)청송산업개발,사업장 1곳,폐기물 처리업,520.0,비제조업,,,,,,,
청양산업 주식회사,사업장 1곳,육상운송 및 파이프라인 운송업,170.0,DART 미매칭,,,,,,,
청주시,업체,폐기물 처리업,1919.0,DART 미매칭,,,,,,,
청주에코파크 주식회사,사업장 1곳,전기업,2.333333333333333,비제조업,,,,,,,
초당환경(유),사업장 1곳,폐기물 처리업,72.0,DART 미매칭,,,,,,,
춘천그린에너지(주),사업장 1곳,발전에너지,10.0,비제조업,,,,,,,
춘천시,업체,폐기물 처리업,985.6666666666666,DART 미매칭,,,,,,,
춘천에너지 주식회사,업체,"증기, 냉ㆍ온수 및 공기 조절 공급업",5400.333333333333,비제조업,,,,,,,
(주)충남고속,사업장 1곳,육상 여객 운송업,334.6666666666667,비제조업,,,,,,,
충남대학교,사업장 1곳,고등 교육기관,631.6666666666666,DART 미매칭,,,,,,,
충남대학교병원,사업장 1곳,건물,434.0,DART 미매칭,,,,,,,
(주)충무화학,업체,"시멘트, 석회, 플라스터 및 그 외 제품 제조업",625.6666666666666,C 비상장 (규모 미판정),00233617,(주)충무화학,23312,23,E,,비해당
충북대학교,사업장 1곳,건물,421.0,DART 미매칭,,,,,,,
충주시,사업장 1곳,폐기물 처리업,734.0,DART 미매칭,,,,,,,
충청환경에너지(주),사업장 1곳,폐기물 처리업,107.0,DART 미매칭,,,,,,,
칠곡에코파크(주),업체,발전에너지,2.0,비제조업,,,,,,,
(주)카길애그리퓨리나,사업장 1곳,식료품 제조업,441.0,C 비상장 (규모 미판정),00155814,(주)카길애그리퓨리나,1090,10,E,,비해당
주식회사 카카오,사업장 1곳,통신,670.0,비제조업,,,,,,,
(주)카펙발레오,사업장 1곳,자동차,436.3333333333333,C 비상장 (규모 미판정),00207667,주식회사 카펙발레오,30331,30,E,,비해당
주식회사 카프로,업체,기초 화학물질 제조업,495.6666666666667,C 비상장 (규모 미판정),00159810,(주)카프로,20119,20,E,,비해당
컬러스앤이펙츠코리아(주),사업장 1곳,석유화학,474.0,DART 미매칭,,,,,,,
케이브이머티리얼즈 주식회사,사업장 1곳,유리,423.0,C 비상장 (규모 미판정),01519602,케이브이머티리얼즈(주),26293,26,E,,비해당
(주)케이비아이국인산업,업체,폐기물 처리업,140.33333333333334,비제조업,,,,,,,
(주)케이비아이텍,업체,폐기물 처리업,180.0,비제조업,,,,,,,
케이씨글라스(주),사업장 1곳,유리 및 유리제품 제조업,654.3333333333334,C 비상장 (규모 미판정),00139311,KC글라스(주),23192,23,E,,비해당
주식회사 케이씨씨실리콘,업체,기초 화학물질 제조업,1735.3333333333333,대기업 계열 → 제외,01515271,주식회사 케이씨씨실리콘,20202,20,E,케이씨씨,비해당
케이씨환경서비스 주식회사,업체,폐기물 처리업,1725.0,DART 미매칭,,,,,,,
케이알에너지(주),사업장 1곳,"증기, 냉ㆍ온수 및 공기 조절 공급업",496.3333333333333,비제조업,,,,,,,
케이알코폴리머 유한회사,사업장 1곳,합성고무 및 플라스틱 물질 제조업,381.3333333333333,C 비상장 (규모 미판정),00367853,케이알코폴리머(유),20202,20,E,,비해당
케이에이에프 주식회사,사업장 1곳,섬유,386.3333333333333,C 비상장 (규모 미판정),01393855,케이에이에프주식회사,20501,20,E,,비해당
(주)케이에프엔티,사업장 1곳,석유화학,425.5,C 비상장 (규모 미판정),00472571,(주)케이에프엔티,20501,20,E,,비해당
케이엠씨해운 주식회사,사업장 1곳,해상 운송업,587.3333333333334,비제조업,,,,,,,
케이오씨(주),사업장 1곳,기초 화학물질 제조업,863.0,C 비상장 (규모 미판정),00158866,케이오씨(주),20129,20,E,,비해당
(주)케이원전자,사업장 1곳,전기전자,455.6666666666667,C 비상장 (규모 미판정),00387024,(주) 케이원전자,26292,26,E,,비해당
(주)케이조선,사업장 1곳,선박 및 보트 건조업,1209.6666666666667,C 비상장 (규모 미판정),00109453,주식회사 케이조선,3111,31,E,,비해당
케이지이티에스 주식회사,업체,폐기물 처리업,31.0,DART 미매칭,,,,,,,
주식회사 케이티,업체,전기 통신업,23346.0,비제조업,,,,,,,
주식회사 케이티클라우드,업체,"자료 처리, 호스팅, 포털 및 기타 인터넷 정보 매개 서비스업",7458.0,비제조업,,,,,,,
주식회사 케이피이그린에너지,사업장 1곳,전기업,7.666666666666667,비제조업,,,,,,,
(주)케이피텍,사업장 1곳,석유화학,212.33333333333331,동명 제조사 여러 개,,,,,,,
(주)코넥,사업장 1곳,자동차 신품 부품 제조업,685.3333333333334,C 비상장 (규모 미판정),00524272,주식회사 코넥,24321,24,E,,비해당
코닝정밀소재 주식회사,업체,유리 및 유리제품 제조업,9974.333333333334,C 비상장 (규모 미판정),00222781,코닝정밀소재 주식회사,2312,23,E,,비해당
(주)코다코,사업장 1곳,자동차 신품 부품 제조업,830.6666666666666,C 비상장 (규모 미판정),00295857,(주)코다코,303,30,E,,비해당
주식회사 코리아에어텍,사업장 1곳,기초 화학물질 제조업,1224.3333333333333,동명 제조사 여러 개,,,,,,,
(주)코리아와이드포항,사업장 1곳,교통(여객),391.0,DART 미매칭,,,,,,,
코리아PTG(주),사업장 1곳,기초 화학물질 제조업,920.0,C 비상장 (규모 미판정),00269782,코리아피티지(주),20111,20,E,,비해당
(주)코스틸,사업장 1곳,1차 철강 제조업,190.33333333333331,CBAM 업종코드 해당 → A·B 추가 검토,00152844,(주)코스틸,24122,24,E,,해당
코스포영남파워 주식회사,업체,전기업,14973.0,비제조업,,,,,,,
코어엔텍 주식회사,업체,폐기물 처리업,1819.3333333333333,비제조업,,,,,,,
주식회사 코엔텍,업체,폐기물 처리업,560.0,비제조업,,,,,,,
코오롱글로텍(주),사업장 1곳,섬유,239.0,대기업 계열 → 제외,00152923,코오롱글로텍(주),22299,22,E,코오롱,비해당
코오롱바스프이노폼 주식회사,사업장 1곳,합성고무 및 플라스틱 물질 제조업,1552.0,대기업 계열 → 제외,01128853,코오롱바스프이노폼(주),20202,20,E,코오롱,비해당
코오롱이앤피(주),업체,합성고무 및 플라스틱 물질 제조업,2125.0,C 비상장 (규모 미판정),00241005,코오롱이앤피(주),20202,20,E,,비해당
코오롱플라스틱(주),업체,합성고무 및 플라스틱 물질 제조업,1856.0,DART 미매칭,,,,,,,
코카콜라음료(주),사업장 1곳,음료제조업,405.6666666666667,대기업 계열 → 제외,00250270,코카콜라음료 주식회사,11209,11,E,엘지,비해당
쿠팡로지스틱스서비스 유한회사,사업장 1곳,도로 화물 운송업,2309.6666666666665,비제조업,,,,,,,
쿠팡풀필먼트서비스 유한회사,업체,보관 및 창고업,4841.666666666667,비제조업,,,,,,,
크나우프석고보드 주식회사,업체,"시멘트, 석회, 플라스터 및 그 외 제품 제조업",2086.333333333333,C 비상장 (규모 미판정),00255682,크나우프석고보드 주식회사,23323,23,E,,비해당
유한회사 클라리오스델코,사업장 1곳,전기전자,1044.0,C 비상장 (규모 미판정),00157131,유한회사 클라리오스델코,30,30,E,,비해당
타타대우모빌리티 주식회사,사업장 1곳,자동차,309.5,C 비상장 (규모 미판정),00446868,타타대우모빌리티 주식회사 ,30123,30,E,,비해당
타타대우상용차 주식회사,사업장 1곳,자동차,325.0,DART 미매칭,,,,,,,
태림페이퍼주식회사,업체,"펄프, 종이 및 판지 제조업",5906.666666666667,C 비상장 (공시대상집단 소속 = 중견),00118460,태림페이퍼(주),1710,17,E,글로벌세아,비해당
태백시 환경자원센터,사업장 1곳,지정외 폐기물처리업 등,169.0,DART 미매칭,,,,,,,
태봉광업 주식회사,업체,"시멘트, 석회, 플라스터 및 그 외 제품 제조업",640.0,비제조업,,,,,,,
(주)태상,사업장 1곳,기타 금속 가공제품 제조업,1164.0,동명 제조사 여러 개,,,,,,,
(주)태영건설,사업장 1곳,건설,361.0,비제조업,,,,,,,
태영세라믹(주),사업장 1곳,"내화, 비내화 요업제품 제조업",486.0,DART 미매칭,,,,,,,
(주)태영열처리,사업장 1곳,기계,294.0,C 비상장 (규모 미판정),01038310,(주)태영열처리,25921,25,E,,비해당
주식회사 태영이엠씨,업체,"시멘트, 석회, 플라스터 및 그 외 제품 제조업",764.0,비제조업,,,,,,,
(주)태우,사업장 1곳,비철금속,336.6666666666667,동명 제조사 여러 개,,,,,,,
(주)태평양금속,사업장 1곳,"내화, 비내화 요업제품 제조업",700.0,C 비상장 (규모 미판정),00154301,주식회사 태평양금속,28909,28,E,,비해당
㈜토탈,사업장 1곳,폐기물 처리업,61.66666666666666,비제조업,,,,,,,
통영시,사업장 1곳,폐기물 처리업,343.0,DART 미매칭,,,,,,,
통영에코파워 주식회사,업체,발전에너지,38711.0,비제조업,,,,,,,
(주)티와이코퍼레이션,사업장 1곳,"내화, 비내화 요업제품 제조업",394.0,비제조업,,,,,,,
주식회사 티웨이항공,업체,항공 여객 운송업,2784.0,DART 미매칭,,,,,,,
티케이지에코머티리얼 주식회사,사업장 1곳,섬유,147.5,C 비상장 (규모 미판정),01021408,티케이지에코머티리얼 주식회사,22214,22,E,,비해당
주식회사 파라다이스세가사미,사업장 1곳,일반 및 생활 숙박시설 운영업,766.0,비제조업,,,,,,,
파르나스호텔 주식회사,사업장 1곳,건물,443.3333333333333,비제조업,,,,,,,
(주)파리크라상,사업장 1곳,식료품 제조업,419.6666666666667,C 비상장 (규모 미판정),01995325,(주)파리크라상,1060,10,E,,비해당
파워마스터반도체 주식회사,사업장 1곳,반도체,376.0,C 비상장 (규모 미판정),01465189,파워마스터반도체주식회사,26129,26,E,,비해당
파인트리포스마그네슘 주식회사,사업장 1곳,금속 주조업,70.0,C 비상장 (규모 미판정),01448164,파인트리포스마그네슘 주식회사,24229,24,E,,비해당
파주시,업체,폐기물 처리업,1433.3333333333333,DART 미매칭,,,,,,,
파주에너지서비스,업체,전기업,77246.0,비제조업,,,,,,,
파주에코에너지(주),사업장 1곳,발전에너지,0.0,비제조업,,,,,,,
파주전기초자 주식회사,사업장 1곳,유리 및 유리제품 제조업,410.3333333333333,C 비상장 (규모 미판정),00567790,파주전기초자(주),2312,23,E,,비해당
팔미금속공업(주),사업장 1곳,철강,303.0,C 비상장 (규모 미판정),00232380,팔미금속공업(주),24312,24,E,,비해당
주식회사 팜한농,업체,"비료, 농약 및 살균ㆍ살충제 제조업",1043.3333333333333,대기업 계열 → 제외,00826435,(주)팜한농,2032,20,E,엘지,비해당
주식회사 페트로코너지,사업장 1곳,발전에너지,1.3333333333333333,비제조업,,,,,,,
(주)평안운수,사업장 1곳,교통(여객),240.0,비제조업,,,,,,,
평택시,업체,"하수, 폐수 및 분뇨 처리업",1863.3333333333333,DART 미매칭,,,,,,,
평택에너지서비스(주),업체,"증기, 냉ㆍ온수 및 공기 조절 공급업",25012.0,DART 미매칭,,,,,,,
평택에너지앤파워 주식회사,업체,"증기, 냉ㆍ온수 및 공기 조절 공급업",24726.5,비제조업,,,,,,,
평화오일씰공업(주),사업장 1곳,자동차,322.0,C 비상장 (규모 미판정),00155133,평화오일씰공업(주),30,30,E,,비해당
(주)포레스코,사업장 1곳,나무제품 제조업,770.3333333333334,C 비상장 (규모 미판정),00605814,(주)포레스코,16212,16,E,,비해당
주식회사 포스코엠씨머티리얼즈,사업장 1곳,기초 화학물질 제조업,1240.0,대기업 계열 → 제외,00950282,(주)포스코엠씨머티리얼즈,20119,20,E,포스코,비해당
(주)포스코이앤씨,사업장 1곳,건설,783.0,비제조업,,,,,,,
주식회사 포스코인터내셔널,업체,전기업,86476.66666666667,비제조업,,,,,,,
포천민자발전 주식회사,업체,전기업,28247.33333333333,비제조업,,,,,,,
포천시,사업장 1곳,폐기물 처리업,621.3333333333334,DART 미매칭,,,,,,,
포천파워(주),업체,전기업,33559.333333333336,비제조업,,,,,,,
(주)포항그린,사업장 1곳,폐기물 처리업,18.5,비제조업,,,,,,,
주식회사 포항버스,사업장 1곳,교통(여객),369.0,비제조업,,,,,,,
포항시,업체,폐기물 처리업,2430.6666666666665,DART 미매칭,,,,,,,
폴리미래(주),사업장 1곳,합성고무 및 플라스틱 물질 제조업,1848.3333333333333,C 비상장 (규모 미판정),00372703,폴리미래 주식회사,20202,20,E,,비해당
(주)풍년그린텍,사업장 1곳,제지,453.6666666666667,동명 제조사 여러 개,,,,,,,
(주)풍농,사업장 1곳,석유화학,334.0,CBAM 업종코드 해당 → A·B 추가 검토,00155489,주식회사 풍농,20312,20,E,,해당
(주)풍전비철,사업장 1곳,비철금속,346.0,C 비상장 (규모 미판정),00363909,(주)풍전비철,2421,24,E,,일부해당
(주)풍정주공,사업장 1곳,금속 주조업,552.0,CBAM 업종코드 해당 → A·B 추가 검토,00943307,주식회사 풍정주공,24212,24,E,,해당
(주)퓨렉스,사업장 1곳,반도체,336.0,C 비상장 (규모 미판정),00812867,주식회사 퓨렉스,2612,26,E,,비해당
주식회사 피앤오케미칼,사업장 1곳,석유화학,912.3333333333334,C 비상장 (규모 미판정),01492031,주식회사 피앤오케미칼,20129,20,E,,비해당
주식회사 피에스엠,사업장 1곳,기타 금속 가공제품 제조업,218.0,동명 제조사 여러 개,,,,,,,
(주)피엔디티,사업장 1곳,자동차,345.3333333333333,C 비상장 (규모 미판정),00962791,주식회사 피엔디티,30,30,E,,비해당
피유코어 주식회사,사업장 1곳,석유화학,537.0,C 비상장 (규모 미판정),01069639,피유코어 주식회사,20111,20,E,,비해당
주식회사 피케이엘,사업장 1곳,전기전자,330.0,C 비상장 (규모 미판정),00222213,주식회사 피케이엘,26299,26,E,,비해당
(주)필맥스,사업장 1곳,플라스틱 제품 제조업,418.6666666666667,C 비상장 (규모 미판정),00477938,주식회사 필맥스,2221,22,E,,비해당
주식회사 하나은행,업체,건물,994.0,비제조업,,,,,,,
하남시,사업장 1곳,폐기물 처리업,510.0,DART 미매칭,,,,,,,
하이트진로산업(주),사업장 1곳,유리 및 유리제품 제조업,479.0,C 비상장 (공시대상집단 소속 = 중견),00270256,하이트진로산업 주식회사,23192,23,E,하이트진로,비해당
주식회사 하이호휠,사업장 1곳,자동차 신품 부품 제조업,518.3333333333334,C 비상장 (규모 미판정),00406949,(주)하이호휠,30,30,E,,비해당
학교법인 가톨릭학원,사업장 1곳,병원,2850.6666666666665,DART 미매칭,,,,,,,
학교법인 건국대학교,사업장 1곳,고등 교육기관,1508.6666666666667,DART 미매칭,,,,,,,
학교법인 경희학원,업체,건물,1262.3333333333333,DART 미매칭,,,,,,,
학교법인 계명대학교,사업장 1곳,건물,438.6666666666667,DART 미매칭,,,,,,,
학교법인 고려중앙학원,사업장 1곳,고등 교육기관,2328.6666666666665,DART 미매칭,,,,,,,
학교법인 성균관대학,사업장 1곳,고등 교육기관,1429.3333333333333,비제조업,,,,,,,
학교법인 연세대학교,업체,고등 교육기관,4225.666666666667,DART 미매칭,,,,,,,
학교법인 영남학원,사업장 1곳,건물,647.3333333333334,비제조업,,,,,,,
학교법인 이화학당,사업장 1곳,고등 교육기관,3349.6666666666665,DART 미매칭,,,,,,,
학교법인 중앙대학교,사업장 1곳,건물,426.6666666666667,비제조업,,,,,,,
학교법인 포항공과대학교,사업장 1곳,고등 교육기관,1823.0,비제조업,,,,,,,
학교법인 한양학원,사업장 1곳,고등 교육기관,2674.0,비제조업,,,,,,,
(주)한강식품,사업장 1곳,식료품 제조업,499.0,대기업 계열 → 제외,00368117,(주)한강식품,1011,10,E,하림,비해당
한국가스공사,업체,연료용 가스 제조 및 배관공급업,11883.333333333334,비제조업,,,,,,,
주식회사 한국거래소,사업장 1곳,건물,383.0,비제조업,,,,,,,
한국경남태양유전(주),사업장 1곳,전자 부품 제조업,1780.0,C 비상장 (규모 미판정),00334721,한국경남태양유전(주),26291,26,E,,비해당
한국공항공사,사업장 1곳,기타 운송관련 서비스업,1932.3333333333333,비제조업,,,,,,,
한국과학기술연구원,사업장 1곳,건물,385.3333333333333,비제조업,,,,,,,
한국과학기술원,사업장 1곳,고등 교육기관,1776.0,비제조업,,,,,,,
한국과학기술정보연구원,사업장 1곳,건물,442.6666666666667,DART 미매칭,,,,,,,
한국기초소재(주),사업장 1곳,시멘트,338.3333333333333,비제조업,,,,,,,
한국남동발전,업체,전기업,376774.0,비제조업,,,,,,,
한국남부발전 주식회사,업체,전기업,330318.0,비제조업,,,,,,,
한국넥슬렌유한회사,업체,합성고무 및 플라스틱 물질 제조업,2115.333333333333,대기업 계열 → 제외,01075463,한국 넥슬렌 유한회사,20202,20,E,에스케이,비해당
한국니토옵티칼(주),사업장 1곳,플라스틱 제품 제조업,647.0,C 비상장 (규모 미판정),00379928,한국니토옵티칼(주),22,22,E,,비해당
한국도로공사,업체,기타 운송관련 서비스업,5277.333333333333,비제조업,,,,,,,
한국동서발전 주식회사,업체,전기업,321830.6666666667,비제조업,,,,,,,
한국바스프 주식회사,업체,기초 화학물질 제조업,9604.333333333334,C 비상장 (규모 미판정),00162300,한국바스프 주식회사,20111,20,E,,비해당
한국방송공사,사업장 1곳,건물,340.0,DART 미매칭,,,,,,,
한국보훈복지의료공단,사업장 1곳,건물,317.0,DART 미매칭,,,,,,,
한국서부발전,업체,전기업,343883.3333333333,비제조업,,,,,,,
한국세큐리트(주),사업장 1곳,유리,584.3333333333334,동명 제조사 여러 개,,,,,,,
한국수력원자력,업체,전기업,68638.0,비제조업,,,,,,,
한국수자원공사,업체,수도업,17388.0,비제조업,,,,,,,
한국쓰리엠(주),사업장 1곳,플라스틱 제품 제조업,909.3333333333334,비제조업,,,,,,,
한국알루미나(주),사업장 1곳,석유화학,239.0,C 비상장 (규모 미판정),00766832,한국알루미나,2321,23,E,,비해당
주식회사 한국알스트롬,사업장 1곳,"펄프, 종이 및 판지 제조업",617.6666666666666,C 비상장 (규모 미판정),00158556,주식회사 한국알스트롬,17909,17,E,,비해당
한국앤컴퍼니 주식회사,업체,일차전지 및 축전지 제조업,1691.3333333333333,비제조업,,,,,,,
한국야금(주),사업장 1곳,기계,335.5,C 비상장 (규모 미판정),00158617,한국야금(주),25934,25,E,,비해당
한국엔에스케이(주),사업장 1곳,기계,393.6666666666667,C 비상장 (규모 미판정),00159324,한국엔에스케이 (주),29141,29,E,,비해당
한국엔지니어링플라스틱,업체,합성고무 및 플라스틱 물질 제조업,3324.0,C 비상장 (규모 미판정),00158723,한국엔지니어링플라스틱(주),20202,20,E,,비해당
한국오웬스코닝(주),사업장 1곳,유리 및 유리제품 제조업,1589.0,DART 미매칭,,,,,,,
한국원자력연구원,사업장 1곳,건물,459.3333333333333,비제조업,,,,,,,
한국원자력의학원,사업장 1곳,건물,338.3333333333333,DART 미매칭,,,,,,,
한국유미코아 유한책임회사,사업장 1곳,일차전지 및 축전지 제조업,1689.0,DART 미매칭,,,,,,,
한국유미코아배터리머티리얼즈 유한책임회사,사업장 1곳,일차전지 및 축전지 제조업,1533.5,DART 미매칭,,,,,,,
한국이네오스스티롤루션 주식회사,사업장 1곳,합성고무 및 플라스틱 물질 제조업,1637.0,C 비상장 (규모 미판정),00875680,한국이네오스스티롤루션 주식회사,20202,20,E,,비해당
(주)한국인삼공사 고려인삼창,사업장 1곳,식료품 제조업,645.6666666666666,DART 미매칭,,,,,,,
한국전력공사,업체,전기업,8185.333333333333,비제조업,,,,,,,
한국전자통신연구원,사업장 1곳,건물,427.0,비제조업,,,,,,,
한국중부발전,업체,전기업,377544.3333333333,비제조업,,,,,,,
한국지엠 주식회사,업체,자동차용 엔진 및 자동차 제조업,4862.333333333333,C 비상장 (공시대상집단 소속 = 중견),00426873,한국지엠 (주),30121,30,E,한국지엠,비해당
한국지역난방공사,업체,"증기, 냉ㆍ온수 및 공기 조절 공급업",123616.66666666669,DART 미매칭,,,,,,,
한국철도공사,업체,철도 운송업,30147.666666666668,비제조업,,,,,,,
한국토지주택공사,업체,"증기, 냉ㆍ온수 및 공기 조절 공급업",4956.333333333333,비제조업,,,,,,,
한국표준과학연구원,사업장 1곳,건물,465.6666666666667,DART 미매칭,,,,,,,
한국필립모리스(주),사업장 1곳,담배제조업,451.6666666666667,비제조업,,,,,,,
한국핵융합에너지연구원,사업장 1곳,건물,378.0,DART 미매칭,,,,,,,
한국허치슨터미널(주),사업장 1곳,항만,314.0,비제조업,,,,,,,
한국환경개발(주),사업장 1곳,폐기물 처리업,477.0,비제조업,,,,,,,
(주)한금,사업장 1곳,철강,361.0,CBAM 업종코드 해당 → A·B 추가 검토,00160728,주식회사 한금,24122,24,E,,해당
한맥테코산업㈜,사업장 1곳,폐기물 처리업,26.666666666666668,비제조업,,,,,,,
한무쇼핑 주식회사,업체,건물,1341.6666666666667,비제조업,,,,,,,
한미정밀화학(주),사업장 1곳,석유화학,324.3333333333333,C 비상장 (규모 미판정),00161453,한미정밀화학주식회사,212,21,E,,비해당
한성운수(주),사업장 1곳,교통(여객),302.3333333333333,비제조업,,,,,,,
한세모빌리티 주식회사,사업장 1곳,자동차,485.0,C 비상장 (규모 미판정),01265288,한세모빌리티 주식회사,30,30,E,,비해당
한세이프에너지(주),사업장 1곳,폐기물 처리업,47.333333333333336,DART 미매칭,,,,,,,
한솔페이퍼텍주식회사,사업장 1곳,"펄프, 종이 및 판지 제조업",1212.6666666666667,C 비상장 (공시대상집단 소속 = 중견),00364263,한솔페이퍼텍(주),17105,17,E,한솔,비해당
(주)한양에스앤씨,사업장 1곳,자동차,340.0,C 비상장 (규모 미판정),00697037,(주)한양에스앤씨,3020,30,E,,비해당
한융금속(주),사업장 1곳,비철금속,252.33333333333331,CBAM 업종코드 해당 → A·B 추가 검토,00403915,한융금속 주식회사,24212,24,E,,해당
(주)한익스프레스,사업장 1곳,도로 화물 운송업,405.6666666666667,비제조업,,,,,,,
(주)한일고속,사업장 1곳,육상 여객 운송업,997.3333333333334,비제조업,,,,,,,
한일캔 주식회사,사업장 1곳,기계,439.3333333333333,CBAM 업종코드 해당 → A·B 추가 검토,01421705,한일캔주식회사,25991,25,E,,해당
한전원자력연료 주식회사,사업장 1곳,석유화학,437.0,C 비상장 (규모 미판정),00160515,한전원자력연료(주),20129,20,E,,비해당
(주)한주,업체,"증기, 냉ㆍ온수 및 공기 조절 공급업",14203.666666666666,동명 제조사 여러 개,,,,,,,
(주)한진,업체,도로 화물 운송업,1630.3333333333333,C 비상장 (규모 미판정),01217139,주식회사 한진,1340,13,E,,비해당
한진부산컨테이너터미널,사업장 1곳,기타 운송관련 서비스업,627.0,비제조업,,,,,,,
한화에너지주식회사,업체,"증기, 냉ㆍ온수 및 공기 조절 공급업",55805.333333333336,비제조업,,,,,,,
한화오션에코텍(주),사업장 1곳,조선,300.6666666666667,대기업 계열 → 제외,00674832,한화오션에코텍주식회사,31114,31,E,한화,비해당
한화임팩트 주식회사,업체,기초 화학물질 제조업,8941.666666666666,비제조업,,,,,,,
한화첨단소재,사업장 1곳,석유화학,811.6666666666666,대기업 계열 → 제외,01712519,한화첨단소재 주식회사,20202,20,E,한화,비해당
한화토탈에너지스 주식회사,업체,기초 화학물질 제조업,104313.33333333331,대기업 계열 → 제외,00461593,한화토탈에너지스 주식회사,20111,20,E,한화,비해당
한화호텔앤드리조트 주식회사,업체,건물,1056.3333333333333,비제조업,,,,,,,
한황산업주식회사,사업장 1곳,자동차 신품 부품 제조업,749.0,C 비상장 (규모 미판정),00203087,한황산업주식회사,24311,24,E,,비해당
해태에이치티비(주),사업장 1곳,음료제조업,464.0,대기업 계열 → 제외,00301893,해태에이치티비(주),11209,11,E,엘지,비해당
핸즈식스주식회사,사업장 1곳,자동차 신품 부품 제조업,1437.0,C 비상장 (규모 미판정),00951795,핸즈식스 주식회사,303,30,E,,비해당
허드슨첨단소재코리아 주식회사,사업장 1곳,일차전지 및 축전지 제조업,762.0,C 비상장 (규모 미판정),02029629,허드슨첨단소재코리아 주식회사,26211,26,E,,비해당
현대건설(주),업체,건설,1726.6666666666667,비제조업,,,,,,,
현대글로비스(주),사업장 1곳,도로 화물 운송업,1204.0,비제조업,,,,,,,
현대미포조선,업체,선박 및 보트 건조업,2905.0,DART 미매칭,,,,,,,
(주)현대백화점,업체,종합 소매업,3422.0,비제조업,,,,,,,
현대삼호중공업 주식회사,업체,선박 및 보트 건조업,4552.0,DART 미매칭,,,,,,,
현대석회(주),사업장 1곳,"시멘트, 석회, 플라스터 및 그 외 제품 제조업",242.0,DART 미매칭,,,,,,,
현대성우쏠라이트 주식회사,사업장 1곳,일차전지 및 축전지 제조업,833.6666666666666,C 비상장 (규모 미판정),01099560,현대성우쏠라이트(주),30,30,E,,비해당
현대성우캐스팅 주식회사,업체,자동차 신품 부품 제조업,3862.6666666666665,C 비상장 (규모 미판정),01099551,현대성우캐스팅(주),30,30,E,,비해당
현대엔지니어링(주),사업장 1곳,건설,650.0,C 비상장 (규모 미판정),01229727,(주)현대엔지니어링,29271,29,E,,비해당
(주)현대엘앤씨,사업장 1곳,플라스틱 제품 제조업,763.6666666666666,대기업 계열 → 제외,01035298,주식회사 현대엘앤씨,22223,22,E,현대백화점,비해당
현대오일뱅크,업체,석유 정제품 제조업,75295.0,DART 미매칭,,,,,,,
현대오토에버 주식회사,사업장 1곳,통신,429.6666666666667,비제조업,,,,,,,
현대종합금속(주),사업장 1곳,기계,372.0,C 비상장 (규모 미판정),00164797,현대종합금속(주),2599,25,E,,일부해당
(주)현대케피코,사업장 1곳,자동차 신품 부품 제조업,525.6666666666666,대기업 계열 → 제외,00152455,(주)현대케피코,30,30,E,현대자동차,비해당
현대트랜시스 주식회사,업체,자동차 신품 부품 제조업,4043.3333333333335,대기업 계열 → 제외,00302634,현대트랜시스주식회사,30,30,E,현대자동차,비해당
(유)호남고속,사업장 1곳,교통(여객),314.3333333333333,비제조업,,,,,,,
호스트웨이아이디씨(주),사업장 1곳,통신,343.6666666666667,비제조업,,,,,,,
주식회사 호텔롯데,업체,일반 및 생활 숙박시설 운영업,3141.0,비제조업,,,,,,,
주식회사 호텔신라,사업장 1곳,건물,443.6666666666667,비제조업,,,,,,,
홈플러스 주식회사,업체,종합 소매업,7776.666666666667,비제조업,,,,,,,
홍원제지(주),사업장 1곳,"펄프, 종이 및 판지 제조업",1371.5,C 비상장 (규모 미판정),00165769,홍원제지(주),1710,17,E,,비해당
홍천군,사업장 1곳,폐기물,84.0,DART 미매칭,,,,,,,
화성시,사업장 1곳,폐기물 처리업,1291.3333333333333,DART 미매칭,,,,,,,
(주)화성여객,사업장 1곳,교통(여객),399.0,비제조업,,,,,,,
(주)화승케미칼,사업장 1곳,플라스틱 제품 제조업,513.3333333333334,C 비상장 (규모 미판정),01283451,주식회사 화승케미칼,22212,22,E,,비해당
화영운수(주),사업장 1곳,교통(여객),295.0,비제조업,,,,,,,
(주)화진철강,사업장 1곳,철강,221.0,CBAM 업종코드 해당 → A·B 추가 검토,01096411,주식회사 화진철강,24121,24,E,,해당
화천군,사업장 1곳,폐기물,31.0,DART 미매칭,,,,,,,
(주)황조,업체,비철금속,89.0,비제조업,,,,,,,
주식회사 효성,사업장 1곳,기타 섬유제품 제조업,601.3333333333334,비제조업,,,,,,,
효성네오켐 주식회사,사업장 1곳,기초 화학물질 제조업,2031.5,대기업 계열 → 제외,01889909,효성네오켐 주식회사,20129,20,E,효성,비해당
효성첨단소재 주식회사,업체,화학섬유 제조업,3759.0,DART 미매칭,,,,,,,
휘닉스중앙 주식회사,사업장 1곳,건물,421.0,비제조업,,,,,,,
희성촉매(주),사업장 1곳,석유화학,491.0,C 비상장 (공시대상집단 소속 = 중견),00158732,희성촉매주식회사,30,30,E,희성,비해당
