kets_code,kets_name,kets_ksic,corp_code,dart_name,audit_report_nm,audit_url,보고서_사업연도,매출_당기_억,매출_전기_억,자산총계_당기_억,최대주주,메모
I0024170001,와이케이스틸(주),24121,01507148,와이케이스틸 주식회사,감사보고서 (2025.12),https://dart.fss.or.kr/dsaf001/main.do?rcpNo=20260319000419,,,,,,
I0700100001,대한시멘트주식회사,23311,00950705,대한시멘트 주식회사,감사보고서 (2025.12),https://dart.fss.or.kr/dsaf001/main.do?rcpNo=20260330001518,,,,,,
I0700100007,한라시멘트주식회사,23311,00257219,한라시멘트(주),감사보고서 (2025.12),https://dart.fss.or.kr/dsaf001/main.do?rcpNo=20260331001063,,,,,,
I0700100016,한국씨엔티(주),23311,00156637,한국씨엔티(주),감사보고서 (2025.12),https://dart.fss.or.kr/dsaf001/main.do?rcpNo=20260324000081,,,,,,
I0700100020,광진산업(주),23311,00960526,광진산업주식회사,감사보고서 (2025.12),https://dart.fss.or.kr/dsaf001/main.do?rcpNo=20260414002640,,,,,,
I0800100026,한국제강 주식회사,24112,01007408,한국제강주식회사,연결감사보고서 (2025.12),https://dart.fss.or.kr/dsaf001/main.do?rcpNo=20260427000674,,,,,,
I0800100033,홍덕산업(주),24123,00935627,홍덕산업(주),연결감사보고서 (2025.12),https://dart.fss.or.kr/dsaf001/main.do?rcpNo=20260430000293,,,,,,
I0800120045,디케이동신(주),24191,00760069,디케이동신주식회사,감사보고서 (2025.12),https://dart.fss.or.kr/dsaf001/main.do?rcpNo=20260316000184,,,,,,
I0800120050,진양특수강(주),24121,00150466,진양특수강(주),감사보고서 (2025.12),https://dart.fss.or.kr/dsaf001/main.do?rcpNo=20260331004512,,,,,,
I0800120052,고려강선(주),24123,00102672,고려강선 주식회사,감사보고서 (2025.12),https://dart.fss.or.kr/dsaf001/main.do?rcpNo=20260402003209,,,,,,
I0800140083,일진제강(주),24132,00146658,일진제강(주),감사보고서 (2025.12),https://dart.fss.or.kr/dsaf001/main.do?rcpNo=20260413001676,,,,,,
I0800170097,주식회사 심팩인더스트리,24113,00123648,(주)심팩인더스트리,감사보고서 (2025.12),https://dart.fss.or.kr/dsaf001/main.do?rcpNo=20260330001257,,,,,,
I0900100002,노벨리스코리아 주식회사,24222,00276117,노벨리스코리아 주식회사,감사보고서 (2026.03),https://dart.fss.or.kr/dsaf001/main.do?rcpNo=20260703000645,,,,,,
I0900100011,성훈엔지니어링주식회사,24212,00205386,성훈엔지니어링주식회사,감사보고서 (2025.12),https://dart.fss.or.kr/dsaf001/main.do?rcpNo=20260410000886,,,,,,
I0900110019,주식회사 세진메탈,24212,00441410,(주)세진메탈,감사보고서 (2025.12),https://dart.fss.or.kr/dsaf001/main.do?rcpNo=20260402001164,,,,,,
I0900110020,하이호경금속 주식회사,24212,00766814,하이호경금속주식회사,감사보고서 (2025.12),https://dart.fss.or.kr/dsaf001/main.do?rcpNo=20260402000938,,,,,,
I0900140049,울산알루미늄 주식회사,24212,01319996,울산알루미늄 주식회사,감사보고서 (2026.03),https://dart.fss.or.kr/dsaf001/main.do?rcpNo=20260703000011,,,,,,
I1000100018,한일제관(주),25991,00163169,한일제관(주),연결감사보고서 (2025.12),https://dart.fss.or.kr/dsaf001/main.do?rcpNo=20260401001124,,,,,,
I1000200069,현대아이에프씨 주식회사,24112,01467460,현대아이에프씨 주식회사,감사보고서 (2025.12),https://dart.fss.or.kr/dsaf001/main.do?rcpNo=20260320000515,,,,,,
