corp_code,name,source,ksic_used,type_by_code,report,biz_sentences,raw_melt,raw_proc,raw_cement,power_sentences,raw_sentence
00132318,(주)성광벤드,상장(cbam),24133,가공형,사업보고서 (cbam),주요 제품 및 서비스 ----------------------- 20 3. 원재료 및 생산설비 ----------------------- 21 4. 매출 및 수주상황 ----------------------- 27 5. 위험관리 및 파생거래 ----------------------- 30 6. | 설립일자 당사는 금속관이음쇠의 제조 및 판매 등을 주요영업으로 영위할 목적으로 1980년 2월 23일에 설립되었습니다.,,,,"사업 (2) 사업목적 변경 제안 주체- 이사회 (3) 해당 사업목적 변경이 회사의 주된 사업에 미치는 영향 등- 태양광 발전설비를 통해 친환경 무공해 에너지를 생산하고, 전기를 판매하여 수익창출과 이를 활용한 회사 전력비를 줄여서 원가절감도 가능할 것으로 예상됩니다. | 그 사업 분야(업종, 제품 및 서비스의 내용 등) 및 진출 목적태양광 발전설비를 통해 친환경 무공해 에너지를 생산하고, 전기를 판매하여 수익창출과 이를 활용한 회사 전력비를 줄여서 원가절감도 가능할 것으로 예상됨2. 시장의 주요 특성ㆍ규모 및 성장성- 재생 가능한 에너지원으로 환경에 미치는 영향이 적음- 태양광 패널의 효율성이 지속적으로 향상되고, 새로운 기술이 계속해서 개발되고 있음- 태양광 발전 시장은 전 세계적으로 확장되고 있음- 기후 변화와 탄소",
00148595,(주)제일테크노스,상장(cbam),2511,가공형(금속가공),사업보고서 (cbam),"의료기기 제조 및 판매업 미영위 7 1. 전기공사업 미영위 8 1. 매립장 설계 시공업 미영위 9 1. 스마트 팜업 미영위 10 1. 건물 일체형 태양광 발전시스템업 미영위 11 1. 수처리 관련 부품소재의 제조 및 시공업 미영위 12 1. 수처리 관련 시설의 운영, 유지, 서비스업 미영위 13 1. 기계 | 변경 사유 변경 취지 및 목적, 필요성 그래핀 플레이크 제조(생산 및 판매, 응용제품 개발)는 우수한 강도, 전기적, 열적 특성 재료인 그래핀 플레이크를 저렴한 공법으로 생산 및 판매하기 위해 사업목적으로 추가하였습니다.",,"슬래브 7, 선재 2",,,
00101220,KG케미칼(주),상장(cbam),20311,비료·화학,사업보고서 (cbam),"일반사항 케이지케미칼주식회사(이하 ""회사""라 함)는 1954년에 설립되어, 비료, 화학제품 등의제조 및 판매 등을 주요 사업으로 영위하고 있으며, 1989년 8월에 주식을 한국거래소에 상장하였습니다. | 2.22 수익인식 (1) 수행의무의 식별 및 수인인식 시점 회사는 비료 및 화학부문의 제품, 상품 제조 및 판매를 주 사업으로 하고 있습니다.","고철 2, 망간·규소광 1","열연코일 2, 선재 1, 잉곳 매입 2",,"995,944 무형자산상각비 74,530 68,654 세금과공과 74,170 66,284 광고선전비 4,558,174 1,316,967 대손상각비 111,234 258,953 여비교통비 698,403 701,648 수도광열비 4,722 8,569 수선비 186,371 139,729 보험료 37,327 36,461 운반비 8,840,559 8,688,789 지급수수료 1,279,926 1,325,007 판매수수료 5,165,418 5,555,570 수출비용 280,760 322,503 교육훈련비 41,590 | 판관비 1,032,068 무형자산상각비, 판관비 74,530 세금과공과, 판관비 74,170 광고선전비, 판관비 4,558,174 대손상각비(대손충당금환입), 판관비 111,234 여비교통비, 판관비 698,403 수도광열비, 판관비 4,722 수선비, 판관비 186,371 보험료, 판관비 37,327 운반비, 판관비 8,840,559 지급수수료, 판관비 1,279,926 판매수수료, 판관비 5,165,418 수출제비용, 판관비 280,760 교육훈련비, 판관비 41,590 경상개발비, 판관비 98,065","철강산업은 철을 함유하고 있는 철광석, 철스크랩 등을 녹여 쇳물을 만들고 불순물을줄인 후 연주 및 압연과정을 거쳐 열연강판, 냉연강판, 강관 등 최종 철강제품을 만들어내는 산업입니다."
00132804,성신양회(주),상장(cbam),23311,시멘트,사업보고서 (cbam),"주요 사업의 내용 건설 현장의 필수 자재인 시멘트는 국내 매장량이 풍부한 석회석을 주원료로 하며, 채광 · 조쇄 → 석회석 혼합 → 배합 및 원료 분쇄 → 소성 → 분쇄의 과정을 거쳐 제조됩니다. | 정관상 명시된 사업목적 현황 구 분 사업목적 사업영위 여부 1 광산개발 및 부산물판매업 영위 2 내외무역 및 위탁판매업 영위 3 외국상사대리업 미영위 4 관공서 납품업 영위 5 건축자재 생산 및 판매업 영위 6 각종 광재(스락) 가공업 미영위 7 시멘트 제조 및 판매업 영위 8 연와제조판매업 미영위 9 석탄 및 기타 연료 가공품 제조 판매업 영위 10 푸리스트레스 콘크리트 침목, 철근콘크리트 전주,파일, 흄관, 기타 콘크리트 제품 일체 제조 판매업 미영위 11 부동산 투자, 개발,",,,"석회석 4, 유연탄 4","상품매입액 236,018,956 323,372,982 종업원급여 66,102,305 75,907,626 유,무형자산상각비 43,755,487 38,216,832 사용권자산상각비 2,058,125 2,020,912 전력비 및 수도광열비 106,912,855 109,793,110 운임 63,345,743 74,246,948 임차료 1,410,077 1,728,790 지급수수료 18,529,785 19,826,467 도급비 38,010,642 36,337,441 수선비 26,893,106 30,998,97 | 236,018,956 323,372,982 종업원급여 66,102,305 75,907,626 유,무형자산상각비 43,755,487 38,216,832 사용권자산상각비 2,058,125 2,020,912 전력비 및 수도광열비 106,912,855 109,793,110 운임 63,345,743 74,246,948 임차료 1,410,077 1,728,790 지급수수료 18,529,785 19,826,467 도급비 38,010,642 36,337,441 수선비 26,893,106 30,998,970 조세공과금",
00990165,아세아시멘트(주),상장(cbam),23311,시멘트,사업보고서 (cbam),"주요 제품 및 서비스 ----------------------- 17 3. 원재료 및 생산설비 ----------------------- 18 4. 매출 및 수주상황 ----------------------- 23 5. 위험관리 및 파생거래 ----------------------- 25 6. | 주요 사업의 내용 지배회사인 아세아시멘트(주)는 시멘트, 레미콘의 제조 판매업 등을 영위하고 있습니다.",,,"석회석 14, 유연탄 4",",089 금융업자산의 변동 8,665,383 종업원급여비용 115,941,318 복리후생비 31,808,788 운임 46,053,614 수선비 45,480,522 총 감가상각비 및 무형자산상각비 91,259,916 전력비 147,956,525 수송비 35,815,370 운영비 94,450,508 지급수수료 13,266,240 지급임차료 11,354,989 기타 비용 70,285,195 성격별 비용 합계 945,655,272 전기 (단위 : 천원) 공시금액 제품과 재공품의 감소(증가) (1,793,111 | 163 금융업자산의 변동 15,185,472 종업원급여비용 114,081,472 복리후생비 32,287,502 운임 49,533,768 수선비 49,266,520 총 감가상각비 및 무형자산상각비 84,553,973 전력비 139,638,257 수송비 37,959,392 운영비 91,681,694 지급수수료 11,767,583 지급임차료 13,551,534 기타 비용 71,086,056 성격별 비용 합계 969,587,275 26. 판매비와 관리비 - 연결 (연결) 판매비와관리비에 대한 공시 당기 (단위",
00105299,금강공업(주),상장(cbam),2413,가공형,사업보고서 (cbam),"- 별도의 주요 사업계열이나 영업지역 - 별도의 주요 사업계열이나 영업지역을 처분하려는 단일 계획의 일부 - 매각만을 목적으로 취득한 종속기업 중단영업이 있는 경우, 연결포괄손익계산서에 비교 표시되는 기간의 기초부터 영업이 중단된 것처럼 재작성하고 있습니다. | 2.3.16 수익인식 (1) 수행의무의 식별 연결실체는 고객에게 강관의 제조, 판매 및 건축용 거푸집류인 알루미늄폼, 갱폼, 유로폼류 등의 제조, 판매, 임대 서비스, 배합비료 제조 및 판매, 선박용 엔진부품 및 형단조품을 제공하는 사업을 영위하고 있습니다.",고철 1,슬래브 5,,"4,405,855 3,489,812,030 복리후생비 5,186,261,435 5,276,102,206 여비교통비 2,013,294,814 1,981,061,692 통신비 402,080,869 364,065,634 수도광열비 682,396,693 466,544,920 소모품비 459,225,882 481,909,862 도서인쇄비 71,051,966 84,231,637 세금과공과 2,327,700,690 1,685,796,622 임차료 1,406,586,039 1,402,398,762 감가상각비 6,166, | 5,604,242 1,872,810,445 복리후생비 3,125,780,891 3,514,282,995 여비교통비 1,235,826,067 1,318,911,965 통신비 274,514,490 243,571,149 수도광열비 419,953,300 211,103,762 소모품비 160,714,342 182,070,642 도서인쇄비 39,921,390 49,980,745 세금과공과 839,612,778 666,800,508 임차료 435,761,673 405,631,848 감가상각비 3,291,003,398","(단위 : 백만원, %) 사업부문 매출유형 품 목 구체적용도 주요상표등 매출액 비 율 제조/임대 제품 강 관 일반배관용 구조용 금강공업 91,496 11.4% 알루미늄폼 (임대) 내벽및슬라브 금강공업 105,300 13.1% 판넬폼 (알루미늄폼) 외벽및슬라브 금강공업 70,372 8.8% 가설재 건설용기자재 금강공업 24,112 3.0% 사료 배합사료 고려산업 274,793 34.3% 선박엔진 선박엔진밸브 케이에스피 64,420 8.0% 단조 형단조 삼미금속외 88,428"
00112721,(주)대창스틸,상장(cbam),24122,가공형,사업보고서 (cbam),"일반 사항 주식회사 대창스틸(이하 ""회사"")은 1980년 6월 10일에 설립되었으며, 철강재 및 건축자재의 가공, 제조 및 판매를 주사업 목적으로 하고 있습니다. | 일반 사항주식회사 대창스틸(이하 ""지배기업"")은 1980년 6월 10일에 설립되었으며, 철강재 및 건축자재의 가공, 제조 및 판매를 주사업 목적으로 하고 있습니다.","고철 1, 망간·규소광 1","슬래브 2, 열연코일 8, 선재 2",,,"부문별 주요제품 (단위: 백만원) 사업부문 주요제품 2025년 매출비중 철강사업 냉연강판, 열연강판 외 390,524 이중바닥재사업 OA FLOOR 외 7,523 알루미늄사업 알루미늄 Hot-Coil - 부동산 사업 부동산 서비스 527 기타의 자세한 사항은 동 보고서의 'Ⅱ. 사업의 내용'을 참조하시기 바랍니다."
00123781,부국철강(주),상장(cbam),2413,가공형,사업보고서 (cbam),"(단위:천원) 관계기업명 소재지 주요 영업활동 구분 당기말 전기말 부국개발(주) 대한민국 식물원운영업 소유지분율 21.86% 21.86% 장부금액 8,395,259 8,563,961 취득원가 9,500,000 9,500,000 (2) 당기말과 전기말 현재 지분법 적용대상 관계기업의 요약재무정보 내역은 다음과 같습니다. | 주요 제품 및 서비스 ----------------------- 13 3. 원재료 및 생산설비 ----------------------- 14 4. 매출 및 수주상황 ----------------------- 20 5. 위험관리 및 파생거래 ----------------------- 22 6.",고철 1,열연코일 1,"석회석 1, 유연탄 1",,5) 자원조달의 특성당사는 공정상 기준으로 제2차 가공업체로 분류되며 기타 제강업체는 철광석과 석회석 및 유연탄을 원료로 하는 전로업체와 고철을 원료로하는 전기로 업체로 구분되고 있습니다.
00125646,삼목에스폼(주),상장(cbam),24290,가공형,사업보고서 (cbam),"(7) 수익인식 1) 고객과의 계약에서 생기는 수익 연결회사는 건설, 토목용 가설재인 거푸집 등을 주로 제조하여 판매 및 임대하고 있습니다. | (1) 사업부문의 일반정보 사업부문 구 분 주요 재화 및 용역 폼사업부문 알루미늄폼 알루미늄폼 제조 및 임대소재 임가공사업 및 판매 갱폼외 갱폼, 시스템폼, 특수폼등의 제조 및 판매, 임대 (2) 연결회사의 고객과의 계약에서 생기는 수익의 구분은 다음과 같습니다.","고철 14, 합금괴·잉곳 원료 12",슬래브 3,,,"- 12,766,833 동일제강(주) 2,807,000 14,637,428 - 합 계 - 2,807,000 14,637,428 12,766,833 (＊) 당기말 현재 연결회사는 특수관계자인 동일제강(주)와 알루미늄 스크랩을 목적물로 하는 소비대차계약을 체결하고 있으며 이에 따라 사용료를 지급하고 있습니다."
00186717,(주)태양,상장(cbam),25991,가공형(금속가공),사업보고서 (cbam),주요 사업의 내용 당사 주요 사업은 크게 휴대용 부탄가스 사업과 에어졸 사업으로 구분됩니다. | 매업 영위 7 태양문화재단에 재산을 출연하는 행위 미영위 8 정보통신업 영위 9 부동산 임대업 영위 10 직장보육시설 운영업 미영위 11 기타 위에 부대되는 사업 영위 * 태양문화재단에 재산을 출연하는 행위는 현재 영위하고 있지 않습니다.,,,,,
00109587,(주)대륙제관,상장(cbam),25991,가공형(금속가공),사업보고서 (cbam),"일반 사항 주식회사 대륙제관(이하 ""당사""라 함)은 1966년 12월 24일 금속포장용기와 가스충전제품등의 제조 및 판매를 목적으로 설립되었으며 일반관, 에어로졸관, 폭발방지용 부탄가스용기(제품명 CRV MAX)를 개발 판매 중에 있습니다. | 1) 수행의무의 식별당사는 주석도금강판 등의 금속제 박판을 주재료로 하여 일반관, 에어졸관, 부탄관 등의 금속포장용기를 제조하는 사업을 영위하고 있으며, 판매는 대부분 B2B형태로 발주 받은 제품을 제조하여 인도하는 방식으로 진행됩니다.",,,,") 기 제 58(전) 기 급여 5,302,703 4,988,778 퇴직급여 1,000,495 759,415 복리후생비 990,142 993,693 여비교통비 86,872 99,036 통신비 32,507 26,900 수도광열비 283 339 세금과공과 659,699 663,625 지급임차료 69,982 109,996 감가상각비 481,759 531,039 수선비 6,421 15,049 보험료 141,215 134,709 접대비 412,366 401,175 교육훈련비 9,099 12,167 도서비 5,637 | 원재료의 사용액 152,566,116 156,679,557 상품의 변동 11,181,865 12,889,791 종업원급여 34,914,808 32,204,753 상각비 6,799,209 6,891,997 전력 및 수도광열비 5,964,647 5,749,010 외주가공비 및 수선비 31,169,544 30,519,391 운반 및 포장비 6,766,890 7,415,061 소모품 및 견본비 1,140,314 1,135,139 기타 6,531,613 6,329,771 매출원가 및 판관비의 합계 256,260,",
00435312,(주)하이스틸,상장(cbam),2413,가공형,사업보고서 (cbam),주요사업의 내용 ………………………………………………………………… … 3 바. 계열회사에 관한 사항 ………………………………………………………… 3 2. 회사의 연혁 …………………………………………………………………………… 5 가. 회사의 연혁 ………………………………………………………………………… 5 나. | 주요 제품 및 서비스 ………………………………………………………………… 18 가. 주요 제품 등의 현황 ……………………………………………………………… 18 나. 주요 제품 등의 가격변동 추이 …………………………………………………… 19 3. 원재료 및 생산 설비 …………………………………………………………,,,,"매출은 중국 저가 철강재 유입으로 인한 철강 가격 하락과 국내 건설 등 수요산업의 침체에도 전년 대비 외형을 키웠으나 영업이익의 적자 전환과 당기순손실의 확대는 전기료, 운송비, 인건비 등 제조 비용 상승과 경기 침체로 인해 제품가격에 원가상승분이 반영되지 못한 부분이 영향을 미친 것으로 보입니다. | 열처리 산업의 특성상 철강산업이 호황일 경우 가공 물량이 증가할 수 있으나, 가스 및 전기요금의 상승과 인건비 상승 등 제조경비 증가로 인해 수익 실현이 어려운 상황입니다.",
00138260,(주)SIMPAC,상장(cbam),24113,용해형(제철·제강·합금철),사업보고서 (cbam),"주요 제품/서비스 등 ‥‥‥‥‥‥‥‥‥‥‥‥‥‥‥‥‥‥‥‥‥‥‥ 28 3. 원재료 및 생산설비 ‥‥‥‥‥‥‥‥‥‥‥‥‥‥‥‥‥‥‥‥‥‥‥‥ 29 4. 매출 및 수주상황 ‥‥‥‥‥‥‥‥‥‥‥‥‥‥‥‥‥‥‥‥‥‥‥‥‥ 5. 위험관리 및 파생거래 ‥‥‥‥‥‥‥‥‥‥‥‥‥‥‥‥‥‥‥‥‥‥‥ 36 6. | 주요 사업의 내용주요 사업과 관련한 자세한 사항은 동 보고서의 ""Ⅱ. 사업의 내용""을 참조하시기 바랍니다.","고철 19, 망간·규소광 14",,,"0,029,408 총 감가상각비 및 무형자산상각비 15,988,719 여비교통비 5,623,830 운반비 28,870,440 지급수수료 8,244,762 임가공매출원가 33,489,283 용역비 10,504,205 전력비 16,981,093 수선비 2,763,197 소모품비 16,120,309 임차료 1,646,025 기타 비용 17,249,878 대손상각비(대손충당금환입) 294,481 전기 (단위 : 천원) 공시금액 재고자산의 변동 (91,908,049) 원재료와 소모품의 사용액 192,518,18 | 10,296,209 총 감가상각비 및 무형자산상각비 11,672,488 여비교통비 5,090,019 운반비 19,082,244 지급수수료 7,106,108 임가공매출원가 22,552,209 용역비 9,786,738 전력비 22,188,355 수선비 2,959,452 소모품비 15,249,112 임차료 1,347,036 기타 비용 29,487,686 대손상각비(대손충당금환입) 3,013,432 29. 기타수익과 기타비용 (연결) 기타수익 및 기타비용 당기 (단위 : 천원) 공시금액 관계기업투자자산처분이익",자동차 부품 제조업 임대 및 기타 등 두루가온누리 위생관리서비스 KTB칸피던스사모부동산투자신탁제35호 부동산 임대 (주)SIMPAC 산화아연 제조 (주)SIMPAC글로벌 철 스크랩 (주)SIMPAC글로벌 창원 철 스크랩 (주)베데야 슬래그 분쇄업 (주)화성에코 철 스크랩 (주)SIMPAC아뜰리에 (주)엘씨코리아 (유)심팩아뜰리에파트너스 향수 도매 및 소매업 (주)유엘개발 (주)심팩프로퍼티스 부동산 개발 및 관리업 ※ 사업부문별 요약 재무정보는 다음과 같습니다.
00128926,삼현철강(주),상장(cbam),2419,가공형,사업보고서 (cbam),"철판, 형강 및 코일류의 판매와제조가공업을 영위하고, (주)포스코의 열연제품판매점으로 지정되어 있으며, 당기말 현재의 자본금은 8,551백만원입니다. | 주요 제품 및 서비스 ----------------------- 15 3. 원재료 및 생산설비 ----------------------- 16 4. 매출 및 수주상황 ----------------------- 24 5. 위험관리 및 파생거래 ----------------------- 27 6.",고철 1,"열연코일 10, 선재 1",,"천원) 구분 당기 전기 급여 4,303,558 4,135,872 퇴직급여 717,187 444,346 복리후생비 298,977 341,880 여비교통비 135,164 133,151 통신비 26,385 26,526 수도광열비 25,811 24,852 세금과공과 170,235 170,521 감가상각비 137,763 138,509 무형자산상각비 6,200 6,200 수선비 1,250 14,382 보험료 202,343 201,587 접대비 88,657 102,685 광고선전비 5,701 19,310 지급수수료 | 2 판매비와관리비 급여, 판관비 4,303,558,030 퇴직급여, 판관비 717,187,436 복리후생비, 판관비 298,977,014 여비교통비, 판관비 135,164,180 통신비, 판관비 26,384,708 수도광열비, 판관비 25,810,870 세금과공과, 판관비 170,235,170 감가상각비, 판관비 137,763,147 무형자산상각비, 판관비 6,200,000 수선비, 판관비 1,250,000 보험료, 판관비 202,343,289 접대비, 판관비 88,656,720 광고선전비, 판관비 5,7","판매경로 (단위 : 백만원, %) 유형 품 목 판 매 경 로 판매경로별매출액(비중) 제조 제품 절단가공 제품- (주)포스코외 원자재 매입처로부터 열연코일을 매입하여, 당사의 광양1공장에서 박후물 절단라인을 통해 사각형의 철판으로 가공하여 수요가에게 직송 및 창원본사 하치장을 통해 판매하고 있습니다."
00163196,한일철강(주),상장(cbam),2419,가공형,사업보고서 (cbam),주요 제품 및 서비스 ----------------------- 24 3. 원재료 및 생산설비 ----------------------- 24 4. 매출 및 수주상황 ----------------------- 28 5. 위험관리 및 파생거래 ----------------------- 31 6. | 설립일자 및 존속기간 당사는 철강 판재류 및 강관류의 제조 및 판매등을 영위할 목적으로 1957년 12월 5일에 설립되었습니다.,,,유연탄 1,": 원) 공시금액 급여, 판관비 5,426,176,523 퇴직급여, 판관비 437,678,065 복리후생비, 판관비 455,867,911 여비교통비, 판관비 98,076,321 통신비, 판관비 30,600,210 수도광열비, 판관비 21,452,650 세금과공과, 판관비 208,874,586 임차료, 판관비 24,018,000 수선비, 판관비 33,791,983 보험료, 판관비 262,152,766 접대비, 판관비 260,205,255 차량유지비, 판관비 208,432,076 광고선전비, 판관비 5,46 | : 원) 공시금액 급여, 판관비 5,496,025,053 퇴직급여, 판관비 627,227,296 복리후생비, 판관비 460,369,631 여비교통비, 판관비 102,402,072 통신비, 판관비 31,419,305 수도광열비, 판관비 18,115,410 세금과공과, 판관비 198,677,332 임차료, 판관비 19,852,000 수선비, 판관비 55,191,513 보험료, 판관비 228,913,879 접대비, 판관비 248,947,370 차량유지비, 판관비 194,803,330 광고선전비, 판관비 15,4",
00353878,다스코(주),상장(cbam),25112,가공형(금속가공),사업보고서 (cbam),"주요 사업의 내용 당사는 소음방지용 방음시설 및 설치업과 건축 슬라브시공용 데크PL 제조 및 설치업을 주된 사업으로, 건축용 자재인 단열재보드의 제조사업, 태양광 발전을 중심으로 하는 신재생에너지사업(발전,개발구조물등 제작ㆍ시공), 철근의 가공 및 유통사업을 영위하고 있으며, 당사가 적용한 K- | 및 설치업과 건축 슬라브시공용 데크PL 제조 및 설치업을 주된 사업으로, 건축용 자재인 단열재보드의 제조사업, 태양광 발전을 중심으로 하는 신재생에너지사업(발전,개발구조물등 제작ㆍ시공), 철근의 가공 및 유통사업을 영위하고 있으며, 당사가 적용한 K-IFRS에 따라 연결대상 종속회사에 포함된 회사가 영위하는 사업으로는 전기발전업, 건설업, 부동산개발업 등이 있습니다.",고철 3,"슬래브 10, 열연코일 1, 선재 8, 잉곳 매입 1",,"이에 한국전력공사는 재정건전성을 확보하고자 불가피하게 산업용 전기요금 9.7% , 16.1원/kWh 부터 전력판매단가를 조정하였습니다. | 천원) 공시금액 급여, 판관비 11,827,169 퇴직급여, 판관비 875,545 복리후생비, 판관비 1,250,808 여비교통비, 판관비 226,511 접대비, 판관비 822,206 통신비, 판관비 51,282 수도광열비, 판관비 29,659 전력비, 판관비 232,924 세금과공과, 판관비 699,065 감가상각비, 판관비 3,562,595 임차료, 판관비 168,220 수선비, 판관비 103,358 보험료, 판관비 663,903 차량유지비, 판관비 691,770 운반비, 판관비 5,009,604 교","주요 사업의 내용 당사는 소음방지용 방음시설 및 설치업과 건축 슬라브시공용 데크PL 제조 및 설치업을 주된 사업으로, 건축용 자재인 단열재보드의 제조사업, 태양광 발전을 중심으로 하는 신재생에너지사업(발전,개발구조물등 제작ㆍ시공), 철근의 가공 및 유통사업을 영위하고 있으며, 당사가 적용한 K-IFRS에 따라 연결대상 종속회사에 포함된 회사가 영위하는"
00116301,(주)NI스틸,상장(cbam),2419,가공형,사업보고서 (cbam),"일반사항주식회사 엔아이스틸(이하 '당사')은 1972년 12월 14일에 신창강업 주식회사로 설립되어 철강재의 제조ㆍ판매업, 건설기자재 판매 및 임대업, 건설업 등을 주요 영업으로 하고 있습니다. | (1) 재화의 판매당사는 1차금속 부문의 강건재 철강성형제품을 제조 및 판매하고 있습니다.",,"빌렛 1, 슬래브 7, 열연코일 5, 선재 1",,"분 당 기 전 기 급여 7,061,829 6,230,116 퇴직급여 538,106 757,060 복리후생비 2,105,747 1,821,749 여비교통비 294,745 184,508 통신비 38,313 38,514 수도광열비 34,527 2,500 세금과공과 1,028,613 499,487 지급임차료 330,758 260,838 감가상각비 282,061 193,880 사용권자산상각비 1,009,969 674,282 무형자산상각비 4,745 5,210 보험료 177,360 342,589 접대비 643,441 | 리비 합계 20,646,231 판매비와관리비 합계 급여, 판관비 7,061,829 퇴직급여, 판관비 538,106 복리후생비, 판관비 2,105,747 여비교통비, 판관비 294,745 통신비, 판관비 38,313 수도광열비, 판관비 34,527 세금과공과, 판관비 1,028,613 임차료, 판관비 330,758 감가상각비, 판관비 282,061 사용권자산상각비, 판관비 1,009,969 무형자산상각비, 판관비 4,745 보험료, 판관비 177,360 접대비, 판관비 643,441 광고선전비, 판관비 8,","- 연간 약 9천억원 규모의 슬래브 거푸집 관련 시장에 입찰 참여 및 관련 전문 건설업 수행할 것이고, 환경 문제 및 전문 인력 부족에 따른 당사 생산 제품인 장스팬 데크 에 대한 수요 증대 예상됩니다."
00149239,조일알미늄(주),상장(cbam),24222,가공형,사업보고서 (cbam),"회사의 개요 조일알미늄주식회사(이하 '당사')는 알미늄판 제조ㆍ판매를 주 사업목적으로 1985년9월에 설립되었으며, 경상북도 경산시에 소재한 본사 및 공장에서 알미늄판을 제조하여 국내외에 판매하고 있습니다. | 주요 제품, 서비스 등 ----------------------------------------- 12 3. 원재료 및 생산설비 ------------------------------------------ 13 4. 매출 및 수주상황 ----------------------------------",,"슬래브 4, 잉곳 매입 2",,"구 분 당 기 전 기 급여 6,303,638 6,129,456 퇴직급여 1,101,476 822,557 복리후생비 879,887 755,245 여비교통비 257,881 255,339 통신비 30,208 29,769 전력비 124,821 136,083 소모품비 46,719 104,476 세금과공과 969,791 958,652 임차료 10,920 10,920 감가상각비 362,084 270,834 수선비 143,199 203,045 보험료 578,550 11,331 접대비 69,825 75,632 광고선전 | 연구개발비 100,877 62,591 운반비 2,450,401 2,571,437 소모품비 8,248,481 8,559,410 포장비 2,807,743 3,297,230 외주가공비 4,439,948 4,706,949 전력비 14,822,279 14,554,161 기타비용 150,297,285 149,621,142 합 계 472,883,444 478,265,738 23. 주당손익 (1) 당기 및 전기의 기본주당손익의 내역은 다음과 같습니다(단위:원,주) 구 분 당 기 전 기 보통주당기순손익 7,976,32","2024년 2023년 매출액 486,679 498,372 465,784 영업이익 13,795 20,107 8,473 당기순이익(손실) 7,976 10,984 (134) (회사의 경쟁우위 요소)당사는 연속주조 라인과 슬래브(Slab)주조, 열간압연 라인을 동시에 보유하고 있어, 일반재 시장에서부터 2차전지 양극박용 소재와 고합금 제품 등에 이르는 고부가가치시장까지 다변화된 제품군에 대응할 수 있어 다양한 시장 수요 대처가 가능합니다."
00125822,삼보산업 주식회사,상장(cbam),24212,용해형(비철 제련·합금),사업보고서 (cbam),"(단위 : %) 종속기업명 소재지 주요 영업활동 당기말 지배지분율 전기말 지배지분율 삼보오토㈜ 경기도 안산 자동차부품 제조 69.68 69.68 ㈜씨맥스커뮤니케이션즈(*1) 서울 프로그램 공급 27.53 27.53 ㈜레드언더미디어(*2) 서울 프로그램 공급 27.53 27.53 삼보오토유동화제1차 주식회사(*3) 대한민국 자산유 | (단위 : 천원) 회사명 소재지 주요 영업활동 당기말 전기말 지분율(%) 장부금액 지분율(%) 장부금액 한성산업㈜ 대한민국 산업용 가스 제조 48.22 6,148,168 48.22 6,085,368 밀양자동차부품소재공단사업협동조합 대한민국 산업단지조성 20.00 51,576 20.00 91,091 합계 6,199,744 6,1",고철 2,잉곳 매입 24,,"329,691 330,212 복리후생비 3,486,451 3,977,446 수선비 1,544,141 2,189,165 소모품비 5,892,705 7,705,293 외주가공비 14,666,176 12,516,306 전력비 7,627,221 8,514,188 연료비 3,224,434 6,318,947 기타 8,615,401 14,012,166 매출원가 및 판관비의 합계 277,768,151 340,345,999 29. 판매비와 관리비당기와 전기 중 판매비와관리비의 내역은 다음과 같습니다. | 출제경비 34,208 216,531 소모품비 38,999 61,150 도서인쇄비 11,107 12,855 교육훈련비 1,920 1,892 회의비 14,197 11,379 대손상각비 (35,992) 2,724,023 수도광열비 - 9,706 무형자산상각비 830,443 842,127 판매촉진비 495,096 531,482 방송송출임대료 366,000 396,000 건물관리비 46,212 44,100 방송판권료 - 70,700 판매보증비 725,155 1,524,243 경상연구개발비 25,130 12,000",보고부문 영업의 내용 알루미늄합금괴 알루미늄합금괴의 제조 및 판매 자동차부품 자동차부품의 제조 및 판매 프로그램 공급 방송프로그램 판매 및 유통 (2) 당기와 전기의 보고부문에 대한 정보는 다음과 같습니다.
00153339,태경산업(주),상장(cbam),24113,용해형(제철·제강·합금철),사업보고서 (cbam),"회사의 개요 태경산업 주식회사(이하 ""당사"")는 1982년 2월 15일에 설립되어 합금철 제조 및 판매업을 주된 사업으로 영위하고 있으며, 중질탄산칼슘 등 제조 및 판매와 영동고속도로문막휴게소 등 고속도로 휴게소 및 주유소 사업을 운영하고 있습니다. | 당사가 운영하고 있는 제조 및 판매업은 고객과의 계약에 따라 해당 제품을 제조하여납품하는 업무를 제공하고, 제조과정상 하자 등의 사유가 없는 경우에는 고객의 반품을 허용하지 아니하고 있음에 따라, 당사는 고객과의 계약은 일반적으로 단일수행의무로 식별하였습니다.",망간·규소광 11,,석회석 22,"166,215,857 176,337,768 임차료 4,523,073,805 4,036,344,135 차량유지비 907,282,854 809,871,047 감가상각비 1,418,595,121 1,227,987,135 수도광열비 351,277,120 334,335,493 경상연구개발비 817,702,543 865,985,224 운반비 3,765,096,058 3,908,711,549 대손상각비(환입) (28,732,696) (14,437,777) 전력비 525,446,045 557,827,348 지급수수료 1 | 277,120 334,335,493 경상연구개발비 817,702,543 865,985,224 운반비 3,765,096,058 3,908,711,549 대손상각비(환입) (28,732,696) (14,437,777) 전력비 525,446,045 557,827,348 지급수수료 1,852,669,379 1,760,135,948 수출부대비 - 1,589,381 기타 1,997,667,387 1,862,354,365 합 계 25,842,802,407 24,669,240,594 30. 기타손익(1) 당기와 전기","철강의 생산과정에서 필수불가결한 부원료이며, 당사는 페로망간(Ferro Manganese)및 실리코망간(Silicomanganese)을 생산 및 판매하고 있습니다."
00117027,(주)알루코,상장(cbam),24222,가공형,사업보고서 (cbam),"일반사항 주식회사 알루코(이하 ""당사"")는 알루미늄 제품의 제조 및 판매를 영위할 목적으로 1956년 6월 4일에 설립되었으며, 대전광역시 대덕구에 본사 및 공장이 소재하고 있습니다. | 1) 수행의무의 식별당사는 알루미늄 건축용 샷시제품 및 산업전반에 사용되는 산업용소재 등 제품판매를 주요 사업으로 하고 있습니다.","고철 1, 합금괴·잉곳 원료 1",빌렛 9,,,"주요 원재료 매입 현황 (단위 : 백만원, %) 구 분 품 목 제70기 금액 비중 알루미늄압출제품 알루코 원재료 등 Billet, 압출 반제품 등 228,442 159.77% 현대알루미늄 원재료 등 Billet, 압출 반제품 등 29,332 14.42% 현대 VINA 원재료 등 Billet, 압출 반제품 등 119,674 82.69% ALK VINA 원재료 등 Billet, 압출 반제품 등 49,917 32.0"
01765265,동국제강(주),상장(cbam),24112,용해형(제철·제강·합금철),사업보고서 (cbam),"일반사항 동국제강주식회사(이하 ""당사"")는 2023년 6월 1일을 분할기일로 하여 동국홀딩스주식회사(구,동국제강주식회사)에서 인적분할되어 후판, 봉강 및 형강 등의 제조 및 판매를 주요 영업으로 신규 설립되었습니다. | (1) 시장위험 1) 외환위험 당사는 국제적으로 영업활동을 영위하고 있어 다양한 통화로부터의 환율변동 위험에노출되어 있습니다.",고철 8,"빌렛 1, 슬래브 1",,"024 재고자산의 변동 (16,742) 45,010 원부재료의 사용 및 상품매입액 1,985,159 2,142,545 종업원급여 237,630 244,764 감가상각비 및 무형자산상각비 129,053 135,985 전력비 296,058 299,802 연료비 104,161 111,809 운반비 105,903 103,158 지급수수료 및 지급용역비 150,701 169,339 소모품비 79,325 88,389 수선비 60,279 70,404 포장비 2,447 3,014 기타 10,077 10,833 합계 | (5) 당사는 신한카드와 전력비, 물품대 기업구매카드 납부 등에 대해 단기 국내 유효신용등급이 A3- 미만으로 하락하거나 유효신용등급이 소멸하는 경우 해지하는 조항이 포함된 추가약정을 체결하고 있습니다(주석 16 참조).(6) 당사는 전기에 동국인베스트먼트(주)가 결성하는 동국 미래성장 벤처펀드 1호에 출자를 결의하","폐차처리장 및 고철수집 도산매업 미영위 16. 국내외투자 및 주식의 소유업 영위 17. 장ㆍ단기 금고업 및 전대업 미영위 18. 창고업 미영위 19. 고철 가공처리업 미영위 20. 부가통신사업 미영위 21. 전자상거래업 영위 22. 인터넷 및 정보통신사업 미영위 23. 교육복지시설, 골프장, 의료시설,"
00129235,삼화왕관(주),상장(cbam),25991,가공형(금속가공),사업보고서 (cbam),"지배기업 및 종속기업(이하 '연결기업')은 병마개 제조ㆍ판매, 금속인쇄 및 플라스틱 일반성형제품 제조 및 판매를 주된 영업으로 하고 있습니다. | 주요사업의 내용 당사와 그 종속기업(이하 '연결기업')은 CAP 사업부, 플라스틱용기 사업부 총 2개의 사업을 영위하고 있습니다.",,,,"31,083 사용권감가상각비 666,005 647,060 무형자산상각비 474,732 400,630 광고선전비 85,347 78,711 운반비 2,659,065 2,832,827 임차료 559,766 600,783 전력비 7,047,703 6,870,132 소모품비 1,037,669 1,079,355 수선비 3,547,919 3,842,656 포장비 1,489,908 1,694,164 용역비 4,380,314 5,090,105 기타 23,855,565 23,106,560 합 계 156,140,885 1 | ,449,971 사용권감가상각비 591,781 572,559 무형자산상각비 19,387 14,515 광고선전비 68,000 65,000 운반비 2,417,099 2,597,083 임차료 467,969 504,245 전력비 5,676,408 5,422,656 소모품비 7,812 20,427 수선비 3,307,415 3,577,010 포장비 1,489,908 1,694,164 용역비 4,380,314 5,090,104 기타 12,779,428 12,644,850 합 계 120,677,710 122,429,",
00415594,(주)동국에스엔씨,상장(cbam),2511,가공형(금속가공),사업보고서 (cbam),"주요 제품 및 서비스 ----------------------- 14 3. 원재료 및 생산설비 ----------------------- 15 4. 매출 및 수주상황 ----------------------- 20 5. 위험관리 및 파생거래 ----------------------- 23 6. | 설립일자 및 존속 기간 (주)동국에스엔씨는 2001년 07월 02일 설립되어 풍력 금속 구조재,건설업 등을 주요사업으로 영위하고 있습니다.",,,,"공시금액 판매비와관리비 8,040,486 판매비와관리비 급여, 판관비 2,222,336 퇴직급여, 판관비 244,822 복리후생비, 판관비 370,969 여비교통비, 판관비 93,933 통신비, 판관비 21,784 수도광열비, 판관비 5,961 소모품비, 판관비 44,592 세금과공과, 판관비 147,840 도서인쇄비, 판관비 5,643 접대비, 판관비 187,181 임차료, 판관비 30,737 감가상각비, 판관비 314,205 수선비, 판관비 131,646 보험료, 판관비 193,854 차량유지비, 판관 | 금액 판매비와관리비 11,479,998 판매비와관리비 급여, 판관비 2,870,461 퇴직급여, 판관비 329,688 복리후생비, 판관비 399,867 여비교통비, 판관비 160,162 통신비, 판관비 27,401 수도광열비, 판관비 76,470 소모품비, 판관비 79,637 세금과공과, 판관비 149,951 도서인쇄비, 판관비 7,555 접대비, 판관비 256,244 임차료, 판관비 28,173 감가상각비, 판관비 740,720 수선비, 판관비 0 보험료, 판관비 252,965 차량유지비, 판관비 30,",
00670340,씨에스윈드(주),상장(cbam),2511,가공형(금속가공),사업보고서 (cbam),"회사의 개요 씨에스윈드 주식회사(이하 '당사')는 2006년에 대한민국에서 설립되어 풍력발전 설비 제조 및 관련 기술개발업 등을 영위하고 있으며, 서울특별시 강남구 언주로 723에본사를 두고 있습니다. | 10,305,931 - 2,995,328 - 미수수익 5,222,693 1,818,411 10,956,115 - 합계 179,424,161 1,818,411 218,200,658 - (2) 신용위험 및 손실충당금 주요 제품 매출에 대한 평균 신용공여기간은 90일이며, 매출채권에 대해서 이자는 부과되지 아니합니다.",,,,"자산의 변동 155,453,007 재고자산의 매입 등 1,685,407,373 종업원급여비용 272,333,314 감가상각비와 상각비 167,945,043 복리후생비 34,585,555 여비교통비 6,533,800 수도광열비 21,603,936 임차료 12,953,925 소모품비 41,104,406 지급수수료 39,248,022 교육훈련비 2,138,977 운송료 8,406,956 보험료 6,717,548 외주용역비 28,449,300 기타 비용 128,444,241 매출원가 및 판매비와관리비 합계 2,6 | 산의 변동 (74,899,044) 재고자산의 매입 등 2,227,672,578 종업원급여비용 256,560,938 감가상각비와 상각비 164,736,651 복리후생비 35,421,872 여비교통비 5,834,583 수도광열비 21,065,264 임차료 9,707,206 소모품비 36,192,317 지급수수료 25,201,311 교육훈련비 1,037,129 운송료 5,321,969 보험료 6,237,245 외주용역비 8,250,051 기타 비용 88,707,176 매출원가 및 판매비와관리비 합계 2,817,",
00239639,(주)삼표시멘트,상장(cbam),23311,시멘트,사업보고서 (cbam),"주요 제품, 서비스 등 --------------------------------------------- 3. 원재료 및 생산설비 ---------------------------------------------- 4. 매출 및 수주상황 -------------------------------- | 화번호 : 033)571-7000- 홈페이지 : http://www.sampyocement.co.kr 5) 중소기업 등 해당 여부 중소기업 해당 여부 미해당 벤처기업 해당 여부 미해당 중견기업 해당 여부 해당 6) 주요 사업의 내용보고서 작성 기준일 현재 당사의 사업부문은 당사가 영위하는 사업의 특성에 따라, 시멘트 사업부문과 레미콘 사업부문으로 분류하여 기재하고 있습니다.",,,"석회석 53, 유연탄 4","당기 (단위 : 백만원) 공시금액 재고자산의 변동 2,715 원재료 및 상품 매입액 174,747 종업원급여 등 91,196 감가상각비 77,315 무형자산상각비 1,364 외주비 40,214 운반비 22,382 동력비 108,863 지급임차료 6,128 세금과공과 8,632 지급수수료 17,136 온실가스배출권매입(매각) (9,046) 기타 58,697 성격별 비용 합계 600,343 비용의 성격별 분류에 대한 기술 연결포괄손익계산서상 매출원가, 판매비와관리비의 합계액입니다. | (단위 : 백만원) 공시금액 재고자산의 변동 (8,498) 원재료 및 상품 매입액 197,742 종업원급여 등 105,542 감가상각비 74,387 무형자산상각비 1,448 외주비 42,486 운반비 30,265 동력비 117,756 지급임차료 7,021 세금과공과 10,860 지급수수료 23,063 온실가스배출권매입(매각) (3,833) 기타 88,617 성격별 비용 합계 686,856 비용의 성격별 분류에 대한 기술 연결포괄손익계산서상 매출원가, 판매비와관리비의 합계액입니다.",
00143907,(주)원일특강,상장(cbam),24123,가공형,사업보고서 (cbam),"주요사업의 내용 당사의 특수강 사업부문은 세아베스틸, 세아창원특수강, 현대제철, 두산에너빌리티 등 국내 특수강 생산업체 및 해외특수강 생산업체등으로부터 매입한 특수강 원자재를 제조(절단,가공) 및 판매하는 사업을 영위하고 있습니다. | 단조사업부문은 조선, 원자력, 플랜트 사업 등에서 쓰이는 규격이 크고 표준화되지 않은 주요부품을 자유단조를 통해 생산하고 판매하는 사업를 영위하고 있으며, 특히 조선 및 플랜트 산업과 연관성이 높습니다.",고철 4,,,"관리비에 대한 공시 당기 (단위 : 천원) 공시금액 급여, 판관비 8,964,318 퇴직급여, 판관비 527,625 복리후생비, 판관비 1,020,703 여비교통비, 판관비 71,883 통신비, 판관비 35,003 수도광열비, 판관비 16,577 세금과공과, 판관비 143,418 감가상각비, 판관비 464,501 무형자산상각비, 판관비 118,319 수선비, 판관비 39,525 보험료, 판관비 54,531 접대비, 판관비 426,811 광고선전비, 판관비 67,872 도서인쇄비, 판관비 8,529 소모품비 | 비 16,386,330 전기 (단위 : 천원) 공시금액 급여, 판관비 8,465,917 퇴직급여, 판관비 427,106 복리후생비, 판관비 954,953 여비교통비, 판관비 78,595 통신비, 판관비 36,406 수도광열비, 판관비 16,401 세금과공과, 판관비 134,745 감가상각비, 판관비 448,300 무형자산상각비, 판관비 41,951 수선비, 판관비 79,464 보험료, 판관비 54,564 접대비, 판관비 429,477 광고선전비, 판관비 41,927 도서인쇄비, 판관비 8,038 소모품비,","매출유형 품 목 구체적용도 주요 상표등 매출액 비율(%) 특수강 제품상품 ㆍ금형강외 금형,기계부품,기어류 등 - 282,899 71.1 ㆍ후판외 각종 기계부품 등 - 80,494 20.2 기타 ㆍ임대 및 부산물등 철스크랩, 임대 - 8,623 2.2 임가공 - ㆍ외주가공 외주가공 - 3,347 0.8 단조 제품 ㆍ단조 제품 선박 및 중장비 주요부품 - 22,752 5.7 합 계 398,115 100 나. 주요 제품 등의 가격변동추이 (단위 : 원) 품 목 제 49 기 제 48 기 제 47 기 금형강외"
00172680,동국산업(주),상장(cbam),24122,가공형,사업보고서 (cbam),"회사의 개요동국산업 주식회사(이하 ""회사"")는 1967년 9월에 설립되어 냉연강판가공 및 판매 등을 주요사업으로 영위하고 있으며, 서울시 중구 다동에 소재하고 있으며 경상북도 포항시 남구, 경기도 시흥시, 경상북도 경주시에 제조시설을 두고 있습니다. | 영업부문은 회사의 수익을 창출하고 비용을 발생(동일 기업 내의 다른 구성단위와의 거래와 관련된 수익과 비용을 포함)시키는 사업활동을 영위하고, 최고영업의사결정자가 배분될 자원에 대한 의사결정을 하고 영업성과를 정기적으로 검토하는 기업의 구성단위를 의미합니다.",망간·규소광 1,열연코일 2,,"(단위 : 천원) 구 분 당기 전기 급여 7,176,942 8,806,652 퇴직급여 1,011,309 532,597 수도광열비 168,704 162,664 운반보관비 2,668,445 2,607,050 감가상각비 784,554 719,133 수선비 690,684 126,802 차량유지비 233,744 208,922 지급임차료 167,978 259,097 소모품비 148,207 82,966 행사비 - 61,88 | 와관리비 급여, 판관비 13,319,956 퇴직급여, 판관비 1,565,732 복리후생비, 판관비 1,541,832 여비교통비, 판관비 963,098 접대비, 판관비 3,141,124 통신비, 판관비 320,499 수도광열비, 판관비 179,171 세금과공과, 판관비 795,233 감가상각비, 판관비 1,176,010 임차료, 판관비 1,006,461 수선비, 판관비 872,169 보험료, 판관비 680,771 차량유지비, 판관비 334,978 경상개발비, 판관비 1,955,797 운반보관비, 판관비 7,","수 1,512 1,579 1,688 수출 1,809 1,955 2,097 ※ 제품기준 산출① 산출기준 : 단순 제품평균가격 (매출액 / 매출량)② 주요 가격변동원인 : 환율변동 및 국내 원자재 판매단가의 변동, 수입핫코일 가격의 변동 등이 주요 요인으로 작용하며, 국제철강시장의 수급관계가 판매단가에 영향을 미칩니다."
01765256,동국씨엠 주식회사,상장(cbam),24191,가공형,사업보고서 (cbam),주요 제품 및 서비스 ---------- 19 3. 원재료 및 생산설비 ---------- 22 4. 매출 및 수주상황 ---------- 29 5. 위험관리 및 파생거래 ---------- 37 6. 주요계약 및 연구개발활동 ---------- 44 7. 기타 참고사항 ---------- 48 | 주요 사업의 내용 1954년 설립된 국내 최초의 민간 철강기업 동국제강그룹을 모태로 출범한 동국씨엠은 국내 최초 냉간압연강판과 컬러강판을 생산하는 표면 처리 전문 대표 기업입니다.,고철 11,"슬래브 1, 열연코일 2",,"17,978) 원부재료의 사용 및 상품매입액 2,034,734 종업원급여비용 232,010 감가상각비, 유형자산 79,983 감가상각비, 사용권자산 2,852 감가상각비, 투자부동산 257 무형자산상각비 2,388 전력비 80,657 연료비용 56,315 운송료 138,755 지급수수료 및 지급용역비 59,781 소모품비 27,989 수선비 42,536 포장비 22,791 화학처리비 11,574 성격별 기타비용 32,887 전기 (단위 : 백만원) 공시금액 성격별 비용 합계 2,086,432 성격별 비 | 동 (22,414) 원부재료의 사용 및 상품매입액 1,524,756 종업원급여비용 152,564 감가상각비, 유형자산 43,286 감가상각비, 사용권자산 2,226 감가상각비, 투자부동산 49 무형자산상각비 751 전력비 63,564 연료비용 53,538 운송료 122,686 지급수수료 및 지급용역비 39,105 소모품비 13,003 수선비 40,563 포장비 24,244 화학처리비 12,699 성격별 기타비용 15,812 (정정 후 1) 32.비용의 성격별 분류(연결) 비용의 성격별 분류 공시 당기","석회제조업 미영위 8 조선업 미영위 9 조기업 미영위 10 선박해체업 미영위 11 고선박해체에 관한 기술용역업 미영위 12 토석채취업 미영위 13 부동산매매 및 임대업 영위 14 동산임대업 영위 15 폐차처리장 및 고철수집 도산매업 미영위 16 국내외투자 및 주식의 소유업 영위 17 장. 단기 금고업 및 전대업 미영위 18 창고업 영위 19 고철 가공처리업 미영위 20 부가통신사업 미영위 21 전자상거래업 영위 22 인터넷 및 정보통신사업 미영위 23 교육복지시설, 골프장, 의료시설, 종합레저,스포츠"
00166175,(주)대호특수강,상장(cbam),24123,가공형,사업보고서 (cbam),"(19) 수익인식 당사는 고객에게 냉간압조용 강선(CHQ-Wire) 및 CD-BAR를 제조 판매하는 사업을 영위하고 있습니다. | (3) 환위험당사는 국제적으로 영업활동을 영위하고 있기 때문에 USD, JPY 등의 주요통화에 대한 환율변동위험에 노출되어 있습니다.",고철 1,선재 46,,"각비 4,941,976 4,696,967 무형자산상각비 6,897 917,573 사용권자산상각비 143,483 120,980 지급수수료 2,087,274 3,379,571 포장비 1,458,177 1,564,724 수도광열비 16,258,453 17,276,075 임차료 289,102 330,387 소모품비 2,197,794 2,545,332 세금과공과 272,734 277,038 운반비 5,251,939 5,669,974 여비교통비 708,019 706,498 대손상각비환입 (17,859) (281,24 | 비 5,063,514 4,846,291 무형자산상각비 10,559 920,256 사용권자산상각비 191,825 155,491 지급수수료 2,151,559 3,210,131 포장비 1,458,177 1,564,724 수도광열비 16,272,257 17,283,026 임차료 319,179 337,356 소모품비 2,200,166 2,547,616 세금과공과 299,287 291,606 운반비 5,252,968 5,672,529 여비교통비 712,546 713,443 대손상각비환입 (17,859) (281,24","- 매출 발생사실회사의 주력 사업은 냉간선재사업이며, 냉간압조용선은 자동차부품, 일반산업기계부품 및 전자부품 등의 철강부품류의 소재로서 산업 전반에 걸쳐 다양한 제품 구성을 이루고 있으며, 타 산업과의 연계효과가 매우 큰 산업입니다."
00186799,(주)태웅,상장(cbam),24112,용해형(제철·제강·합금철),사업보고서 (cbam),"주요 사업의 내용 1) 단조사업부풍력발전, 플랜트, 조선, 발전, 산업기계 등 수요산업에 소요되는 핵심 단조부품을 생산/공급하는 자유형단조사업을 해오고 있습니다. | 주요 제품 및 서비스 가. 당기말 주요 제품별 매출은 다음과 같습니다.",고철 3,잉곳 매입 8,,"시 당기 (단위 : 원) 공시금액 원재료와 부재료의 사용액 237,468,892,113 재고자산의 변동 (107,931,762,318) 종업원급여비용 29,625,512,603 감가상각비 19,487,335,620 전력비와 연료비 59,505,246,922 외주용역비 40,925,698,845 수출제비용, 판관비 16,436,511,962 기타 비용 49,113,890,001 성격별 비용 합계 344,631,325,748 전기 (단위 : 원) 공시금액 원재료와 부재료의 사용액 264,361,466,11 | 8 전기 (단위 : 원) 공시금액 원재료와 부재료의 사용액 264,361,466,114 재고자산의 변동 (128,462,563,640) 종업원급여비용 28,095,720,441 감가상각비 19,651,185,434 전력비와 연료비 62,696,659,163 외주용역비 50,280,809,123 수출제비용, 판관비 12,276,254,262 기타 비용 54,608,438,615 성격별 비용 합계 363,507,969,512 26. 주당손익 주당이익 주당이익 당기 (단위 : 원) 보통주 당기순이익(손실)",2) 제강사업부단조사업부의 핵심 원재료로 사용되는 잉곳(INGOT) 및 라운드블룸(ROUND BLOOM)을 생산/공급 하고있습니다.
00486705,아주스틸(주),상장(cbam),2419,가공형,사업보고서 (cbam),"주요 사업의 내용 당사는 철의 표면을 다양한 방식으로 가공하여, 철에 새로운 특성과 기능을 부여하고 외관을 미려하게 디자인 할 수 있는 기술력을 바탕으로 고품질 컬러강판 개발 및 생산, 판매를 주요사업으로 영위하고 있습니다. | 반도체장치 부품 제조 및 판매 아주스틸&아주엠씨엠 합병 (종료일 : 2025.01.06) 1. 멀티 칼라강판 제조 1. 수출입업 1. 생활가전제품의 제조 판매 1. 멀티 칼라강판 설비라인 제조 1. 도료(잉크)제조 1. 정보통신 관련 부품제조 1. 환경관련사업 1. 방위산업 1. 부동산임대업 1. 농기계(저온저장고",고철 8,"빌렛 2, 열연코일 1",,",225,929 지급수수료 5,079,940,953 도서인쇄비 6,315,704 수출제비용 2,314,047,203 판매보증비 1,647,987,370 수선비 75,482,836 경상연구개발비 212,648,027 수도광열비, 판관비 0 전력비, 판관비 0 판매 및 일반관리비 32,622,408,725 전기 (단위 : 원) 공시금액 급여 10,117,710,797 퇴직급여 2,728,131,311 복리후생비 2,967,278,920 지급임차료 770,239,443 접대비 446,270,505 감가상각비 8 | 료 5,079,940,953 도서인쇄비 6,315,704 수출제비용 2,314,047,203 판매보증비 1,647,987,370 수선비 75,482,836 경상연구개발비 212,648,027 수도광열비, 판관비 0 전력비, 판관비 0 판매 및 일반관리비 32,622,408,725 전기 (단위 : 원) 공시금액 급여 10,117,710,797 퇴직급여 2,728,131,311 복리후생비 2,967,278,920 지급임차료 770,239,443 접대비 446,270,505 감가상각비 802,708,871","러강판 등 115,567 10.57 건재 컬러강판(건축내·외장재 등), 방화문, 태양광 지지대 등 289,323 26.45 자동차 부품 헤드램프용 MCCL, 배터리 Cell Cover 등 16,768 1.53 기타 스크랩, 급외재, 기타품목 등 10,465 0.97 Aju Steel USA, Inc. 영상가전 영상가전용(TV) 내장프레임 등 108,760 9.94 생활가전 생활가전용(오븐 등) 소재 등 99,687 9.11 건재 건설자재 등 3,057 0.28 자동차 부품 트레일러 조립용 롤포밍재 및"
00958664,주식회사 신스틸,상장(cbam),241,코드 불충분,사업보고서 (cbam),"매출의 기간귀속 회사는 철강코일센터(Steel Service Center, SSC)로서 칼라강판을 비롯한 강판류 및 기타 철강재의 가공 및 유통 등을 주요 사업으로 영위하며, 수익익식은 고객이 약속된 자산을 통제하고 회사가 수행의무를 이행하는 시점에 인식합니다. | 당사는 철강 제품 및 상품을 판매하는 사업을 영위하고 있으며 재화의 통제가 구매자에게 이전되는 시점에 수익으로 인식하고 있습니다.",고철 4,열연코일 1,,",147 여비교통비 698,913,680 682,405,319 접대비 809,999,824 685,902,843 통신비 102,880,060 88,871,001 지급임차료 515,715,811 408,303,936 수도광열비 114,074,545 51,674,503 세금과공과 270,738,039 294,876,212 보험료 531,591,919 372,589,557 감가상각비 622,744,446 587,545,607 무형자산상각비 36,254,345 35,694,272 수선비 37,600,340 20, | 26,807 여비교통비 586,526 548,026 536,607 접대비 408,041 370,697 403,490 통신비 89,575 62,982 62,454 지급임차료 345,004 357,427 376,973 수도광열비 21,510 23,236 23,645 세금과공과 78,896 166,684 154,601 보험료 227,834 340,986 278,633 감가상각비 450,922 316,154 253,961 무형자산상각비 32,400 32,400 32,400 수선비 12,163 - 21,464 차량","로 조선업체가 선박을 만들때 사용함 선박, 보일러, 압력용기, 교량 등의대형 구조물 등외품 - 정상제품 외에 불량, 단중부족 등 다양한 원인으로등외품으로 분류되는 모든 철강재 개발도상국의 저품질기준으로 생산된제품, 고철 스크랩 등 나. 주요제품등의 가격변동 추이 (단위 : 원/톤) 매출유형 품 목 구 분 2025년 2024년 2023년 (제18기) (제17기) (제16기) 제품 칼라강판 내 수 1,468,000 1,547,000 1,640,000 수 출 1,616,000 1,662,000 1,684,"
00156488,(주)휴스틸,상장(cbam),2413,가공형,사업보고서 (cbam),"4) 설립일자 및 존속기간 : 당사는 강관의 제조 및 판매 등을 영위할 목적으로 1967년 4월 18일에 설립되었습니다. | 딩) - 전화번호 : 02-828-9000 - 홈페이지 : https://www.husteel.com 6) 중소기업 등 해당 여부 중소기업 해당 여부 미해당 벤처기업 해당 여부 미해당 중견기업 해당 여부 해당 7) 주요 사업의 내용 : 당사는 단일 사업부문(강관 제조 및 판매)으로 구성되어 있으며, 주요제품으로는 증기, 물, 가스 등의 배관에 사용되는 배관용 강관, 유정 굴착 및 채유에 사용되는 OCTG(Oil Country Tubular Goods), 토목, 건축 등의 구조물에 사용되는 구조용 강관, 전",,열연코일 1,,"46) 복리후생비 6,436,726 감가상각비 18,376,460 감가상각비, 사용권자산 997,532 운송료 7,180,473 수출제비용 6,707,917 지급수수료 7,082,213 위탁가공비 6,648,532 전력비 13,725,694 수선비 2,912,263 세금과공과 655,775 임차료 2,154,605 기타 비용 4,690,690 성격별 비용 합계 609,000,470 성격별 비용의 합계액에 대한 기술 연결포괄손익계산서 상의 매출원가, 판매비와관리비를 합한 금액입니다. | 59 복리후생비 6,710,632 감가상각비 13,566,151 감가상각비, 사용권자산 751,361 운송료 7,567,396 수출제비용 6,710,534 지급수수료 6,363,121 위탁가공비 13,813,076 전력비 13,472,741 수선비 1,542,091 세금과공과 649,426 임차료 1,865,722 기타 비용 3,284,867 성격별 비용 합계 705,988,050 성격별 비용의 합계액에 대한 기술 연결포괄손익계산서 상의 매출원가, 판매비와관리비를 합한 금액입니다.","주요 원재료는 열연코일(Hot Rolled Coil)이며, 원재료의 제조원가 비중이 타 산업에 비해 높아 원재료 조달능력이 중요합니다."
00153375,(주)태광,상장(cbam),2413,가공형,사업보고서 (cbam),"지배기업은 배관자재, 관 이음쇠류의 제조 및 판매업 등을 영위하고 있습니다. | (단위: 천원) 사 업 부 문 주요 제품(서비스) 당기 전기 매출액 비중(%) 매출액 비중(%) 플랜트용 기자재 관이음쇠류 265,617,235 89.44 233,066,384 87.35 2차전지용 기자재 2차 전지 생산설비부품 30,085,096 10.13 32,321,394 12.11 부동산 임대 외 점포임대, 전시기획",,,,"여 560,220 482,412 잡급 31,243 26,652 복리후생비 1,006,761 938,488 광고선전비 75,213 168,342 여비교통비 760,308 635,730 통신비 52,855 56,833 수도광열비 151,667 111,201 전력비 184,252 161,608 세금과공과 701,388 646,780 감가상각비 567,921 564,829 사용권자산상각비 634,073 577,385 수선비 32,641 195,620 보험료 689,563 665,611 접대비 408,988 427 | 1,243 26,652 복리후생비 1,006,761 938,488 광고선전비 75,213 168,342 여비교통비 760,308 635,730 통신비 52,855 56,833 수도광열비 151,667 111,201 전력비 184,252 161,608 세금과공과 701,388 646,780 감가상각비 567,921 564,829 사용권자산상각비 634,073 577,385 수선비 32,641 195,620 보험료 689,563 665,611 접대비 408,988 427,577 사무용품비 215,581 4",
00126779,삼아알미늄(주),상장(cbam),24222,가공형,사업보고서 (cbam),"종속기업명 주요영업활동 법인설립 및 영업소재지 연결실체 내 기업이 소유한 지분율(%) 결산월 당기말 전기말 (주)삼아소이전자 도매업 대한민국 100 100 12월 (3) 당기말 및 전기말 현재 당사의 연결대상 종속기업의 요약 재무정보는 다음과 같습니다. | (단위: 천원) 회사명 주요영업활동 법인설립 영업소재지 결산월 당기말 전기말 지분율 (%) 취득원가 장부금액 지분율 (%) 취득원가 장부금액 (주)퀀텀인더스트리 제조업 대한민국 12월 33.0 3,267,000 2,213,297 33.0 3,267,000 2,455,158 (2) 당기와 전기 중 관계기업투자자산 장부",,잉곳 매입 1,,"외주가공비 7,712,943 7,483,192 지급임차료 12,060 9,960 지급수수료 1,548,715 1,828,279 수선비 2,545,343 3,634,501 소모품비 1,771,770 1,507,408 동력비 8,941,685 7,094,359 수출제비 2,046,442 2,288,001 운반비 1,873,696 2,197,976 기타 7,816,980 6,459,845 합 계(*2) 289,106,046 261,323,899 (*1) 감가상각비에는 투자부동산상각비를 포함하고 있습니다. | 1) 13,380,744 사용권자산상각비 2,657,446 무형자산상각비 60,881 외주용역비 7,712,943 임차료 12,060 지급수수료 1,548,715 수선비 2,545,343 소모품비 1,771,770 동력비 8,941,685 수출제비용 2,046,442 운반비 1,873,696 기타 비용 7,816,980 성격별 비용 합계(*2) 289,106,046 전기 (단위 : 천원) 공시금액 재고자산의 변동 (268,701) 원재료 등의 사용액 126,610,162 상품매출원가 55,264,320","주조공정에서 발생되는 환경오염물질은 알루미늄 잉곳 용해 중 발생되는 먼지 등 입자상 물질로, 간접냉각+사이클론+여과집진 환경설비를 통해 법적 기준치 이내로 관리하고 있습니다."
00103006,고려제강(주),상장(cbam),24122,가공형,사업보고서 (cbam),"종속기업명 소재지 주요 영업활동 결산월 2025.12.31 직접지분율(%)(*1) 투자지분율(%)(*2) 고려강선㈜ 대한민국 선재 제조 및 판매업 12월 50.00 100.00 서울청과㈜ 대한민국 청과물 도/소매업 12월 100.00 100.00 케이.에이.티.㈜(*3) 대한민국 초전도 선재 제조 및 판매업 12 | ) 투자지분율(%)(*2) 고려강선㈜ 대한민국 선재 제조 및 판매업 12월 50.00 100.00 서울청과㈜ 대한민국 청과물 도/소매업 12월 100.00 100.00 케이.에이.티.㈜(*3) 대한민국 초전도 선재 제조 및 판매업 12월 100.00 100.00 홍덕섬유㈜ 대한민국 W/R 제조 및 판매업 12월 100.00 100.00 KISWIRE QINGDAO LTD. 중국 선재 제조 및 판매업 12월 - 100.00 KISWIRE CORD QINGDAO CO.,LTD. 중국 선재 제조 및 판매업 12월",,선재 122,,"비용의 성격별 분류 공시 당기 (단위 : 백만원) 공시금액 재고자산의 변동 (16,666) 원재료 및 상품 매입 280,161 종업원급여 79,393 감가상각비 17,311 수출부대비 10,573 전력비 23,785 연료비용 11,007 수선비 19,728 소모품비 13,584 기타 비용 68,247 매출원가 및 판매비와관리비의 합계 507,123 전기 (단위 : 백만원) 공시금액 재고자산의 변동 (3,185) 원재료 및 상품 매입 257,354 종업원급여 75,496 감가상각비 17 | 원가 및 판매비와관리비의 합계 507,123 전기 (단위 : 백만원) 공시금액 재고자산의 변동 (3,185) 원재료 및 상품 매입 257,354 종업원급여 75,496 감가상각비 17,556 수출부대비 10,471 전력비 21,564 연료비용 11,577 수선비 20,675 소모품비 12,842 기타 비용 73,738 매출원가 및 판매비와관리비의 합계 498,088 26. 판매비와 관리비 당기 및 전기 중 판매비와 관리비의 내역은 다음과 같습니다.",종속기업명 소재지 주요 영업활동 결산월 2025.12.31 직접지분율(%)(*1) 투자지분율(%)(*2) 고려강선㈜ 대한민국 선재 제조 및 판매업 12월 50.00 100.00 서울청과㈜ 대한민국 청과물 도/소매업 12월 100.00 100.00 케이.에이.티.㈜(*3) 대한민국 초전도 선재 제조 및 판매업 12월 100.00 100.00 홍덕섬유㈜ 대한민국 W/R 제조 및 판매업 12월 100.00 100.00
00535481,에스와이(주),상장(cbam),25112,가공형(금속가공),사업보고서 (cbam),"주요사업의 내용 당사는 조립식 샌드위치패널 제조 및 판매를 주사업으로 하고 있습니다. | 주요 종속회사인 에스와이빌드(주)는 칼라강판, 구조용단열패널 제조 및 판매 사업을 영위하고 있으며, 에스와이스틸텍(주)는 데크플레이트 제조 및 판매 사업을 영위하고 있습니다.",,슬래브 2,석회석 1,"액 재고자산의 감소(증가) 85,742,528 원재료비 307,811,926 임금 32,295,612 감가상각비 12,060,980 복리후생비 3,674,547 수출제비용 2,100,730 보험료 1,412,857 수도광열비 8,169,604 차량유지비 829,733 운송료 10,054,479 소모품비 8,596,005 지급수수료 6,410,480 연구와 개발 비용 528,807 기타 비용 26,689,229 성격별 비용 합계 506,377,517 전기 (단위 : 천원) 공시금액 재고자산의 감소(증가) 5 | 시금액 재고자산의 감소(증가) 57,481,827 원재료비 354,988,623 임금 32,438,121 감가상각비 11,297,980 복리후생비 1,356,597 수출제비용 8,074,392 보험료 871,398 수도광열비 10,903,265 차량유지비 9,437,761 운송료 6,853,542 소모품비 4,994,545 지급수수료 4,784,207 연구와 개발 비용 201,120 기타 비용 35,607,986 성격별 비용 합계 539,291,364 31. 기타수익과 기타비용(1) (연결) 기타수익 및","재 재료인 양면의 부직포 사이에 단열재를 접착시킨 제품으로 건축물의 내장재로서 갖추어야 할 단열, 난연, 차음 및 시공성 등의 요소를 동시에 만족 시켜주는 건축자재 데크플레이트 97,367(19.4%) 건축물의 바닥슬라브 구성시 콘크리트 타설을 위한 금속조립구조제로서 과거의 합판 거푸집을 대체하는 건축자재 기타 196,015(39.1%) 칼라강판, 지붕태양광, 후레싱 부자재, 창호, 방화문 등 총계 501,553(100%) - ※ 2025년 연결 기준임 나. 주요 제품 등의 가격변동추이 ※ 영업정보 보"
00206039,경남스틸(주),상장(cbam),24199,가공형,사업보고서 (cbam),"주요 제품 및 서비스 주요 제품에 관한 사항 (단위 : 천원,%) 사업부문 매출유형 품 목 구체적용도 매 출 액 비율 제1차철강산업 제 품 냉연강판(CR) 주1) 65,439,565 18.3 전기아연도금강판(EGI) 주2) 13,146,120 3.7 산세코일(PO) 주3) 110,400,473 | 연결대상 종속회사 현황(상세) ☞ 본문 위치로 이동 (단위 : 원) 상호 설립일 주소 주요사업 최근사업연도말자산총액 지배관계 근거 주요종속회사 여부 - - - - - - - 2. 계열회사 현황(상세) ☞ 본문 위치로 이동 (기준일 : 2025년 12월 31일 ) (단위 : 사) 상장여부 회사수 기업명 법인등록번호 상장 - - - - - 비상장 - - - - - 3. 타법인출자",,열연코일 9,,"906 330,365 운반비 4,903,119 5,095,203 지급수수료 363,178 344,149 차량유지비 110,631 113,356 여비교통비 158,218 141,699 통신비 29,424 33,141 수도광열비 60,871 56,927 소모품비 36,127 46,353 사무용품비 10,512 9,375 도서인쇄비 21,019 19,819 수선유지비 16,857 14,574 보험료 10,202 5,761 회의비 5,164 4,110 회비 24,303 27,900 합 계 13,331,943 11","재고자산 평가충당금 인식 회사는 ㈜포스코가 생산한 냉연 및 열연 코일을 전ㆍ절단 및 가공하여 판매하는 회사로서, 기초 소재인 철강 제품을 국내 고객에게 다양한 사양으로 판매합니다."
00115676,KG스틸(주),상장(cbam),24122,가공형,사업보고서 (cbam),"종속기업명 주된사업장 주요영업활동 사용재무제표일 지분율(%) 당기말 전기말 지배기업 종속기업 지배기업 종속기업 KG지엔에스(주) 대한민국 항만시설운영 12월 31일 100.00 - 100.00 - KG이앤씨(주) 대한민국 철강구조물, 건설업 12월 31일 100.00 - 100.00 - 제피러스 모빌리티 벤처투자조 | 포장 및 설비 정비 12월 31일 100.00 - 100.00 - KG써닝라이프(주)(구,(주)에스엘케이)(*1) 대한민국 서비스업 12월 31일 100.00 - 100.00 - KG에너켐(주) 대한민국 금속산화물 제조 및 판매 12월 31일 100.00 - 100.00 - KG스틸USA 미국 철강재 판매 12월 31일 100.00 - 100.00 - 10540 Fountain Valley, LLC 미국 부동산 임대 12월 31일 - 100.00 - 100.00 동부Singapore 싱가포르 철강재 판매 12",고철 2,"열연코일 1, 선재 1, 잉곳 매입 2",,,"24,534 0.6% 27,934 1.9% 68,022 1.6% 해외법인판매 ○냉연, 아연도, 석도, X-TONE 강판 등 603,101 16.0% 520,037 3.4% 123,999 3.6% 기타 부산물 등 ○철스크랩 판매, 철강제품 포장용역 등 124,465 3.3% 126,551 2.9% 105,670 2.0% 기타부문 기타 항만, 임대 등 ○항만하역, 화물보관관리, 임대, 운송 등 236,692 6.3% 205,009 4.5% 161,804 3.5% 총매출액 합계 3,776,952 - 3,95"
00144252,(주)유니온,상장(cbam),23311,시멘트,사업보고서 (cbam),"주요사업의 내용 당사는 백시멘트를 비롯하여 알루미나시멘트와 각종 특수시멘트를 생산하며 국내에서 선도적인 위치를 확고히 하고 있습니다. | 또한 연결대상 종속회사인 유니온머티리얼(주)는 페라이트 마그네트, 절삭공구, Magnetron Stem 및 수도밸브용 Disc 등 세라믹의 고유한 기능을 망라하는 부품소재사업을 영위하고 있습니다.",망간·규소광 3,,"석회석 7, 유연탄 1","5) 경쟁우위요소 당사의 탈수기 및 여과기는 경쟁사에 비하여 유지관리가 용이하며, 동력비용 등 운전비용이 절감되는 우수성이 있습니다. | 급여 - 2,400,311 복리후생비 8,455,922 7,737,098 감가상각비(주1) 5,619,992 10,698,996 무형자산상각비 422,502 454,357 운반비 6,744,178 7,583,974 전력비 18,438,181 18,249,820 용역비 21,710,879 22,060,710 임차료 696,633 718,514 세금과공과 840,112 810,995 보험료 818,814 765,380 지급수수료 2,615,982 2,678,735 소모품비 4,444,819 4,642,40","ium oxide 등 페라이트 마그네트 원료 756,294 한경 등 부재료 LNG 등 9,707,891 소 계 22,041,227 세라믹사업 원재료 알루미나 세라믹 원료 1,668,516 한국알루미나 등 원재료 질화규소, 탄질화티타늄 세라믹 원료 409,987 UBE(수입) 원재료 페이스트 등 세라믹 원료 921,225 위너테크 등 부재료 가스 알루미나세터 등 3,304,658 대성에너지 등 소 계 6,304,386 합 계 59,174,757 ※ 상기 원재료 매입액은 연결재무제표 기준으로 작성하였습니"
00156600,한주라이트메탈(주),상장(cbam),24212,용해형(비철 제련·합금),사업보고서 (cbam),"연결실체는 한주라이트메탈제일차 유한회사 매출채권 유동화 대출과 관련하여 자동차부품 등의 제조 및 판매 등의 사업을 영위하면서 보유하는(또는 보유하게 되는) 서한이노빌리티 주식회사에 대한 결제대금채권 및 이에 부수하는 일체의 권리를 신탁원본으로 하여 미래에셋증권 주식회사와 신탁계약을 체결하였습니다. | 영업부문(1) 연결실체의 영업부분연결실체는 경영진이 주기적으로 검토하는 내부 보고자료에 기초하여 재화 또는 용역의 유형, 지리적시장, 수익인식시기의 제조 및 판매부문을 단일의 영업부문으로 구분하고 있습니다.",,잉곳 매입 14,,,"주요 제품 등의 가격 변동 현황 당사의 주요 제품의 판매가격은 주요 원재료인 알루미늄 잉곳의 가격 변동에 따라 고객사별로 분기 또는 월 단위로 판매단가에 연동되고 있으며, 이는 알루미늄 부품산업의 판매가격 결정에 사용되는 방법으로 비철금속 중 고가의 알루미늄 잉곳의 가격 변동에 따른 수익성 변동 위험을 최소화하는 구조입니다."
00687711,한국철강(주),상장(cbam),24112,용해형(제철·제강·합금철),사업보고서 (cbam),"회사는 철근 등의 제조ㆍ판매를 주업으로 영위하고 있으며, 대한민국의 경상남도 창원시 성산구 공단로 103번길 12(신촌동)에 본사를 두고 있습니다. | 2.20 영업부문회사는 철근등의 제조ㆍ판매를 주요사업으로 하는 단일의 영업부문으로 이루어져 있습니다.",고철 25,,,"12,286,139 소모품비 10,900,567 10,426,246 수선비 9,423,109 10,457,572 외주용역비 14,018,362 14,508,858 외주가공비 14,180,828 17,021,438 전력비 79,213,489 78,008,488 연료비 14,346,592 17,915,937 운반비 10,881,261 11,527,020 기타 20,632,114 13,636,988 합 계 532,307,191 598,391,434 26. 판매비와관리비 :당기와 전기의 판매비와관리비 세부내 | 아울러 국내 경제도 지속적인 전기료 인상과 원유가격 상승에 따른 원가부담 증가, 건설경기 침체 장기화 및 중소 건설사 줄도산으로 인해 건설 수주 및 착공이 급감하여 철근 수요가 급격히 감소하게 되는 등 어려운 경영 여건이 지속되었습니다.",원재료 및 생산설비 (1) 주요 원재료 당사는 전기로 제강의 주원료로 철스크랩을 사용하고 있습니다.
00113225,대한제강(주),상장(cbam),24112,용해형(제철·제강·합금철),사업보고서 (cbam),"을 주 영업목적으로 하고 있으며, 대한민국의 부산광역시 사하구 신평동 소재 본사공장과 대한민국의 부산광역시 강서구 송정동 소재의 녹산공장 및 대한민국 경기도 평택시 소재의 평택공장에서 주로 철근 및 각종 철재 등의 제조 및 판매업을 영위하고 있습니다. | 요 1) 사업의 내용 회사와 그 종속기업(이하'연결회사')는 철스크랩을 원재료로 하여 빌릿을 생산하는 제강사업과 반제품인 빌릿을 원재료로 하여 철근을 생산하는 압연사업, 그리고 가공철근관련 사업과 물류업을 주업으로 영위하고 있습니다.",고철 34,빌렛 14,,", 판관비 22,162,713,606 퇴직급여, 판관비 1,299,399,768 외주용역비, 판관비 2,604,128,610 복리후생비, 판관비 5,236,497,467 여비교통비, 판관비 1,255,427,301 전력비, 판관비 173,564,107 통신비, 판관비 184,241,551 수도광열비, 판관비 33,340,696 세금과공과, 판관비 2,049,194,246 임차료, 판관비 423,116,332 수선비, 판관비 365,396,578 보험료, 판관비 319,410,684 소모품비, 판관비 1 | 68 외주용역비, 판관비 2,604,128,610 복리후생비, 판관비 5,236,497,467 여비교통비, 판관비 1,255,427,301 전력비, 판관비 173,564,107 통신비, 판관비 184,241,551 수도광열비, 판관비 33,340,696 세금과공과, 판관비 2,049,194,246 임차료, 판관비 423,116,332 수선비, 판관비 365,396,578 보험료, 판관비 319,410,684 소모품비, 판관비 1,102,179,020 도서인쇄비, 판관비 64,489,004 지급수수료, 판관","(1) 시장위험 1) 외환위험 회사는 철근 및 빌렛 수출과 철 스크랩, 전극봉 등 원재료의 수입 거래 및 외화차입금과 관련하여 다양한 통화로부터의 환율변동위험에 노출되어 있습니다."
00117629,케이비아이동양철관(주),상장(cbam),2413,가공형,사업보고서 (cbam),"주요 사업의 내용 회사와 그 종속기업(이하'연결회사')은 구조용강관, 풍력하부구조물용강관, 가스관, 송유관, 강관말뚝, 배관용강관, 상수도용 도복장 강관, 일반 용수용 도복장 강관, 순도 99.9%의 전기동에 크롬, 베릴륨, 지르코늄 등을 배합하여 합금동을 제조, 판매하고 있습니다. | 주요사업장은 충청남도 천안시에 본사를 두고 있으며, 충청북도 충주시에 충주 공장을, 서울특별시 용산구에 영업 판매 총괄을 맡고 있는 서울 사무소를 두고 있습니다.",고철 1,"빌렛 3, 열연코일 1",,",607 수선비 33,285 48,399 소모품비 47,059 36,675 접대비 199,545 127,447 광고선전비 8,759 5,880 도서인쇄비 20,052 13,495 교육훈련비 53,560 63,089 수도광열비 24,420 28,821 세금과공과 178,551 160,048 차량유지비 59,014 57,448 경상연구개발비 375,299 184,280 보험료 66,275 72,735 운반비 3,799,440 4,510,586 지급수수료 2,856,455 2,405,666 대손상각비 27,27",": 백만원, %) 매입유형 품 목 구체적용도 매입액 비 율 원재료 전기동 합금동 17,163 39.06 Cr10% ″ 1,782 4.06 Zr100% ″ 232 0.53 기타 ″ 7,934 18.05 C18150 빌렛 ″ 16,833 38.30 합 계 ″ 43,944 100.00 나. 주요 원재료 등의 가격변동추이 (단위 : 원/kg) 품 목 구 분 제34기 제33기 제32기 원재료 전기동 14,289 12,669 11,356 Cr10% 16,496 15,523 14,538 Zr100% 28,643"
00151298,DSR제강(주),상장(cbam),24123,가공형,사업보고서 (cbam),"1.2 종속기업의 현황 기업명 소 유 지 분 율(%) 소재지 결산월 업 종 당기 전기 DSR CABLE VINA Co., Ltd 100 - 베트남 12월 Inner Cable 및 와이어로프의 제조 및 판매 1.3 종속기업 요약 재무정보 (단위: 천원) 구 분 당 기 말 DSR CABLE VINA Co., Ltd 자 산 12,761,844 부 채 9,323,443 자 본 3,438,401 매 출 8,530,731 당 기 순 이 익 43,863 총포괄이익(손실) (124,081) * 202 | 수행의무의 식별 연결회사는 와이어로프 및 각종 강선제품을 제조ㆍ판매하는 사업을 영위하고 있습니다.",,선재 5,,",684 감가상각비 320,859 106,226 사용권자산상각비 168,397 155,787 도서인쇄비 2,197 1,765 소모품비 13,602 1,994 수선비 3,081 - 차량유지비 62,905 32,274 수도광열비 41,584 20,452 잡비 9,151 519 합 계 17,169,005 19,401,263 31. 기타영업외수익 및 기타영업외비용 (1) 당기와 전기 중 발생한 기타영업외수익의 내역은 다음과 같습니다. | 금과공과 79,909 96,684 감가상각비 74,440 106,226 사용권자산상각비 155,787 155,787 도서인쇄비 2,197 1,765 소모품비 4,280 1,994 차량유지비 35,335 32,274 수도광열비 20,452 20,452 잡비 188 519 합 계 6,821,851 10,206,302 30. 기타영업외수익 및 기타영업외비용 (1) 당기와 전기 중 발생한 기타영업외수익의 내역은 다음과 같습니다.","업계의 현황 (1) 산업의 특성 선재산업은 타 품목과 달리 전량 선재가공 업체에 가공되어 2차 가공 공정을 거친 다음 강선, 스프링, 와이어로프 등의 최종제품으로 생산됨.(2) 산업의 성장성 선재의 용도는 자동차산업, 광산, 선박어업, 기계 등 그 이용 범위가 매우 넓고, 최종소비재라기 보다는 산업현장에 투입되는 중간재적"
00220613,넥스틸(주),상장(cbam),2419,가공형,사업보고서 (cbam),"주요 사업의 내용 및 향후 추진하려는 신규사업에 관한 간략한 설명 당사는 '강관의 생산과 판매'를 주요사업으로 영위하고 있으며, 주요 제품은 유정 굴착 및 채유에 사용되는 OCTG(Oil Country Tubular Goods), 석유, 가스 등의 수송에사용되는 송유관, 배관에 사용되는 배관용 | 사업목적 현황 구 분 사업목적 사업영위 여부 1 산업기계제작(제조) 미영위 2 철강재 판매 영위 3 철강재 가공 미영위 4 고철류 판매 영위 5 수출입, 수출입 대행, 수출입 대리업무 미영위 6 강관제조 및 판매업 영위 7 금속열처리업 영위 8 부동산임대업 영위 9 창고업 미영위 10 각호에 부대되는 사업일체 영위 II. 사업의 내용 1. 사업의 개요 당사는 '강관의 생산과 판매'를 주요사업으로 영위하고 있으며, 주요제품은 Oil & Gas 에너지 개발과 관련하여 유정에서 석유나 가스를 채유하",고철 1,열연코일 4,,"판매비와관리비 (연결) 판매비와관리비에 대한 공시 당기 (단위 : 천원) 공시금액 급여, 판관비 5,431,434 복리후생비, 판관비 701,877 여비교통비, 판관비 622,156 소모품비, 판관비 280,195 수도광열비, 판관비 445,623 세금과공과, 판관비 1,033,775 임차료, 판관비 616,557 감가상각비, 판관비 3,208,891 보험료, 판관비 853,829 운반비, 판관비 5,871,324 지급수수료, 판관비 7,733,991 수출제비용, 판관비 84,500,474 판매보증비, 판 | 617,199 판매비와관리비 118,592,726 전기 (단위 : 천원) 공시금액 급여, 판관비 5,413,719 복리후생비, 판관비 670,299 여비교통비, 판관비 408,446 소모품비, 판관비 271,272 수도광열비, 판관비 369,851 세금과공과, 판관비 1,368,720 임차료, 판관비 370,120 감가상각비, 판관비 2,679,846 보험료, 판관비 855,289 운반비, 판관비 5,080,658 지급수수료, 판관비 7,838,332 수출제비용, 판관비 6,176,823 판매보증비, 판관","당사가 생산하는 강관의 원재료는 열연코일(HRC)이며, 국내/국외 최고품질의 원소재를 사용하여 최고품질의 강관을 생산 및 판매함으로써 높은 네임밸류를 형성하며 한국을 대표하는 강관업체가 되었습니다."
00177199,디씨엠(주),상장(cbam),2419,가공형,사업보고서 (cbam),"주요사업의 내용 라미네이팅 강판은 전기아연도금강판, 용융아연도금강판, 냉연강판, 스테인리스강판, 갈바늄강판, 알루미늄코일을 소재로 하여 표면에 각종 FILM을 LAMI한 제품입니다. | 당사는 기존에 영위하고 있는 라미네이트 강판 제조기술을 복합판넬에 접목하여 다양한 디자인과 용도에 맞는 복합 판넬을 생산 할 수 있는 역량을 갖추어 고객의 다양한 요구를 충족시키고 동시에 사업분야를 확대할 수 있을 것으로 기대합니다.",,,,"격별 분류 공시 당기 (단위 : 백만원) 공시금액 제품과 재공품의 감소(증가) 645 원재료 및 상품 등 매입액 178,075 종업원급여비용 19,615 감가상각비 1,858 운반비 3,795 지급수수료 2,276 동력비 2,450 포장비 2,937 기타 비용 5,841 성격별 비용 합계 217,492 전기 (단위 : 백만원) 공시금액 제품과 재공품의 감소(증가) (4,500) 원재료 및 상품 등 매입액 191,018 종업원급여비용 17,375 감가상각비 1,700 운반비 4,106 지급수수료 2,33 | ,492 전기 (단위 : 백만원) 공시금액 제품과 재공품의 감소(증가) (4,500) 원재료 및 상품 등 매입액 191,018 종업원급여비용 17,375 감가상각비 1,700 운반비 4,106 지급수수료 2,332 동력비 2,400 포장비 2,963 기타 비용 6,553 성격별 비용 합계 223,947 30. 기타수익 및 기타비용 기타수익 및 기타비용 당기 (단위 : 백만원) 공시금액 기타이익 3,398 기타이익 순외환차익 1,760 외화환산이익 29 배당금수익 337 당기손익인식금융자산처분이익 0 당",
00172936,동일산업(주),상장(cbam),24113,용해형(제철·제강·합금철),사업보고서 (cbam),"주요 제품 및 서비스 ----------------------- 3. 원재료 및 생산설비 ----------------------- 4. 매출 및 수주상황 ----------------------- 5. 위험관리 및 파생거래 ----------------------- 6. 주요계약 및 연구개발활 | 에프 등 합금철사업부 합금철 (주)포스코, 현대제철(주) 등 주조사업부 주강 및 특수강 에이치디현대인프라코어(주) 등 또한 종속회사 디오토모티브(주)는 자동차 동력전달장치에 해당하는 자동차 등속조인트 부품 제조업을 영위하고 있으며, 현대위아(주) 등이 주요 고객사 입니다.","고철 9, 망간·규소광 2","빌렛 1, 선재 6",,"5,475,577 143,816,607 6,290,983,586 운반비 3,824,784,660 738,001,566 0 4,562,786,226 용역비 0 19,865,576,644 0 19,865,576,644 전력비 0 30,035,908,138 0 30,035,908,138 수선비 0 781,604,655 61,140,000 842,744,655 소모품비 255,628,109 8,554,609,006 27,392,418 8,837,629,533 지급수수료 1,557,503,693 2,135,74 | 5,821,321 202,351,086 8,457,176,176 운반비 4,243,761,709 819,782,911 0 5,063,544,620 용역비 0 20,984,457,023 0 20,984,457,023 전력비 0 43,148,959,137 0 43,148,959,137 수선비 20,001,818 1,657,220,004 1,488,600 1,678,710,422 소모품비 266,655,966 9,711,725,564 26,475,888 10,004,857,418 지급수수료 1,925,890","제조 영위 2 합금철의 제조 영위 3 부동산임대업 영위 4 봉.마환봉및 특수강의 제조 영위 5 기계 및 공구의 제작 영위 6 수출입업 영위 7 폐기물 종합 재활용업 영위 8 철강부산물 임가공 및 가공판매업 영위 9 고철, 재활용품 수출입무역업 영위 10 각호에 부수되는 일체의 업무 영위 1. 사업목적 변경 내용 구분 변경일 사업목적 변경 전 변경 후 추가 2021년 03월 26일 - 9.고철, 재활용품 수출입무역업 2. 변경 사유 - 고철, 재활용품 수출입무역업 당사 봉강사업부의 폐고철 수출을 위해"
00124090,(주)한국특강,상장(cbam),24112,용해형(제철·제강·합금철),사업보고서 (cbam),"일반사항 주식회사 한국특강(이하 ""회사""라 함)은 각종 철강제품의 제조 및 판매를 주요 영업목적으로 하여 1971년 5월 18일에 설립되었습니다. | 96 136,210 43,616 회생채무 - - - 7,350,000 - - 차입금 14,898,233 237,687 3,991,200 8,204,522 578,892 3,372,292 회사는 국제적으로 영업활동을 영위하고 있기 때문에 외환위험, 특히 주로 달러화와관련된 환율변동위험에 노출되어 있습니다.",고철 4,,,"또한 환율 상승으로 인한 원자재 수입 비용 증가, 전기요금 인상, 탄소 배출 규제 강화 등으로 원가 부담이 크게 증가하여 기업들의 수익성에도 큰 압박이 있었습니다.","사업의 개요 회사는 철 스크랩을 원료로 전기로 제강을 거쳐 각종 철강제품에 사용되는 BILLET 및 그 BILLET을 가열, 압연, 냉각하여 다양한 규격의 봉형강제품을 생산하고 있습니다."
00157636,(주)케이피에프,상장(cbam),25941,가공형(금속가공),사업보고서 (cbam),"주요사업의 내용 당사는 볼트·너트류, 자동차용 단조부품, 선박용 케이블 등에 대한 제조판매업을 주요 사업으로 하고 있으며, 정관 상에 기재된 당사의 주요 사업 내용은 다음과 같습니다. | 추가된 사업목적은 자회사가 이미 영위 또는 미영위하고 있는 사업들로서 당사의 단기적 신규사업 추진 목적의 사업은 아니며, 해당 자회사와의 거래가 발생할 경우 세무상 불이익(미등록 가산세)을 방지하고 장기적 사업 유연성을 확보하기 위한 조치 였습니다.",,,,"비에 대한 공시 당기 (단위 : 천원) 공시금액 급여, 판관비 17,222,218 퇴직급여, 판관비 1,714,772 잡급, 판관비 1,200 운반비, 판관비 7,755,926 감가상각비, 판관비 3,156,781 수도광열비, 판관비 223,400 수선비, 판관비 249,449 소모품비, 판관비 250,145 세금과공과, 판관비 849,564 보험료, 판관비 388,798 복리후생비, 판관비 5,666,202 여비교통비, 판관비 753,485 통신비, 판관비 184,667 접대비, 판관비 811,318 지 | ,931,826 전기 (단위 : 천원) 공시금액 급여, 판관비 17,283,670 퇴직급여, 판관비 1,858,126 잡급, 판관비 1,200 운반비, 판관비 9,415,269 감가상각비, 판관비 2,444,498 수도광열비, 판관비 211,356 수선비, 판관비 152,160 소모품비, 판관비 98,935 세금과공과, 판관비 656,721 보험료, 판관비 351,452 복리후생비, 판관비 2,087,129 여비교통비, 판관비 711,464 통신비, 판관비 206,895 접대비, 판관비 806,116 지급",
00117300,(주)TCC스틸,상장(cbam),24191,가공형,사업보고서 (cbam),"고객이 영위하고 있는 산업 및 고객이 위치한 국가의 파산위험 등은 신용위험에 큰 영향을 주지 않습니다. | 구 분 주요사업 주요매출지역 표면처리강판 제조업 국내, 동남아 등 부동산임대 임대서비스업 국내 기타 판매업 등 북미, 국내 (2) 당기 및 전기 중 연결기업 매출액의 10% 이상을 차지하는 외부 고객과 관련된 정보는 다음과 같습니다.",,,,"38,789 9,110,071,474 소 계 9,028,990,026 9,708,207,939 관리비 급여와임금 9,426,086,789 9,639,173,298 퇴직급여 828,913,956 704,051,794 수도광열비 14,643,340 116,740,899 복리후생비 1,347,717,972 1,133,101,526 여비교통비 395,705,634 321,331,216 통신비 54,962,643 115,496,088 문구인쇄비 17,612,618 5,491,353 소모품비 106,831,082 1 | 928,846 - 304,336,928,846 인건비 35,603,517,207 10,255,000,745 45,858,517,952 28,426,063,164 10,343,225,092 38,769,288,256 전력비 10,579,952,715 14,643,340 10,594,596,055 9,947,243,509 116,740,899 10,063,984,408 연료비 2,646,815,531 - 2,646,815,531 2,951,046,600 - 2,951,046,600 수선비 5,820,099",
01319808,한일시멘트(주),상장(cbam),23311,시멘트,사업보고서 (cbam),"회사는 시멘트, 레미콘 및 레미탈의 제조 및 판매업을 영위하고 있습니다. | 2.18 수익인식 (1) 수행의무 식별 회사는 회사는 시멘트, 레미콘, 레미탈 등의 제조 및 판매 사업을 영위하고 있으며, 일반적으로 재화의 인도시점인, 자산의 통제가 고객에게 이전되는 한 시점에 수익을 인식하며, 이를 하나의 수행의무로 식별합니다.",,"슬래브 4, 선재 3","석회석 10, 유연탄 3",",857,029 상품의 매입 38,647,343 52,701,143 운반비 129,708,431 154,006,786 도급비 98,169,574 96,243,146 종업원급여 87,379,898 73,865,608 전력비 및 수도광열비 100,765,524 88,404,809 감가상각비 49,153,184 40,447,964 무형자산상각비 1,221,043 488,216 사용권자산상각비 2,835,670 2,758,050 사용료 및 세금과공과 9,518,745 8,635,902 수수료 18,011,25 | 29 상품의 매입 38,647,343 52,701,143 운반비 129,708,431 154,006,786 도급비 98,169,574 96,243,146 종업원급여 87,379,898 73,865,608 전력비 및 수도광열비 100,765,524 88,404,809 감가상각비 49,153,184 40,447,964 무형자산상각비 1,221,043 488,216 사용권자산상각비 2,835,670 2,758,050 사용료 및 세금과공과 9,518,745 8,635,902 수수료 18,011,251 17,793","특히 차별성 및 최상의 품질 확보를 위한 연구개발을 통해 고급 바닥용, 자동수평조절 바닥용(SL시리즈), FS150(강도 증진 맞춤 특화 제품), FS300(슬라브 상부 전용 들뜸 방지 특화 제품), FS400(콘크리트 슬라브 상부 또는 바닥용 균열 저감 특성화 제품), 원타임(S)(반건식 구조 특화 제품), 친환경 타일접착제, 특수시멘트(Base Material) 등의 신제품 개발을 지속하고 있으며, 이를 통해 국내 레미탈 시장 확대와 함께 해"
00428729,(주)대호에이엘,상장(cbam),24222,가공형,사업보고서 (cbam),"(1) 회사의 현황 회사는 2002년 10월 1일 (주)남선알미늄의 판재사업부의 분할로 설립되어, 알루미늄판재의 제조 및 판매를 주요사업으로 영위하고 있으며, 대구광역시 달성군 논공읍 달성산업단지에 제조시설을 가지고 있습니다. | (단위: 원) 구 분 제24(당)기 제23(전)기 산업재 주방기물 기타 계 산업재 주방기물 기타 계 주요제품 산업재 156,808,933,169 - - 156,808,933,169 118,154,174,336 - - 118,154,174,336 주방기물 - 42,257,023,756 - 42,257,023,756 - 40,978,688,076 - 40,978,688,076 기타 - - 16,",고철 1,선재 1,,"2,630 퇴직급여 369,994,674 293,334,948 복리후생비 544,283,383 427,672,171 여비교통비 274,856,703 44,987,606 통신비 30,162,424 19,054,188 수도광열비 4,449,315 894,753 세금과공과 260,686,612 300,451,079 임차료 57,893,024 138,743,646 감가상각비 533,476,576 212,482,942 수선비 16,607,000 22,892,818 보험료 60,262,604 42,855,951 접대 | 6,069 원재료매입액 155,049,725,582 111,187,544,448 종업원관련비용 18,953,046,660 16,176,819,264 유무형자산상각비 4,391,314,372 3,819,341,917 전력비 5,353,255,141 4,658,745,214 가스수도비 6,243,500,618 6,248,513,631 외주가공비 13,941,783,478 5,150,585,371 지급수수료 4,466,122,608 2,046,601,715 기타관련비용 7,442,803,123 6,620,9",연구기간 연구과제 기대효과 1 25.01~ 스크랩 활용 증대 알루미늄 합금 매출성장 2 25.01~ A1050-O 제품 제품품질 향상 소재개발 품질향상 7. 기타 참고사항 1.지적 재산권 현황 구분 제목 내용 특허권 자연발색성 줄무늬색상을 가지는 알미늄합금제품 제조용 판재의 제조방법 생산제조 방법 특허 자연발색성 무늬를 가지는 알미늄
00454937,(주)덕신이피씨,상장(cbam),25112,가공형(금속가공),사업보고서 (cbam),"설립일자당사는 1990년 11월 10일에 설립되어, 건축용 자재인 데크플레이트 생산 및 시공을 주요사업으로 하고 있습니다. | 주요 사업의 내용 및 향후 추진하려는 신규사업당사는 건축용 자재인 데크플레이트 생산 및 시공하는 사업을 영위하고 있으며, 주요 종속회사인 (주)덕신하우징은 부동산시행업을 영위하며, (주)무봉컨트리클럽은 골프장 설치 및 운영업을 영위하고 있습니다.",고철 2,"슬래브 15, 선재 4",,",063 통신비 36,686,433 38,346,735 운반비 3,357,652,100 3,943,283,113 세금과공과 975,683,890 256,967,159 소모품비 62,569,758 83,429,082 수도광열비 58,457,687 61,080,294 수선비 81,900,000 5,756 경상개발비 334,353,332 375,115,607 여비교통비 140,987,543 120,395,210 수출제비용 132,185,609 265,926,776 합계 15,400,138,670 15,767,3 | ,000 통신비 24,206,288 28,765,524 운반비 3,253,647,043 3,909,173,265 세금과공과 157,048,750 221,487,486 소모품비 54,411,675 74,136,454 수도광열비 46,217,018 47,543,744 수선비 81,900,000 - 경상개발비 334,353,332 375,115,607 여비교통비 117,207,512 117,123,104 해외시장개척비 132,185,609 265,926,776 합계 12,960,396,425 14,309,394","과거 건축물 시공 시 1층이나 옥상층 등 외기와 닿는 면에는 에너지 손실을 막기 위해서 재래식 거푸집 공법을 이용하여 단열재와 슬래브를 동시에 시공해 왔으나, 근간에는 데크 플레이트 공법으로 변경되면서 데크플레이트를 시공하여 슬래브를 만든 후에 후속공정으로 단열재를 부착하는 공정을 추가하고 있습니다."
00111111,(주)대양금속,상장(cbam),24122,가공형,사업보고서 (cbam),2.21 수익인식 연결회사는 철강제품의 제조 및 판매업을 영위하고 있습니다. | 구분 주요 재화 및 용역 철강부문 스테인레스 냉연강판 생산 및 판매 금융부문(주1) 자금 중개 (주1) 당기 중 종속기업으로 신규편입된 디와이엠대부 주식회사 및 주식회사 대양화성을 포함하고 있습니다.,,,,,
00120872,만호제강(주),상장(cbam),24123,가공형,사업보고서 (cbam),"주요 제품 및 서비스 ----------------------------------------------- 14 3. 원재료 및 생산설비 ----------------------------------------------- 15 4. 매출 및 수주상황 ------------------------ | 주요사업의 내용 - 당사는 70여년간 우수한 기술력을 바탕으로 최고품질의 와이어로프,특수강선, 섬유로프를 제조하여 판매하고 있습니다.",고철 2,선재 11,,"02,560 (4) 임대수익이 생긴 투자부동산과 직접 관련된 운영비용 (단위 : 천원) 구 분 당기 전기 세금과공과 513,517 510,946 인건비 106,004 95,392 감가상각비 65,406 65,406 전력비 19,573 23,059 수선비 2,100 7,886 그외 비용 35,989 43,728 합 계 742,589 746,417 (5) 임대수익이 발생하지 않은 투자부동산과 직접 관련된 운영비용은 없습니다. | 천원) 구 분 당기 전기 급여 4,518,540 4,433,130 퇴직급여 394,118 342,354 복리후생비 808,845 789,160 여비교통비 388,404 367,725 통신비 97,371 96,149 수도광열비 15,521 14,068 세금과공과 1,659,118 17,068,338 감가상각비 71,666 71,666 수선비 14,959 1,448 보험료 59,875 55,519 접대비 302,734 196,516 도서인쇄비 12,245 13,198 차량유지비 152,038 157,968 소","사업현황 (1) 산업의 특성선재산업은 대부분 선재가공 업체에서 가공되어 2차 가공 공정을 거친 다음 강선, 스프링, 와이어로프 등의 최종제품으로 생산되며, 용도는 자동차산업 및 침대, 기계 등 많은 산업부문에 광범위하게 사용되고 있습니다."
00105475,금강철강(주),상장(cbam),2419,가공형,사업보고서 (cbam),2.17 수익인식 회사는 냉연코일의 가공 및 판매를 주요 사업으로 영위하고 있습니다. | 2.18 수익인식 연결회사는 냉연코일의 가공 및 판매를 주요 사업으로 영위하고 있습니다.,,열연코일 7,,",611 퇴직급여 920,666,856 586,724,305 복리후생비 313,234,375 294,072,836 여비교통비 126,128,284 129,667,628 통신비 28,523,088 29,155,347 수도광열비 21,588,425 22,769,768 세금과공과 284,776,760 258,035,790 감가상각비 306,274,371 297,662,851 수선비 22,558,925 26,490,934 도서인쇄비 9,598,786 7,570,000 접대비 168,159,315 234,916,4 | ,267 퇴직급여 997,300,965 635,523,153 복리후생비 348,901,805 371,255,900 여비교통비 134,381,411 142,820,950 통신비 31,124,579 34,130,862 수도광열비 31,119,804 33,465,251 세금과공과 316,217,549 306,530,523 감가상각비 487,656,258 513,389,230 경상개발비 3,550,000 12,740,000 수선비 22,558,925 26,490,934 도서인쇄비 9,658,786 8,439,39","구 분 회 사 주요재화 및 용역 주요고객 철강부문 금강철강(주) 냉연강판, 열연강판 전절단 가공 한국지엠, 기아 투자부문 케이인베스트먼트(주) 투자업,경영자문 및 컨설팅업 - 기타부문 농업회사법인금강에코너지(주) 가축분뇨 수거 및 살포 농가 가. 사업부문별 요약 재무현황 (단위 : 천원) 사업부문 2025년 2024년 매출액 영업이익(손실) 당기순이익(손실) 매출액"
01507148,와이케이스틸 주식회사,비상장(배출권),24121,가공형,감사보고서 (2025.12),"일반 사항 와이케이스틸 주식회사(이하 ""회사"")는 철근과 빌렛의 제조 및 판매를 주 사업목적으로 2020년 9월 1일을 분할기일로 하여 분할 전의 야마토코리아홀딩스(구. 와이케이스틸 주식회사, 분할존속법인)에서 물적분할방식으로 신규설립되었습니다.",고철 1,빌렛 3,,"지급수수료 2,321,122 2,052,648 운반비 5,668,091 8,132,105 도서인쇄비 32,714 43,412 사용권자산상각비 175,522 181,489 용역비 1,166,397 1,190,411 전력비 115,659 129,093 인재채용비 10,803 10,254 포상비 1,600 - 판매비와관리비의 합계 18,278,907 22,385,085 26. 비용의 성격별 분류 (단위 : 천원) 구 분 2025년 2024년 재고자산의 변동 (25,125,133) 15,415,557 원재료 | 산상각비 939,816 1,169,168 운반비 6,846,989 8,864,098 지급수수료 7,370,912 8,885,981 소모품비 5,030,337 7,037,818 여비교통비 250,503 210,018 전력비 56,544,073 62,714,074 복리후생비 3,827,803 4,456,014 수선비 3,447,510 3,858,740 기타비용 19,424,794 15,131,718 매출원가 및 판매비와관리비 합계 340,519,523 466,387,351 27. 기타수익과 기타비용 (단위","일반 사항 와이케이스틸 주식회사(이하 ""회사"")는 철근과 빌렛의 제조 및 판매를 주 사업목적으로 2020년 9월 1일을 분할기일로 하여 분할 전의 야마토코리아홀딩스(구. 와이케이스틸 주식회사, 분할존속법인)에서 물적분할방식으로 신규설립되었습니다."
00950705,대한시멘트 주식회사,비상장(배출권),23311,시멘트,감사보고서 (2025.12),"고객과의 계약에서 생기는 수익 (1) 고객과의 계약에서 생기는 수익의 구분고객과의 계약에서 생기는 수익을 주요 지리적 시장, 주요 제품 및 서비스 계약과 수익인식시기에 따라 구분한 내역은 다음과 같습니다. | (단위: 천원) 구분 당기 전기 주요 지리적 시장 국내 179,042,325 206,863,200 해외 - - 합계 179,042,325 206,863,200 주요 제품과 서비스 계열 시멘트 178,512,150 206,428,640 임대용역 530,175 434,560 합계 179,042,325 206,863,200 수익인식시기 한 시점에 이행 178,512,150 206,428,640 기간에 걸쳐 이행 530,175 434,560 합계 179,04",,,,"400,588 3,518,066 원재료 사용 93,076,737 108,525,419 급여 8,827,842 8,882,899 퇴직급여 1,517,421 687,873 복리후생비 1,172,782 1,225,847 전력비 10,351,503 10,896,093 연료비 2,666,374 3,477,899 연구개발비 347,929 371,843 외주용역비 1,556,673 1,477,170 감가상각비 4,494,880 4,005,265 무형자산상각비 10,939 56,986 사용권자산상각비 2,008,18",
00257219,한라시멘트(주),비상장(배출권),23311,시멘트,감사보고서 (2025.12),"당사의 개요한라시멘트주식회사(이하 ""당사"")는 시멘트 제조 및 판매, 광산개발 및 판매 등을 주요사업으로 영위하고 있으며, 본사는 강원도 강릉시 옥계면 산계길 225입니다. | 1) 손상평가 내역 (단위 : 천원) 영업권 손상 전 장부금액 손상차손 금액 손상 후 장부금액 회수가능액평가방법 당기 누계액 시멘트 제조 및 판매 35,436,012 - - 35,436,012 사용가치 2) 회수가능가액 산정시멘트 제조 및 판매 현금창출단위의 회수가능액은 사용가치에 근거하여 결정되었습니다.",,,,"및 퇴직급여) 54,159,421 57,032,774 운임 19,546,957 22,142,221 수선비 19,112,418 19,784,145 감가상각비 및 무형자산상각비 56,613,596 53,023,210 전력비 및 수도광열비 85,010,591 81,777,145 수송비 19,742,905 22,756,070 운영비 54,621,264 52,586,416 지급수수료 3,158,169 2,512,648 지급임차료 1,153,706 1,266,038 기타 비용 30,246,908 28,736,3 | 여) 54,159,421 57,032,774 운임 19,546,957 22,142,221 수선비 19,112,418 19,784,145 감가상각비 및 무형자산상각비 56,613,596 53,023,210 전력비 및 수도광열비 85,010,591 81,777,145 수송비 19,742,905 22,756,070 운영비 54,621,264 52,586,416 지급수수료 3,158,169 2,512,648 지급임차료 1,153,706 1,266,038 기타 비용 30,246,908 28,736,303 계 500",
00138224,쌍용씨앤이주식회사,비상장(배출권),23311,시멘트,사업보고서 (2025.12),"지배기업의 현황 쌍용씨앤이주식회사(이하 ""지배기업"")는 1962년 5월 14일 설립되어 시멘트사업, 환경자원사업, 임대사업 등을 영위하고 있으며, 서울특별시 중구에 본점을 두고 있습니다. | ㆍ별도의 주요 사업계열이나 영업지역 ㆍ별도의 주요 사업계열이나 영업지역을 처분하려는 단일 계획의 일부 ㆍ매각만을 목적으로 취득한 종속기업 중단영업이 있는 경우, 연결손익계산서에 비교 표시되는 기간의 기초부터 영업이 중단된 것처럼 재작성하고 있습니다.",망간·규소광 1,,"석회석 54, 유연탄 12","89,892 212,442 수선비 602,131 384,666 도서비 101,676 101,107 인쇄비 88,565 120,210 보험료 428,383 447,202 운반비 62,297,289 77,480,714 수도광열비 47,652 58,812 무형자산상각비 7,938,185 7,987,333 도급비 756,482 627,824 잡비 1,659,740 1,780,117 투자자문수수료 415,751 1,669,921 약정수수료 38,112 413,379 중개수수료 - 833,773 합계 156,837, | 기 전기 재고자산의 매입 및 변동 등 309,673,410 392,498,477 종업원 급여 199,440,537 195,938,334 감가상각비 및 무형자산상각비(*1) 282,590,331 292,138,171 동력비 222,958,278 221,700,820 운반비 135,717,188 178,186,189 도급비 114,143,911 115,304,053 지급수수료 21,349,308 25,580,349 임차료 3,130,740 3,144,823 연구비 754,750 793,925 광고선전비 1",
00156637,한국씨엔티(주),비상장(배출권),23311,시멘트,감사보고서 (2025.12),"2.19 수익의 인식 당사는 시멘트 및 방적제품을 제조하여 판매합니다. | 부문 영업의 성격 시멘트부문 슬래그시멘트 및 슬래그미분말의 제조 및 판매 방적부문 면방적 제품의 제조 및 판매 (2) 영업부문별 정보 (단위: 천원) 구분 시멘트부문 방적부문 합계 매출액 91,441,178 43,093,302 134,534,480 영업이익(손실) 9,288,696 (2,625,898) 6,662,798 당기순이익(손실) 11,357,096",,,,"천원) 구분 당기 전기 급여 3,279,126 2,935,389 퇴직급여 357,722 241,843 복리후생비 289,284 290,826 여비교통비 111,067 108,884 통신비 18,026 18,315 수도광열비 201,868 218,178 세금과공과 467,730 455,722 임차료 37,423 35,470 감가상각비 461,716 434,778 수선비 10,090 23,400 보험료 161,421 143,104 접대비 137,546 133,326 운반비 8,980,382 7,753,058",
01007408,한국제강주식회사,비상장(배출권),24112,용해형(제철·제강·합금철),감사보고서 (2025.12),"회사의 본사와 주요사업 내용 등은 다음과 같습니다. | (1) 본사 : 경남 함안군 군북면 장백로 394 (2) 주요사업 내용 : 철근 ·철강 ·BILLET의 제조 판매 (3) 대표이사 : 하 종 식, 성 형 식 (4) 주요 주주 및 지분율 주 주 명 당 기 전 기 소유주식수(주) 지분율(%) 소유주식수(주) 지분율(%) 하종식 일가 583,650주 84.27% 583,650주 84.27% 한국홀딩스(주",,,,,
00935627,홍덕산업(주),비상장(배출권),24123,가공형,감사보고서 (2025.12),"일반사항 홍덕산업 주식회사(이하 ""회사""라 함)는 2012년 5월 1일을 기준일로 하여 홍덕 주식회사의 제조 및 판매 부문이 물적분할되어 신설된 법인으로 Bead Wire 및 경강선 등의 제조 및 판매를 주요 사업으로 하고 있으며, 부산광역시 수영구 구락로 141번길 37에 본사를 두고 있습니다. | 코드 주식회사, 홍덕정선 주식회사 및 홍덕에스티시 주식회사를 흡수합병하고 2014년 11월 1일을 기준으로 하여 홍덕하이코드 주식회사를 흡수합병함에 따라 Steel Cord, Bead Wire 및 Saw Wire의 제조 및 판매 등을 승계, 사업목적에 추가하였습니다.",,,,"주석16) 1,578,020,660 1,463,674,039 교육훈련비 331,786,788 334,647,319 여비교통비 581,152,232 510,714,565 통신비 45,098,823 35,857,500 수도광열비 90,330 69,010 소모품비 123,634,136 122,053,683 세금과공과(주석16) 169,785,569 141,257,108 감가상각비(주석6,16) 783,732,859 992,491,288 수선비 59,758,000 43,703,000 보험료 54,925,522 5",
00166546,환영철강공업(주),비상장(배출권),24112,용해형(제철·제강·합금철),[기재정정]사업보고서 (2025.12),충남 당진시 석문면 보덕포로 587전화번호:041-350-2500홈페이지:www.hansco.co.kr 6)중소기업 등 해당 여부 중소기업 해당 여부 미해당 벤처기업 해당 여부 미해당 중견기업 해당 여부 해당 7) 주요 사업의 내용[환영철강공업(주)] 당사는 100톤급의 DC전기로를 비롯하여 연산 80만톤급 연주기 및 연산 75만톤 압연설비를 갖추고 BILLET 및 건설용 자재인 철근을 생산하고 있습니다. | [서륭] 회사의 주요사업내용은 다음과 같습니다.,고철 27,"빌렛 5, 선재 1",,"894 10,368,041 소모품비 10,876,937 13,674,735 수선비 3,832,999 5,205,683 외주용역비 8,791,123 8,922,839 외주가공비 10,713,139 11,757,387 전력비 60,637,654 59,963,929 연료비 10,197,297 12,056,492 운반비 6,611,101 7,671,759 기 타 10,939,035 11,601,919 합 계 406,695,538 459,931,887 27. 판매비와관리비: 당기와 전기의 판매비와관리비 세부내역 | 1,500 4,132 보험료 4,934 25,110 차량유지비 23,993 29,303 광고선전비 7,500 21,500 지급수수료 2,650,209 2,396,043 사용권자산감가상각비 51,969 137,700 수도광열비 31,770 39,463 운반비 6,472,691 7,474,954 합 계 20,649,167 20,408,478 28. 기타수익 및 기타비용 : 당기와 전기의 기타수익 및 기타비용의 세부내역 (단위: 천원) 구 분 당 기 전 기 기타수익 : 임대료 1,750 21,250 외환차익 2","인의 선임 문구 재정비 (2) 사업목적 현황 구 분 사업목적 사업영위 여부 1 철근, 환봉, 각철, 형강, 평철, 기타 압연제품, 제조 및 판매업 영위 2 임가공업 미영위 3 부동산 임대업 영위 4 제강업 영위 5 고철의 수집 및 가공업 영위 6 산소 및 가스 제조판매업 영위 7 전자상거래업 영위 8 인터넷 정보통신업 미영위 9 부가 통신업 미영위 10 동산 임대업 미영위 11 건설자재 제조 및 판매업 미영위 12 전 각호에 부대되는 투자 및 사업 일체 영위 (3) 사업목적 변경 내용 구분 변경일 사"
00760069,디케이동신주식회사,비상장(배출권),24191,가공형,감사보고서 (2025.12),"일반사항 디케이동신 주식회사(이하 '당사')는 피복강판 및 냉간, 철강압연제품의 제조와 판매 등을 주요 영업목적으로 하여 2008년 2월 29일에 설립되었으며, 본사와 공장은 포항시 남구 대송로 154에 소재하고 있습니다. | - 별도의 주요 사업계열이나 영업지역이다.",,,,"(단위: 천원) 구 분 당 기 전 기 급여 3,710,389 4,327,570 퇴직급여 309,601 204,450 수도광열비 2,498 958 운반보관비 2,427,523 2,391,356 감가상각비 217,820 284,231 수선비 49,839 13,253 차량유지비 56,064 48,738 지급임차료 963,507 599,137 소모품비 40,429 27,646 도서인쇄비 19,484 11,525 세금",
00150466,진양특수강(주),비상장(배출권),24121,가공형,감사보고서 (2025.12),2.16.1 재화의 판매회사는 특수강환봉 및 선재 등을 제조 및 판매하고 있습니다.,고철 2,선재 2,,,"손상각비 1 - - 1 - - 정부보조금 546,688 - 74,660 472,028 114,804 99,126 일시상각충당금 (448,938) - (57,660) (391,278) (94,276) (82,168) 스크랩 - - - - - - 저장품 - - - - - - 수선비 58,676 - 12,379 46,297 12,322 9,722 미환류적립금 - - - - - - 소계 228,176 5,013,025 4,123,513 1,117,688 47,918 234,715 이월세액공제 - - - - -"
00146658,일진제강(주),비상장(배출권),24132,가공형,감사보고서 (2025.12),"4.1 시장위험 (가) 외환 위험 회사는 국제적으로 영업활동을 영위하고 있어 외환위험, 주로 미국 달러화 등과 관련된 환율변동위험에 노출되어 있습니다. | (단위 : 천원) 구분 기업명 설립국가 주요 영업활동 당기말 전기말 지분율(%) 장부금액 지분율(%) 장부금액 종속기업 Iljin Steel America Inc 미국 판매법인 100% - 100% - (2) 당기와 전기 중 회사의 종속기업투자주식의 변동내역은 다음과 같습니다.",,,,",383 12,131,240 감가상각비 8,542,784 8,423,636 사용권자산감가상각비 433,838 477,570 무형자산상각비 77,769 63,899 판매보증비 1,617,054 170,192 동력 및 수도광열비 25,093,630 21,661,802 소모품비 15,371,364 12,377,532 외주가공비 686,910 490,060 기타 10,305,834 2,871,756 합 계(*) 266,901,062 215,645,857 (*) 포괄손익계산서상 매출원가 및 판매비와관리비의 합계액입",
00441410,(주)세진메탈,비상장(배출권),24212,용해형(비철 제련·합금),감사보고서 (2025.12),"구분 회사명 주요 사업내용 분할회사(존속회사) (주)세진메탈 비철금속제조업 인적분할신설회사 (주)세진철강 1차철강제조업 (2)분할신설회사로 이전되는 자산 및 부채의 가액 (단위:천원) 계 정 과 목 금 액 유동자산 2,140,332 비유동자산 8,021,379 자산총계 10,161,711 유동부채 6,916",고철 1,,,"1,17) 359,878,042 257,602,485 복리후생비(주석17) 139,929,166 156,625,888 여비교통비 51,103,873 47,952,018 통신비 18,991,139 16,542,790 수도광열비 100,420 288,250 도서인쇄비 8,569,676 8,650,097 세금과공과(주석17) 314,337,569 368,553,258 대손상각비(대손충당금환입) 116,203,951 (66,419,885) 감가상각비(주석5,17) 109,089,174 88,183,819 수선비 | 운반비 1,489,175,656 1,534,837,882 지급수수료 477,250,235 471,882,379 소모품비 51,214,645 73,738,169 차량유지비 183,474,368 362,596,281 동력비 9,627,655 25,349,267 경조비 6,900,000 3,600,000 Ⅴ. 영업이익(손실) 1,656,852,062 (5,122,070,034) Ⅵ. 영업외수익 2,598,127,669 825,724,752 이자수익 152,825,595 173,479,682 잡이익 43,9","일반사항 주식회사 세진메탈(이하 ""당사"")는 알루미늄 합금 제조업, 고철판매업 및 부동산임대업 등을 주 사업목적으로하여 1987년 3월에 설립되었으며, 본사는 울산광역시 울주군 온산읍 원봉로 15에 소재하고 있습니다."
00766814,하이호경금속주식회사,비상장(배출권),24212,용해형(비철 제련·합금),감사보고서 (2025.12),,,,,"82,779,181 퇴직급여 135,263,167 108,468,841 복리후생비 298,502,574 287,551,794 여비교통비 5,453,654 6,268,927 통신비 7,069,888 6,778,228 수도광열비 43,965,546 43,623,581 세금과공과 76,759,476 83,293,679 수출비용 8,685,518,612 4,669,566,531 임차료 17,640,000 19,214,000 감가상각비 (주석 8) 93,278,313 90,810,550 수선비 6,652,600 1",
00163169,한일제관(주),비상장(배출권),25991,가공형(금속가공),감사보고서 (2025.12),"일반사항 :한일제관 주식회사(이하 ""회사"")는 공관의 제조 및 판매를 목적으로 1968년 5월에 설립되었으며, 설립 후 수차례의 증자를 거쳐 당기말 현재 납입자본금은 8,408,330천원입니다.",,,,,
01467460,현대아이에프씨 주식회사,비상장(배출권),24112,용해형(제철·제강·합금철),감사보고서 (2025.12),"일반사항당사는 2020년 4월 1일을 분할기일로 하여 현대제철 주식회사로부터 물적분할되어 신규 설립 되었으며, 금속 단조제품 제조업을 주된 영업으로 영위하고 있습니다. | 당사는 환율변동에 따른 재무적인 리스크를 최소화하여 안정적인 영업활동을 영위하고자 제반 환리스크에 대해서 자체의 환관리지침 및 거래규정에 따라서 지속적으로 평가 및 관리하고 있고, 필요시 금융기관과의 파생상품 거래를통해 환위험을 헷지하고 있으며 투기적 거래는 엄격히 제한하고 있습니다.",,,,"189,242,265 229,749,195 재고자산의 변동 6,706,832 25,094,704 종업원급여 61,009,175 44,061,733 감가상각비와 기타자산상각비 27,220,467 26,514,802 전력비 및 연료비 85,224,774 84,178,189 기타비용 84,154,529 77,958,475 합 계(*) 453,558,042 487,557,098 (*) 포괄손익계산서상 매출원가 및 판매비와관리비를 합한 금액입니다.",
