name_key,gir_name,gir_type,gir_industry,hidden_any,energy_tj_2023,energy_tj_2024,energy_tj_2025,emis_2023,emis_2024,emis_2025,energy_tj_avg,n_years
고려시멘트,주식회사 고려시멘트,업체,"시멘트, 석회, 플라스터 및 그 외 제품 제조업",False,2010.0,,,317492.0,,,2010.0,1
고려특수선재,고려특수선재(주),사업장 1곳,철강,False,453.0,461.0,437.0,21737.0,22134.0,20973.0,450.3333333333333,3
광양알루미늄,광양알루미늄 주식회사,사업장 1곳,비철금속,False,,,1076.0,,,52705.0,1076.0,1
국제금속,(주)국제금속,업체,비철금속,False,,293.0,282.0,,29525.0,28919.0,287.5,2
능원금속공업,능원금속공업 주식회사,사업장 1곳,1차 비철금속 제조업,False,474.0,483.0,478.0,22988.0,23499.0,23185.0,478.3333333333333,3
담우물산,담우물산(주),사업장 1곳,"시멘트, 석회, 플라스터 및 그 외 제품 제조업",False,194.0,203.0,205.0,60182.0,63424.0,64083.0,200.66666666666666,3
대구텍,대구텍 유한책임회사,사업장 1곳,1차 비철금속 제조업,True,,,1034.0,,,49968.0,1034.0,1
대성라임켐,대성라임켐 주식회사,업체,"시멘트, 석회, 플라스터 및 그 외 제품 제조업",False,,,558.0,,,149839.0,558.0,1
대성엠디아이,대성엠디아이(주),사업장 1곳,"시멘트, 석회, 플라스터 및 그 외 제품 제조업",False,809.0,822.0,,164999.0,164740.0,,815.5,2
대성지엠텍,대성지엠텍(주),업체,"시멘트, 석회, 플라스터 및 그 외 제품 제조업",False,346.0,293.0,317.0,130338.0,112249.0,119669.0,318.6666666666667,3
대욱케스트,(주)대욱케스트,사업장 1곳,철강,False,290.0,289.0,304.0,15631.0,15522.0,16674.0,294.3333333333333,3
대유코아,(주)대유코아,사업장 1곳,"시멘트, 석회, 플라스터 및 그 외 제품 제조업",False,781.0,736.0,733.0,111888.0,96217.0,92417.0,750.0,3
동일알루미늄,동일알루미늄(주),사업장 1곳,비철금속,False,404.0,,,19456.0,,,404.0,1
디비월드,주식회사 디비월드,업체,1차 철강 제조업,False,,,1680.0,,,150211.0,1680.0,1
디아이동일,디아이동일 주식회사,사업장 1곳,비철금속,False,,396.0,386.0,,19058.0,18594.0,391.0,2
디알액시온,(주)디알액시온,사업장 1곳,비철금속,False,263.0,233.0,308.0,12929.0,11424.0,15143.0,268.0,3
디케이씨,(주)디케이씨,사업장 1곳,철강,False,389.0,344.0,353.0,19341.0,17114.0,17533.0,362.0,3
베페사징크코리아,베페사징크코리아(주),사업장 1곳,1차 비철금속 제조업,False,154.0,150.0,161.0,112462.0,106400.0,118140.0,155.0,3
비엠금속,(주)비엠금속,사업장 1곳,철강,False,274.0,282.0,238.0,14762.0,15365.0,12914.0,264.6666666666667,3
삼보광업,주식회사 삼보광업,업체,"시멘트, 석회, 플라스터 및 그 외 제품 제조업",False,401.0,382.0,388.0,157529.0,166725.0,153006.0,390.3333333333333,3
삼신정밀,삼신정밀(주),사업장 1곳,철강,False,474.0,527.0,556.0,23004.0,25602.0,27047.0,519.0,3
삼지금속공업,삼지금속공업 주식회사,사업장 1곳,비철금속,False,,193.0,187.0,,17930.0,17428.0,190.0,2
삼표산업,(주)삼표산업,업체,"시멘트, 석회, 플라스터 및 그 외 제품 제조업",False,1759.0,1559.0,1338.0,99894.0,89261.0,77199.0,1552.0,3
삼호제강,삼호제강주식회사,사업장 1곳,철강,False,365.0,255.0,222.0,18281.0,12712.0,11055.0,280.6666666666667,3
성보,주식회사 성보,사업장 1곳,철강,False,,,304.0,,,15654.0,304.0,1
성보공업,성보공업(주),사업장 1곳,철강,False,259.0,292.0,,13305.0,15007.0,,275.5,2
성신미네필드,(주)성신미네필드,사업장 1곳,시멘트,False,374.0,349.0,305.0,19021.0,17752.0,15548.0,342.6666666666667,3
성신씨엠,성신씨엠 주식회사,사업장 1곳,"시멘트, 석회, 플라스터 및 그 외 제품 제조업",False,446.0,344.0,318.0,21880.0,16848.0,15608.0,369.3333333333333,3
성호금속,(주)성호금속,사업장 2곳,철강,False,863.0,853.0,867.0,48059.0,47524.0,48105.0,861.0,3
성호기업,(주)성호기업,사업장 1곳,철강,False,278.0,258.0,265.0,14213.0,13162.0,13521.0,267.0,3
세아특수강,(주)세아특수강,사업장 1곳,1차 철강 제조업,False,1032.0,1100.0,1094.0,51138.0,54540.0,54160.0,1075.3333333333333,3
스틸싸이클,스틸싸이클 주식회사,사업장 1곳,1차 비철금속 제조업,False,765.0,803.0,779.0,75182.0,78531.0,70785.0,782.3333333333334,3
스틸싸이클에스씨,스틸싸이클에스씨(주),사업장 1곳,1차 비철금속 제조업,False,42.0,80.0,101.0,32045.0,5884.0,9186.0,74.33333333333333,3
신동,(주)신동,사업장 1곳,"시멘트, 석회, 플라스터 및 그 외 제품 제조업",False,277.0,283.0,300.0,80232.0,79688.0,85663.0,286.6666666666667,3
신안주철,(주)신안주철,사업장 1곳,철강,False,313.0,302.0,291.0,16681.0,16117.0,15695.0,302.0,3
신우금속,(주)신우금속,사업장 1곳,철강,False,322.0,292.0,288.0,18661.0,16858.0,16606.0,300.6666666666667,3
신화메탈,(주)신화메탈,사업장 1곳,철강,False,,,436.0,,,22484.0,436.0,1
쌍용기초소재,쌍용기초소재(주),사업장 1곳,시멘트,False,459.0,377.0,,25292.0,20512.0,,418.0,2
썬시멘트,썬시멘트주식회사,사업장 1곳,시멘트,False,,,349.0,,,19152.0,349.0,1
에스엔엔씨,주식회사 에스엔엔씨,업체,1차 비철금속 제조업,False,15144.0,15686.0,15797.0,1416717.0,1293791.0,1354443.0,15542.333333333334,3
에스제이금속,(주)에스제이금속,사업장 1곳,철강,False,357.0,351.0,364.0,20427.0,19958.0,20735.0,357.3333333333333,3
에스케이넥실리스,에스케이넥실리스 주식회사,사업장 1곳,1차 비철금속 제조업,False,3959.0,2604.0,2974.0,190594.0,125554.0,143147.0,3179.0,3
에스폼,에스폼(주),사업장 1곳,1차 비철금속 제조업,False,0.0,0.0,0.0,1.0,0.0,0.0,0.0,3
에스피네이처,주식회사 에스피네이처,업체,"시멘트, 석회, 플라스터 및 그 외 제품 제조업",False,,,658.0,,,32298.0,658.0,1
에스피에스엔에이,주식회사 에스피에스엔에이,사업장 1곳,"시멘트, 석회, 플라스터 및 그 외 제품 제조업",False,878.0,702.0,,42987.0,34359.0,,790.0,2
에쓰큐씨,주식회사 에쓰큐씨,업체,"시멘트, 석회, 플라스터 및 그 외 제품 제조업",False,0.0,,,0.0,,,0.0,1
에코라임,주식회사 에코라임,업체,"시멘트, 석회, 플라스터 및 그 외 제품 제조업",False,654.0,521.0,407.0,107704.0,104213.0,91491.0,527.3333333333334,3
엘에스메탈,엘에스메탈 주식회사,사업장 1곳,비철금속,False,440.0,444.0,437.0,21168.0,21335.0,21026.0,440.3333333333333,3
엘에스엠앤엠,엘에스엠앤엠 주식회사,업체,1차 비철금속 제조업,False,8606.0,8509.0,8297.0,508660.0,493516.0,482672.0,8470.666666666666,3
우룡,(주)우룡,업체,"시멘트, 석회, 플라스터 및 그 외 제품 제조업",False,709.0,752.0,703.0,161345.0,168720.0,160193.0,721.3333333333334,3
우신금속,(주)우신금속,사업장 1곳,비철금속,False,332.0,372.0,374.0,21175.0,23769.0,23597.0,359.3333333333333,3
정선라임,주식회사 정선라임,사업장 1곳,"시멘트, 석회, 플라스터 및 그 외 제품 제조업",False,211.0,284.0,263.0,61762.0,86578.0,78911.0,252.66666666666666,3
제이아이금속,제이아이금속(주),사업장 1곳,비철금속,False,,311.0,314.0,,19157.0,19446.0,312.5,2
중일,(주)중일,사업장 1곳,1차 비철금속 제조업,False,291.0,293.0,300.0,28262.0,29361.0,30169.0,294.6666666666667,3
지알엠,주식회사 지알엠,사업장 1곳,1차 비철금속 제조업,False,962.0,963.0,1012.0,83241.0,79123.0,84949.0,979.0,3
지에스에코메탈,지에스에코메탈 주식회사,사업장 1곳,비철금속,False,254.0,338.0,385.0,18471.0,25012.0,31131.0,325.6666666666667,3
진흥주물,(주)진흥주물,사업장 1곳,철강,False,588.0,531.0,492.0,33398.0,30311.0,27963.0,537.0,3
충무화학,(주)충무화학,업체,"시멘트, 석회, 플라스터 및 그 외 제품 제조업",False,632.0,637.0,608.0,152175.0,155600.0,141476.0,625.6666666666666,3
코스틸,(주)코스틸,사업장 1곳,1차 철강 제조업,False,292.0,212.0,67.0,14608.0,10611.0,3355.0,190.33333333333334,3
크나우프석고보드,크나우프석고보드 주식회사,업체,"시멘트, 석회, 플라스터 및 그 외 제품 제조업",False,2384.0,2187.0,1688.0,119896.0,110088.0,84967.0,2086.3333333333335,3
태봉광업,태봉광업 주식회사,업체,"시멘트, 석회, 플라스터 및 그 외 제품 제조업",False,666.0,611.0,643.0,261790.0,241973.0,262895.0,640.0,3
태영이엠씨,주식회사 태영이엠씨,업체,"시멘트, 석회, 플라스터 및 그 외 제품 제조업",False,748.0,773.0,771.0,141107.0,148256.0,145596.0,764.0,3
태우,(주)태우,사업장 1곳,비철금속,False,363.0,334.0,313.0,18622.0,17165.0,16139.0,336.6666666666667,3
팔미금속공업,팔미금속공업(주),사업장 1곳,철강,False,314.0,291.0,304.0,16861.0,15615.0,16395.0,303.0,3
팜한농,주식회사 팜한농,업체,"비료, 농약 및 살균ㆍ살충제 제조업",False,1393.0,1024.0,713.0,101492.0,60012.0,34936.0,1043.3333333333333,3
풍전비철,(주)풍전비철,사업장 1곳,비철금속,False,,,346.0,,,17513.0,346.0,1
한국기초소재,한국기초소재(주),사업장 1곳,시멘트,False,424.0,295.0,296.0,20818.0,14473.0,14493.0,338.3333333333333,3
한금,(주)한금,사업장 1곳,철강,False,372.0,371.0,340.0,17401.0,17179.0,15491.0,361.0,3
한융금속,한융금속(주),사업장 1곳,비철금속,False,282.0,280.0,195.0,17569.0,17433.0,11981.0,252.33333333333334,3
현대석회,현대석회(주),사업장 1곳,"시멘트, 석회, 플라스터 및 그 외 제품 제조업",False,236.0,245.0,245.0,84959.0,86857.0,90375.0,242.0,3
화진철강,(주)화진철강,사업장 1곳,철강,False,221.0,,,13995.0,,,221.0,1
황조,(주)황조,업체,비철금속,False,,,89.0,,,87076.0,89.0,1
