source,corp_code,name,kets_name,ksic,kets_member,ftc_group,rev_avg_eok,it_spend_eok,note
상장(cbam),00132318,(주)성광벤드,,24133,False,,2164.0,,
상장(cbam),00148595,(주)제일테크노스,,2511,False,,1765.0,,
상장(cbam),00101220,KG케미칼(주),케이지케미칼 주식회사,201,True,KG,2118.0,,
상장(cbam),00132804,성신양회(주),성신양회(주),23311,True,,6991.0,17.4,
상장(cbam),00990165,아세아시멘트(주),아세아시멘트 주식회사,23311,True,,5086.0,14.3,
상장(cbam),00105299,금강공업(주),,2413,False,,3151.0,,
상장(cbam),00112721,(주)대창스틸,,24122,False,,3650.0,0.6,
상장(cbam),00123781,부국철강(주),,2413,False,,1844.0,,
상장(cbam),00125646,삼목에스폼(주),삼목에스폼(주),2511,True,,3257.0,5.4,
상장(cbam),00186717,(주)태양,,25991,False,,1494.0,,
상장(cbam),00109587,(주)대륙제관,,25991,False,,2708.0,,
상장(cbam),00435312,(주)하이스틸,,2413,False,,2516.0,,
상장(cbam),00138260,(주)SIMPAC,(주)SIMPAC,24113,True,,5631.0,37.9,
상장(cbam),00128926,삼현철강(주),,2419,False,,2347.0,,
상장(cbam),00163196,한일철강(주),,2419,False,,1868.0,,
상장(cbam),00353878,다스코(주),,25112,False,,2529.0,,
상장(cbam),00116301,(주)NI스틸,,2419,False,,3020.0,,
상장(cbam),00149239,조일알미늄(주),조일알미늄 주식회사,24222,True,,4836.0,5.2,
상장(cbam),00125822,삼보산업 주식회사,삼보산업 주식회사,24222,True,,2468.0,,
상장(cbam),00153339,태경산업(주),태경산업(주),20129,True,,1409.0,,
상장(cbam),00117027,(주)알루코,,24222,False,,2843.0,3.9,
상장(cbam),01765265,동국제강(주),동국제강 주식회사,241,True,동국제강,31210.0,206.4,
상장(cbam),00129235,삼화왕관(주),,25991,False,,1302.0,,
상장(cbam),00415594,(주)동국에스엔씨,,2511,False,,1539.0,,
상장(cbam),00670340,씨에스윈드(주),,2511,False,,4674.0,35.8,
상장(cbam),00239639,(주)삼표시멘트,삼표시멘트,239,True,삼표,7202.0,25.8,
상장(cbam),00143907,(주)원일특강,,24123,False,,3533.0,6.4,
상장(cbam),00172680,동국산업(주),동국산업(주),24122,True,,3771.0,21.0,
상장(cbam),01765256,동국씨엠 주식회사,동국씨엠 주식회사,24122,True,동국제강,18012.0,125.1,
상장(cbam),00166175,(주)대호특수강,,24123,False,,2910.0,,
상장(cbam),00186799,(주)태웅,(주)태웅,25912,True,,3932.0,6.9,
상장(cbam),00486705,아주스틸(주),,2419,False,동국제강,5491.0,11.8,
상장(cbam),00958664,주식회사 신스틸,,241,False,,2241.0,,
상장(cbam),00156488,(주)휴스틸,,2413,False,,5384.0,11.0,
상장(cbam),00153375,(주)태광,,2413,False,,2562.0,,
상장(cbam),00126779,삼아알미늄(주),,24222,False,,2216.0,,
상장(cbam),00103006,고려제강(주),고려제강(주),2411,True,,5398.0,36.8,
상장(cbam),00535481,에스와이(주),,25112,False,,3721.0,4.2,
상장(cbam),00206039,경남스틸(주),,24199,False,,3810.0,0.7,
상장(cbam),00115676,KG스틸(주),케이지스틸 주식회사,24122,True,KG,31430.0,126.3,
상장(cbam),00144252,(주)유니온,(주)유니온,23311,True,,1056.0,,
상장(cbam),00156600,한주라이트메탈(주),,24212,False,,2321.0,,
상장(cbam),00687711,한국철강(주),한국철강,2411,True,,6639.0,22.2,
상장(cbam),00113225,대한제강(주),대한제강(주),2411,True,,8277.0,35.9,
상장(cbam),00117629,케이비아이동양철관(주),,2413,False,,2018.0,,
상장(cbam),00151298,DSR제강(주),,24123,False,,2174.0,,
상장(cbam),00220613,넥스틸(주),,2419,False,,5720.0,6.8,
상장(cbam),00177199,디씨엠(주),,2419,False,,2287.0,,
상장(cbam),00172936,동일산업(주),동일산업주식회사,24113,True,,3471.0,4.8,
상장(cbam),00124090,(주)한국특강,(주)한국특강,24121,True,,7888.0,7.5,
상장(cbam),00157636,(주)케이피에프,주식회사 케이피에프,259,True,,2750.0,,
상장(cbam),00117300,(주)TCC스틸,(주)티씨씨스틸,24191,True,,4419.0,60.6,
상장(cbam),01319808,한일시멘트(주),한일시멘트 주식회사,23311,True,,11416.0,76.6,
상장(cbam),00428729,(주)대호에이엘,주식회사 대호에이엘,24222,True,,1835.0,,
상장(cbam),00454937,(주)덕신이피씨,,25112,False,,1540.0,,
상장(cbam),00111111,(주)대양금속,,24122,False,,2133.0,,
상장(cbam),00120872,만호제강(주),만호제강(주),24123,True,,1841.0,,
상장(cbam),00105475,금강철강(주),,2419,False,,1976.0,,
비상장(배출권),01507148,와이케이스틸 주식회사,와이케이스틸(주),24121,True,,3905.0,,대한제강 자회사(2020년 지분 51% 인수)
비상장(배출권),00950705,대한시멘트 주식회사,대한시멘트주식회사,23311,True,,1930.0,,
비상장(배출권),00257219,한라시멘트(주),한라시멘트주식회사,23311,True,,5600.0,,아세아시멘트 자회사로 알려짐
비상장(배출권),00138224,쌍용씨앤이주식회사,쌍용씨앤이(주),23311,True,,558.0,,"API 매출값 이상(1,116억/0원). 자산 3.8조로 매출과 무관하게 중견"
비상장(배출권),00156637,한국씨엔티(주),한국씨엔티(주),23311,True,,1354.0,,
비상장(배출권),01007408,한국제강주식회사,한국제강 주식회사,24112,True,,5477.0,,
비상장(배출권),00935627,홍덕산업(주),홍덕산업(주),24123,True,,2829.0,,
비상장(배출권),00166546,환영철강공업(주),환영철강공업,24112,True,,5129.0,,
비상장(배출권),00760069,디케이동신주식회사,디케이동신(주),24191,True,,2414.0,,
비상장(배출권),00150466,진양특수강(주),진양특수강(주),24121,True,,2286.0,,
비상장(배출권),00146658,일진제강(주),일진제강(주),24132,True,,2598.0,,
비상장(배출권),00441410,(주)세진메탈,주식회사 세진메탈,24212,True,,2101.0,,3년 평균 판정
비상장(배출권),00766814,하이호경금속주식회사,하이호경금속 주식회사,24212,True,,4482.0,,
비상장(배출권),00163169,한일제관(주),한일제관(주),25991,True,,4811.0,,
비상장(배출권),01467460,현대아이에프씨 주식회사,현대아이에프씨 주식회사,24112,True,,5051.0,,"2026-02-27 현대제철 지분 100% 매각(우리베일리국민성장(유)), 현대자동차 집단 이탈"
