stock_code,corp_name,size_class,is_holding,wave_group_reviewed,induty_code,kisa_name,kisa_type_used,it_year,it_spend,rev_same_year,it_ratio,rev_band
105840,(주)우진,중소,False,2차 후보-약,27216,,,,,,,
001820,삼화콘덴서공업(주),중견,False,비대상,26291,,,,,,,
049800,(주)우진플라임,중견,False,2차 후보(확인 필요),292,,,,,,,
023600,삼보판지(주),중견,False,비대상,171,,,,,,,
200880,(주)서연이화,중견,False,2차 후보(확인 필요),303,(주)서연이화,의무,2025,6447246571.0,1925420295816.0,0.003348487904178674,1조~5조
217500,(주)러셀,중소,False,2차 후보(확인 필요),292,,,,,,,
053060,(주)세동,중견,False,2차 후보(확인 필요),303,,,,,,,
014620,(주)성광벤드,중견,False,1차(2027),24133,,,,,,,
006910,보성파워텍(주),중소,False,1차(2027),2511,,,,,,,
014530,극동유화(주),중견,False,비대상,19221,극동유화(주),의무,2025,534770745.0,1005967706802.0,0.0005315983220774068,1조~5조
053450,(주)세코닉스,중견,False,비대상,273,(주)세코닉스,의무,2025,704871805.0,354904671184.0,0.0019860877081399695,3천억~5천억
117730,(주)티로보틱스,중소,False,비대상,29271,,,,,,,
299030,(주)하나기술,중소,False,비대상,29299,,,,,,,
004700,조광피혁(주),중견,False,비대상,15110,,,,,,,
084730,팅크웨어(주),중견,False,비대상,264,,,,,,,
281740,(주)레이크머티리얼즈,중견,False,비대상,204,,,,,,,
189300,(주)인텔리안테크놀로지스,중견,False,비대상,26429,,,,,,,
214260,(주)라파스,중소,False,비대상,20423,,,,,,,
332370,아이디피(주),중소,False,비대상,26329,,,,,,,
290740,(주)액트로,중소,False,비대상,262,,,,,,,
049950,(주)미래컴퍼니,중소,False,비대상,29271,,,,,,,
109860,동일금속(주),중소,False,2차(2028),24312,,,,,,,
083930,(주)아바코,중견,False,비대상,29272,아바코,의무,2025,24761450.0,390585424274.0,6.339573486651558e-05,3천억~5천억
066310,(주)큐에스아이,중소,False,비대상,2612,,,,,,,
335810,프리시젼바이오(주),중소,False,2차 후보-약,27199,,,,,,,
382840,주식회사 원준,중견,False,2차 후보(확인 필요),292,,,,,,,
241710,(주)코스메카코리아,중견,False,비대상,20423,코스메카코리아,의무,2025,2496347905.0,441498750150.0,0.005654258147167713,3천억~5천억
149950,(주)아바텍,중소,False,비대상,26211,,,,,,,
007770,한일화학공업(주),중소,False,비대상,201,,,,,,,
109740,(주)디에스케이,중소,False,비대상,29272,,,,,,,
013520,(주)화승코퍼레이션,중견,False,2차 후보(확인 필요),303,화승코퍼레이션,의무,2025,4242140801.0,488830823178.0,0.008678136892884292,3천억~5천억
108490,(주)로보티즈,중소,False,비대상,29299,,,,,,,
100120,(주)뷰웍스,중견,False,2차 후보-약,27199,,,,,,,
005820,(주)원림,중소,False,비대상,13225,,,,,,,
019180,(주)티에이치엔,중견,False,비대상,289,주식회사 티에이치엔,의무,2025,3203725741.0,911722560104.0,0.0035139261450704384,5천억~1조
065950,(주)웰크론,중소,False,비대상,13219,,,,,,,
159010,(주)아스플로,중소,False,2차 후보(확인 필요),29133,,,,,,,
371950,풍원정밀(주),중소,False,비대상,262,,,,,,,
097870,효성오앤비(주),중소,False,1차(2027),2031,,,,,,,
110020,전진바이오팜(주),중소,False,비대상,2049,,,,,,,
008870,(주)금비,중견,False,비대상,23192,,,,,,,
336570,원텍(주),중견,False,2차 후보-약,271,,,,,,,
267320,(주)나인테크,중견,False,2차 후보(확인 필요),292,,,,,,,
206640,바디텍메드(주),중견,False,비대상,213,,,,,,,
221840,하이즈항공(주),중소,False,비대상,313,,,,,,,
378850,주식회사 화승알앤에이,중견,False,2차 후보(확인 필요),30399,(주)화승알앤에이,의무,2025,3024720711.0,709609401842.0,0.004262514988032074,5천억~1조
014160,대영포장(주),중견,False,비대상,1721,,,,,,,
032560,(주)황금에스티,중소,False,비대상,24290,,,,,,,
174900,앱클론(주),중소,False,비대상,213,,,,,,,
021820,(주)세원정공,중소,False,2차 후보(확인 필요),303,,,,,,,
146320,비씨엔씨(주),중소,False,비대상,261,,,,,,,
030960,(주)양지사,중소,False,비대상,1811,,,,,,,
294630,(주)서남,중소,False,비대상,289,,,,,,,
228670,주식회사 레이,중소,False,비대상,27111,,,,,,,
003610,(주)방림,중소,False,비대상,132,,,,,,,
018120,(주)진로발효,중견,False,비대상,11121,,,,,,,
000950,(주)전방,중소,False,비대상,13101,,,,,,,
025820,이구산업(주),중견,False,비대상,24221,이구산업(주),의무,2025,396514387.0,507783563654.0,0.0007808728272862766,5천억~1조
006890,태경케미컬 주식회사,중소,False,비대상,20121,,,,,,,
080520,(주)오디텍,중소,False,비대상,2612,,,,,,,
071280,로체시스템즈(주),중견,False,2차 후보(확인 필요),292,,,,,,,
054040,한국컴퓨터(주),중견,False,비대상,2629,,,,,,,
002920,유성기업(주),중견,False,2차 후보(확인 필요),303,유성기업,의무,2025,958450666.0,303146324924.0,0.003161676679538462,3천억~5천억
002760,(주)보락,중소,False,비대상,2049,,,,,,,
038010,(주)제일테크노스,중견,False,1차(2027),2511,,,,,,,
001390,KG케미칼(주),중견,False,1차(2027),201,,,,,,,
007810,(주)코리아써키트,대기업,False,비대상,2622,(주) 코리아써키트,의무,2025,6129483948.0,862984261270.0,0.007102660179433193,5천억~1조
003300,한일홀딩스(주),중견,True,1차(2027),23311,,,,,,,
122690,(주)서진오토모티브,중견,False,"2차(2028, 제품명 확인)",303,,,,,,,
109080,옵티시스(주),중소,False,비대상,26410,,,,,,,
194370,(주)제이에스코퍼레이션,중견,False,비대상,15121,(주)제이에스코퍼레이션,의무,2025,506258314.0,312632825883.0,0.0016193383166662819,3천억~5천억
064960,SNT모티브(주),중견,False,"2차(2028, 제품명 확인)",303,,,,,,,
004910,조광페인트(주),중견,False,비대상,20411,,,,,,,
253590,(주)네오셈,중소,False,2차 후보(확인 필요),292,,,,,,,
083310,(주)엘오티베큠,중견,False,비대상,29271,,,,,,,
009270,(주)신원,중견,False,비대상,14112,(주)신원,의무,2025,4331573849.0,1091183970272.0,0.003969609128257508,1조~5조
093380,(주)풍강,중소,False,2차 후보(확인 필요),259,,,,,,,
001770,(주)신화다이나믹스,중소,False,1차(2027),24199,,,,,,,
108380,대양전기공업(주),중견,False,비대상,31114,,,,,,,
302430,(주)이노메트리,중소,False,비대상,29299,,,,,,,
058610,(주)에스피지,중견,False,2차(2028),28111,,,,,,,
177830,(주)파버나인,중소,False,비대상,2629,,,,,,,
136480,(주)하림,대기업,False,비대상,1012,주식회사 하림,의무,2025,5027513515.0,1392608677000.0,0.003610140880229486,1조~5조
099430,바이오플러스 주식회사,중소,False,비대상,211,,,,,,,
083500,에프엔에스테크(주),중소,False,비대상,29272,,,,,,,
003200,일신방직(주),중견,False,비대상,13101,일신방직주식회사,자율,2025,365793043.0,288639066004.0,0.0012673026145218014,3천억 미만
204020,(주)그리티,중견,False,비대상,14120,,,,,,,
002310,아세아제지(주),중견,False,비대상,172,아세아제지,의무,2025,758860829.0,485295773072.0,0.0015637078893069466,3천억~5천억
051370,(주)인터플렉스,대기업,False,비대상,2622,,,,,,,
122640,(주)예스티,중소,False,비대상,29271,,,,,,,
036810,(주)에프에스티,중견,False,비대상,2629,,,,,,,
196700,(주)웹스,중소,False,비대상,20203,,,,,,,
252500,(주)세화피앤씨,중소,False,비대상,204,,,,,,,
053610,(주)프로텍,중견,False,비대상,29271,,,,,,,
120240,대정화금(주),중소,False,비대상,201,,,,,,,
243840,신흥에스이씨(주),중견,False,비대상,28202,,,,,,,
060720,(주)케이에이치바텍,중소,False,비대상,2629,,,,,,,
278280,(주)천보,중견,False,비대상,201,,,,,,,
003350,(주)한국화장품제조,중견,False,비대상,20423,,,,,,,
376290,씨유테크 주식회사,중소,False,비대상,26224,,,,,,,
094970,제이엠티(주),중소,False,비대상,2629,,,,,,,
025320,(주)시노펙스,중견,False,비대상,2629,,,,,,,
039440,(주)에스티아이,중견,False,비대상,29271,(주)에스티아이,의무,2025,2150356698.0,306617024786.0,0.007013167972329057,3천억~5천억
254120,(주)자비스,중소,False,2차 후보(확인 필요),292,,,,,,,
140670,알에스오토메이션(주),중소,False,비대상,262,,,,,,,
010820,퍼스텍(주),중견,False,비대상,252,,,,,,,
004430,송원산업(주),중견,False,비대상,20499,송원산업(주),의무,2025,3908411508.0,842453000000.0,0.004639322915343645,5천억~1조
093190,(주)빅솔론,중소,False,비대상,263,,,,,,,
001550,(주)조비,중소,False,1차(2027),20312,,,,,,,
347770,주식회사 핌스,중소,False,비대상,26212,,,,,,,
005030,부산주공(주),중견,False,2차 후보(확인 필요),30310,,,,,,,
025540,한국단자공업(주),중견,False,비대상,2812,한국단자공업(주),의무,2025,5971532067.0,1170686046000.0,0.005100882587097993,1조~5조
361390,주식회사 제노코,중소,False,비대상,26429,,,,,,,
155650,와이엠씨(주),중견,False,비대상,262,,,,,,,
365900,(주)브이씨,중소,False,비대상,3330,,,,,,,
037030,주식회사 파워넷,중견,False,2차(2028),2811,,,,,,,
241560,두산밥캣 주식회사,대기업,False,2차(2028),29241,두산밥캣,의무,2025,5742250478.0,6181806000.0,0.9288952901466012,3천억 미만
059100,(주)아이컴포넌트,중소,False,비대상,26211,,,,,,,
037760,(주)쎄니트,중소,False,1차(2027),24122,,,,,,,
129920,(주)대성하이텍,중소,False,2차 후보-약,29223,,,,,,,
004100,태양금속공업(주),중견,False,2차 후보(확인 필요),303,태양금속공업(주),의무,2025,540502360.0,349105580671.0,0.0015482489823311473,3천억~5천억
004980,성신양회(주),중견,False,1차(2027),23311,성신양회(주),의무,2025,1739708190.0,623526620586.0,0.0027901105302689327,5천억~1조
306040,주식회사 에스제이그룹,중소,False,비대상,15129,,,,,,,
036890,(주)진성티이씨,중견,False,2차(2028),29241,(주)진성티이씨,자율,2025,1963319841.0,269465190649.0,0.007285986870034658,3천억 미만
265560,영화테크(주),중소,False,2차 후보(확인 필요),3033,,,,,,,
004830,(주)덕성,중소,False,비대상,22214,,,,,,,
089980,(주)상아프론테크,중견,False,비대상,222,,,,,,,
399720,(주)가온칩스,중소,False,비대상,26112,,,,,,,
171010,램테크놀러지(주),중소,False,비대상,20119,,,,,,,
183190,아세아시멘트(주),중견,False,1차(2027),23311,아세아시멘트(주),의무,2025,1432976390.0,456605366000.0,0.003138325776924838,3천억~5천억
171090,(주)선익시스템,중견,False,2차 후보(확인 필요),292,선익시스템,의무,2025,633683805.0,515360026987.0,0.0012295944035566125,5천억~1조
101680,한국정밀기계(주),중소,False,2차 후보-약,29223,,,,,,,
009150,삼성전기(주),대기업,False,비대상,2622,삼성전기(주),의무,2025,207903136072.0,8377908028341.0,0.02481563838713674,5조 이상
441270,(주)파인엠텍,중견,False,비대상,26299,,,,,,,
093050,(주)LF,중견,False,비대상,14111,㈜LF,의무,2025,32493006557.0,1140620103883.0,0.028487141727893826,1조~5조
042110,(주)에스씨디,중견,False,2차(2028),28519,,,,,,,
008470,(주)부-스타,중소,False,비대상,25130,,,,,,,
043370,피에이치에이(주),중견,False,2차 후보(확인 필요),303,피에이치에이 주식회사,의무,2025,3849236159.0,693892968273.0,0.0055473053266128294,5천억~1조
047310,(주)파워로직스,중견,False,비대상,2812,(주) 파워로직스,의무,2025,1329586526.0,527798793687.0,0.0025191162653328903,5천억~1조
045300,성우테크론(주),중소,False,비대상,2629,,,,,,,
043650,(주)국순당,중소,False,비대상,11111,,,,,,,
001420,태원물산(주),중소,False,2차 후보(확인 필요),303,,,,,,,
085910,(주)네오티스,중소,False,2차 후보(확인 필요),303,,,,,,,
025890,한국주강(주),중소,False,2차 후보(확인 필요),292,,,,,,,
122990,(주)와이솔,중견,False,비대상,2629,,,,,,,
092200,(주)디아이씨,중견,False,"2차(2028, 제품명 확인)",303,주식회사 디아이씨,의무,2025,857272864.0,406814288213.0,0.0021072830744606214,3천억~5천억
093920,(주)서원인텍,중소,False,비대상,2642,,,,,,,
353200,대덕전자(주),중견,False,비대상,2622,대덕전자 주식회사,의무,2025,18374290892.0,1064715003611.0,0.017257473436255957,1조~5조
015260,(주)에이엔피,중견,False,비대상,2622,,,,,,,
081580,성우전자(주),중소,False,비대상,2642,,,,,,,
049430,(주)코메론,중소,False,2차 후보-약,27219,,,,,,,
014280,금강공업(주),중견,False,1차(2027),2413,,,,,,,
104830,(주)원익머트리얼즈,중견,False,비대상,20121,주식회사 원익머트리얼즈,의무,2025,4419375178.0,302890865997.0,0.01459065186219175,3천억~5천억
007210,(주)벽산,중견,False,비대상,23999,(주)벽산,의무,2025,2206237995.0,404333691940.0,0.005456478247989754,3천억~5천억
225590,패션플랫폼(주),중소,False,비대상,141,,,,,,,
052860,(주)아이앤씨테크놀로지,중소,False,비대상,2611,,,,,,,
161890,한국콜마(주),중견,False,비대상,20423,한국콜마,의무,2025,14074713703.0,1192752359723.0,0.011800197742864792,1조~5조
215360,우리산업(주),중견,False,2차 후보(확인 필요),303,(주)우리산업,의무,2025,1017287146.0,517100624295.0,0.00196729050054221,5천억~1조
066130,(주)하츠,중소,False,2차(2028),28519,,,,,,,
123860,(주)아나패스,중견,False,비대상,2611,,,,,,,
009470,삼화전기(주),중견,False,비대상,26291,,,,,,,
119500,(주)포메탈,중소,False,2차 후보(확인 필요),259,,,,,,,
256150,(주)한독크린텍,중소,False,2차 후보(확인 필요),29175,,,,,,,
063760,(주)이엘피,중소,False,2차 후보-약,27212,,,,,,,
020000,(주)한섬,대기업,False,비대상,14112,(주)한섬,의무,2025,19907889746.0,1489379442000.0,0.013366566762373775,1조~5조
011780,금호석유화학(주),중견,False,비대상,201,금호석유화학(주),의무,2025,16065486675.0,4571978509755.0,0.0035139024911691693,1조~5조
049520,유아이엘(주),중소,False,비대상,2629,,,,,,,
264850,(주)이랜시스,중소,False,비대상,262,,,,,,,
140520,(주)대창스틸,중견,False,1차(2027),24122,대창스틸,의무,2025,63475000.0,398226905681.0,0.00015939405171896322,3천억~5천억
026940,부국철강(주),중견,False,1차(2027),2413,,,,,,,
121890,(주)에스디시스템,중소,False,비대상,2629,,,,,,,
393890,더블유씨피(주),중견,False,비대상,28202,,의무,2024,1062720469.0,322073352106.0,0.003299622468145828,3천억~5천억
082920,(주)비츠로셀,중견,False,비대상,28201,,,,,,,
049120,(주)파인디앤씨,중소,False,비대상,26211,,,,,,,
018310,삼목에스폼(주),중견,False,1차(2027),2511,,의무,2024,543039683.0,328190036417.0,0.0016546501195728285,3천억~5천억
008490,(주)서흥,중견,False,비대상,2049,(주)서흥,의무,2025,3119020639.0,355633395020.0,0.008770325516884019,3천억~5천억
002070,(주)비비안,중견,False,비대상,14120,,,,,,,
056080,(주) 유진로봇,중소,False,2차 후보(확인 필요),292,,,,,,,
155660,DSR(주),중견,False,2차 후보(확인 필요),242,,,,,,,
210540,디와이파워(주),중견,False,2차(2028),29241,,,,,,,
090710,휴림로봇(주),중소,False,2차(2028),29280,,,,,,,
057540,옴니시스템(주),중소,False,2차 후보-약,272,,,,,,,
251970,펌텍코리아 주식회사,중견,False,비대상,22232,,,,,,,
377740,(주)바이오노트,중견,False,비대상,213,,,,,,,
033100,제룡전기(주),중견,False,2차(2028),2811,,,,,,,
015230,대창단조(주),중견,False,2차 후보(확인 필요),303,,,,,,,
121600,(주)나노신소재,중소,False,비대상,2049,,,,,,,
010040,한국내화(주),중견,False,비대상,2321,,,,,,,
113810,디젠스(주),중소,False,2차 후보(확인 필요),303,,,,,,,
056360,코위버(주),중소,False,비대상,26410,,,,,,,
011230,삼화전자공업(주),중소,False,비대상,265,,,,,,,
014940,(주)오리엔탈정공,중소,False,2차 후보(확인 필요),291,,,,,,,
059120,(주)아진엑스텍,중소,False,비대상,2611,,,,,,,
049830,(주) 승일,중견,False,2차 후보(확인 필요),259,,,,,,,
006650,대한유화(주),중견,False,비대상,20111,대한유화(주),의무,2025,1902460127.0,2828725728648.0,0.0006725502256131732,1조~5조
425040,티이엠씨 주식회사,중견,False,비대상,20121,,,,,,,
094360,(주)칩스앤미디어,중소,False,비대상,261,,,,,,,
143160,(주)아이디스,중견,False,비대상,26429,아이디스,자율,2025,1987042863.0,212943996893.0,0.009331293166242429,3천억 미만
119610,(주)인터로조,중견,False,2차 후보-약,271,,,,,,,
000100,(주)유한양행,중견,False,비대상,212,(주) 유한양행,의무,2025,10789801701.0,2105660561260.0,0.005124188532335678,1조~5조
032080,(주)아즈텍더블유비이,중소,False,비대상,13402,,,,,,,
187270,(주)신화콘텍,중소,False,비대상,2812,,,,,,,
014910,성문전자(주),중소,False,비대상,26291,,,,,,,
170920,엘티씨(주),중소,False,비대상,20119,,,,,,,
052330,(주)코텍,중견,False,비대상,26519,(주)코텍,의무,2025,1118223147.0,396838360262.0,0.0028178302779542997,3천억~5천억
045520,(주)크린앤사이언스,중소,False,2차 후보(확인 필요),291,,,,,,,
017370,(주)우신시스템,중견,False,2차 후보(확인 필요),292,,의무,2024,785743834.0,365470191408.0,0.002149953272448475,3천억~5천억
098660,㈜에스티오,중소,False,비대상,1419,,,,,,,
365590,(주)하이딥,중소,False,비대상,261,,,,,,,
103230,(주)에스앤더블류,중소,False,2차 후보(확인 필요),29111,,,,,,,
003160,(주)디아이,중견,False,2차 후보-약,27212,,,,,,,
044780,(주)에이치케이,중소,False,2차 후보-약,29221,,,,,,,
052260,(주)현대바이오랜드,대기업,False,비대상,204,,,,,,,
038950,(주)파인디지털,중소,False,비대상,2642,,,,,,,
043360,(주)디지아이,중소,False,비대상,263,,,,,,,
053620,(주)태양,중견,False,1차(2027),25991,,,,,,,
078600,대주전자재료(주),중견,False,비대상,2629,,,,,,,
307280,(주)원바이오젠,중소,False,비대상,213,,,,,,,
004780,(주)대륙제관,중견,False,1차(2027),25991,,,,,,,
016450,한세예스24홀딩스(주),중견,True,비대상,1419,,,,,,,
071090,(주)하이스틸,중견,False,1차(2027),2413,,,,,,,
261200,주식회사 덴티스,중견,False,2차 후보-약,271,,,,,,,
039030,(주)이오테크닉스,중견,False,비대상,29271,(주)이오테크닉스,의무,2025,1318351331.0,348509726704.0,0.0037828250690968984,3천억~5천억
067770,(주)세진티에스,중소,False,비대상,26211,,,,,,,
023450,(주)동남합성,중견,False,비대상,201,,,,,,,
357550,주식회사 석경에이티,중소,False,비대상,20129,,,,,,,
024740,한일단조공업(주),중견,False,2차 후보(확인 필요),303,,,,,,,
043200,(주)파루,중소,False,2차 후보(확인 필요),281,,,,,,,
058470,리노공업(주),중견,False,비대상,2629,리노공업(주),의무,2025,2007897465.0,372534084608.0,0.005389835582730143,3천억~5천억
126340,비나텍주식회사,중소,False,비대상,282,,,,,,,
037070,(주)파세코,중소,False,2차(2028),28519,,,,,,,
214680,(주)디알텍,중견,False,2차 후보-약,271,,,,,,,
072470,우리산업홀딩스(주),중견,True,2차 후보(확인 필요),303,,,,,,,
038460,(주)바이오스마트,중소,False,비대상,26293,,,,,,,
009160,(주)SIMPAC,중견,False,1차(2027),24113,주식회사 SIMPAC,의무,2025,3793861542.0,698629014180.0,0.005430437993550782,5천억~1조
017800,현대엘리베이터(주),중견,False,2차(2028),29162,현대엘리베이터(주),의무,2025,32038148323.0,1607100236100.0,0.01993537652682322,1조~5조
054450,(주)텔레칩스,중견,False,비대상,2611,,,,,,,
425420,(주)티에프이,중소,False,비대상,262,,,,,,,
290520,(주)신도기연,중소,False,비대상,29272,,,,,,,
183300,(주)코미코,중견,False,비대상,29271,,,,,,,
094170,(주)동운아나텍,중견,False,비대상,2611,,,,,,,
011090,(주)에넥스,중견,False,비대상,32021,,,,,,,
017480,삼현철강(주),중견,False,1차(2027),2419,,,,,,,
214430,아이쓰리시스템(주),중견,False,비대상,2629,,,,,,,
003800,(주)에이스침대,중견,False,비대상,32029,(주)에이스침대,의무,2025,1155667679.0,313024071031.0,0.0036919450801135025,3천억~5천억
092300,현우산업(주),중견,False,비대상,2622,,,,,,,
214330,(주)금호에이치티,중견,False,2차 후보(확인 필요),303,,,,,,,
048430,(주)유라테크,중견,False,2차 후보(확인 필요),281,,,,,,,
096690,(주)에이루트,중소,False,비대상,26329,,,,,,,
079170,한창산업(주),중소,False,비대상,24229,,,,,,,
002200,한국수출포장공업(주),중견,False,비대상,1721,,,,,,,
013310,아진산업(주),중견,False,2차 후보(확인 필요),303,아진산업,의무,2025,2256986307.0,586581484319.0,0.0038476944249617425,5천억~1조
002220,한일철강(주),중견,False,1차(2027),2419,,,,,,,
003960,(주)사조대림,중견,False,비대상,10211,주식회사 사조대림,의무,2025,3999398467.0,1445409405612.0,0.002766965851662365,1조~5조
187790,(주)나노,중소,False,비대상,20129,,,,,,,
032540,티제이미디어(주),중소,False,비대상,265,,,,,,,
208370,(주)셀바스헬스케어,중소,False,2차 후보-약,271,,,,,,,
143540,(주)영우디에스피,중소,False,비대상,29272,,,,,,,
065510,(주)휴비츠,중견,False,2차 후보-약,27199,,,,,,,
050760,(주)에스폴리텍,중소,False,비대상,222,,,,,,,
001380,(주)SG글로벌,중소,False,2차 후보(확인 필요),303,,,,,,,
092230,KPX홀딩스(주),중견,True,비대상,201,,,,,,,
274090,켄코아에어로스페이스(주),중소,False,비대상,31322,,,,,,,
012280,영화금속(주),중견,False,2차(2028),303,영화금속(주),의무,2025,518574411.0,351423851427.0,0.0014756380618283719,3천억~5천억
228340,동양파일(주),중소,False,비대상,23325,,,,,,,
241590,주식회사 화승엔터프라이즈,중소,False,비대상,15219,,,,,,,
120030,조선선재(주),중소,False,2차 후보(확인 필요),2599,,,,,,,
058730,다스코(주),중견,False,1차(2027),25112,,,,,,,
417500,(주)제이아이테크,중소,False,비대상,204,,,,,,,
950140,잉글우드랩 주식회사,중소,False,비대상,204,,,,,,,
013870,지엠비코리아(주),중견,False,"2차(2028, 제품명 확인)",303,지엠비코리아 주식회사,의무,2025,4724141708.0,704300930891.0,0.00670756135736405,5천억~1조
092730,(주)네오팜,중소,False,비대상,20423,,,,,,,
378340,주식회사 필에너지,중견,False,비대상,29299,,,,,,,
017860,주식회사 디에스단석,중견,False,비대상,204,디에스단석,의무,2025,886623383.0,892046476475.0,0.0009939206155530934,5천억~1조
188260,(주)세니젠,중소,False,비대상,339,,,,,,,
088280,(주)쏘닉스,중소,False,비대상,26129,,,,,,,
010950,S-Oil(주),대기업,False,비대상,19210,,,,,,,
010100,한국무브넥스(주),중견,False,2차 후보(확인 필요),303,한국무브넥스 (주),의무,2025,1893848484.0,932889057319.0,0.0020300897187524856,5천억~1조
271830,팸텍주식회사,중소,False,비대상,29271,,,,,,,
005950,(주)이수화학                             ,중견,False,비대상,20111,(주)이수화학,의무,2025,4975505790.0,1377711851000.0,0.003611427009493003,1조~5조
010240,(주)흥국,중소,False,2차(2028),29241,,,,,,,
007340,(주)디엔오토모티브,중견,False,비대상,28202,주식회사 디엔오토모티브,의무,2025,5157899844.0,986279635000.0,0.00522965258630733,5천억~1조
054090,(주)삼진엘앤디,중소,False,비대상,339,,,,,,,
020400,대동금속(주),중소,False,2차(2028),24312,,,,,,,
260930,(주)씨티케이,중소,False,비대상,20423,,,,,,,
033160,엠케이전자(주),중견,False,비대상,262,엠케이전자㈜,의무,2025,679865880.0,795409862755.0,0.0008547365475771206,5천억~1조
079950,인베니아(주),중소,False,비대상,29272,,,,,,,
263020,(주)디케이앤디,중소,False,비대상,22214,,,,,,,
069140,(주)누리플랜,중소,False,1차(2027),25112,,,,,,,
073110,(주)엘엠에스,중소,False,비대상,262,,,,,,,
093640,(주)케이알엠,중소,False,비대상,2611,,,,,,,
009770,삼정펄프(주),중소,False,비대상,171,,,,,,,
348210,주식회사 넥스틴,중소,False,비대상,29271,,,,,,,
340440,(주)세림비앤지,중소,False,비대상,222,,,,,,,
432470,(주)케이엔에스,중소,False,비대상,29299,,,,,,,
090430,(주)아모레퍼시픽,중견,False,비대상,20423,(주)아모레퍼시픽,의무,2025,138912137818.0,2653725793231.0,0.052346078171426225,1조~5조
020150,롯데에너지머티리얼즈(주),대기업,False,비대상,2629,,,,,,,
025900,동화기업(주),중견,False,비대상,16212,동화기업(주),의무,2025,11646717978.0,369049244539.0,0.031558709712435705,3천억~5천억
077970,STX엔진(주),중견,False,2차 후보(확인 필요),29111,STX엔진,의무,2025,6146312121.0,744818465645.0,0.008252094173950694,5천억~1조
056700,신화인터텍(주),대기업,False,비대상,2229,,,,,,,
101240,씨큐브(주),중소,False,비대상,20131,,,,,,,
017510,세명전기공업(주),중소,False,2차 후보(확인 필요),2599,,,,,,,
012860,(주)모베이스전자,중견,False,2차 후보(확인 필요),303,(주)모베이스전자,의무,2025,28044830563.0,806880613520.0,0.03475710048436411,5천억~1조
452160,(주)제이엔비,중소,False,비대상,29271,,,,,,,
089890,(주)코세스,중소,False,비대상,29271,,,,,,,
033250,(주)체시스,중소,False,2차 후보(확인 필요),303,,,,,,,
264450,(주)유비쿼스,중견,False,비대상,26410,,,,,,,
134380,미원화학(주),중견,False,비대상,20421,,,,,,,
418420,주식회사 라온텍,중소,False,비대상,262,,,,,,,
078890,가온그룹(주),중견,False,비대상,264,가온그룹(주),의무,2025,20063112997.0,305965376673.0,0.065573148227299,3천억~5천억
112290,와이씨켐(주),중소,False,비대상,20491,,,,,,,
075970,(주)동국알앤에스,중소,False,비대상,239,,,,,,,
003720,(주)삼영,중소,False,비대상,2221,,,,,,,
108230,(주)톱텍,중견,False,2차 후보(확인 필요),292,(주) 톱텍,자율,2025,995910419.0,155500667844.0,0.0064045411046022545,3천억 미만
417790,주식회사 트루엔,중소,False,비대상,265,,,,,,,
137940,(주)넥스트아이,중소,False,2차 후보-약,27216,,,,,,,
008260,(주)NI스틸,중견,False,1차(2027),2419,,,,,,,
006920,(주)모헨즈,중소,False,비대상,23322,,,,,,,
008420,문배철강(주),중소,False,1차(2027),2419,,,,,,,
024070,(주)WISCOM,중소,False,비대상,22299,,,,,,,
091700,(주)파트론,중견,False,비대상,2629,(주)파트론,의무,2025,425670767.0,1281439139367.0,0.0003321818055364464,1조~5조
050860,(주)아세아텍,중견,False,2차(2028),29210,,,,,,,
076610,해성옵틱스(주),중소,False,비대상,273,,,,,,,
033500,(주)동성화인텍,중견,False,비대상,201,(주)동성화인텍,의무,2025,2006398215.0,742186008411.0,0.0027033630279498853,5천억~1조
023810,(주)인팩,중견,False,2차 후보(확인 필요),303,,,,,,,
100250,(주)진양홀딩스,중소,True,비대상,222,,,,,,,
097520,(주)엠씨넥스,중견,False,비대상,26519,엠씨넥스,의무,2025,2844211496.0,964626721908.0,0.0029485099587270845,5천억~1조
012340,(주)뉴인텍,중소,False,2차 후보(확인 필요),303,,,,,,,
064820,(주)케이프,중소,False,비대상,31114,,,,,,,
105760,(주)포스뱅크,중소,False,2차 후보(확인 필요),291,,,,,,,
035200,(주)프럼파스트,중소,False,비대상,22211,,,,,,,
043910,(주)자연과환경,중소,False,2차 후보(확인 필요),233,,,,,,,
241770,(주)메카로,중소,False,비대상,261,,,,,,,
012610,(주)경인양행,중견,False,비대상,20132,,,,,,,
102460,이연제약(주),중견,False,비대상,212,,,,,,,
355150,(주)코스텍시스,중소,False,비대상,261,,,,,,,
084870,(주)티비에이치글로벌,중견,False,비대상,141,,,,,,,
115440,(주)우리넷,중견,False,비대상,2641,,,,,,,
004770,써니전자(주),중소,False,비대상,262,,,,,,,
264660,씨앤지하이테크(주),중견,False,비대상,29271,,,,,,,
074600,(주)원익큐엔씨,중견,False,비대상,2312,주식회사 원익큐엔씨,의무,2025,5805182426.0,396917817057.0,0.014625653413704877,3천억~5천억
036200,유니셈(주),중견,False,비대상,29271,,,,,,,
370090,주식회사 퓨런티어,중소,False,2차 후보-약,27213,,,,,,,
111380,(주)동인기연,중견,False,비대상,151,,,,,,,
125210,(주)아모그린텍,중견,False,비대상,2629,,,,,,,
114840,(주)아이패밀리에스씨,중견,False,비대상,204,,,,,,,
168360,(주)펨트론,중소,False,2차 후보(확인 필요),292,,,,,,,
006660,삼성공조(주),중소,False,2차 후보(확인 필요),30399,,,,,,,
263810,상신전자(주),중견,False,비대상,2629,,,,,,,
376180,주식회사 피코그램,중소,False,비대상,339,,,,,,,
082800,(주)비보존제약,중소,False,비대상,212,,,,,,,
148150,(주)세경하이테크,중소,False,비대상,2629,,,,,,,
227610,(주)아우딘퓨쳐스,중소,False,비대상,20423,,,,,,,
130740,(주)티피씨,중소,False,2차 후보(확인 필요),303,,,,,,,
186230,주식회사 그린플러스,중소,False,1차(2027),24222,,,,,,,
317830,주식회사 에스피시스템스,중소,False,2차(2028),29280,,,,,,,
042600,(주)새로닉스,중소,False,비대상,2629,,,,,,,
078590,(주)휴림에이텍,중소,False,2차 후보(확인 필요),303,,,,,,,
014710,사조씨푸드(주),중견,False,비대상,102,,,,,,,
010660,화천기계(주),중견,False,2차 후보-약,29223,,,,,,,
240810,(주)원익아이피에스,중견,False,2차 후보(확인 필요),292,주식회사 원익아이피에스,의무,2025,9382329005.0,909820766098.0,0.010312282764481763,5천억~1조
032750,(주)삼진,중견,False,비대상,264,,,,,,,
396270,(주)넥스트칩,중소,False,비대상,26112,,,,,,,
452430,(주)사피엔반도체,중소,False,비대상,2611,,,,,,,
005670,(주)푸드웰,중소,False,비대상,1030,,,,,,,
378800,주식회사 샤페론,중소,False,비대상,211,,,,,,,
417010,나노팀 주식회사,중소,False,2차 후보(확인 필요),291,,,,,,,
089030,(주)테크윙,중견,False,비대상,29271,,,,,,,
006140,(주)피제이전자,중견,False,비대상,27112,,,,,,,
093370,(주)후성,중견,False,비대상,20129,,,,,,,
011930,주식회사 신성이엔지,중견,False,비대상,2612,주식회사 신성이엔지,의무,2025,5311177224.0,318829816991.0,0.016658345427428844,3천억~5천억
068100,케이웨더(주),중소,False,2차 후보(확인 필요),291,,,,,,,
018470,조일알미늄(주),중견,False,1차(2027),24222,조일알미늄(주),의무,2025,524661838.0,486678693232.0,0.001078045629069472,3천억~5천억
389020,(주)자람테크놀로지,중소,False,비대상,261,,,,,,,
317770,(주)엑스페릭스,중소,False,비대상,262,,,,,,,
137400,(주)피엔티,중견,False,2차 후보(확인 필요),292,(주)피엔티,의무,2025,1797183391.0,719243824958.0,0.0024987122984405823,5천억~1조
000500,가온전선(주),대기업,False,2차(2028),28302,가온전선,의무,2025,2977621719.0,1411696404000.0,0.002109250764231599,1조~5조
290550,(주)디케이티,중견,False,비대상,26224,,,,,,,
417200,엘에스머트리얼즈 주식회사,대기업,False,비대상,26291,엘에스머트리얼즈,자율,2025,551268139.0,29147753781.0,0.018912885814183898,3천억 미만
406820,(주)뷰티스킨,중소,False,비대상,20423,,,,,,,
018290,(주)브이티,중견,False,비대상,204,브이티,의무,2025,913920517.0,381052176242.0,0.0023984130625187244,3천억~5천억
013030,하이록코리아(주),중소,False,1차(2027),241,,,,,,,
178920,피아이첨단소재(주),중견,False,비대상,2221,피아이첨단소재(주),자율,2025,3941755243.0,263421091422.0,0.014963704013682477,3천억 미만
208140,(주)정다운,중견,False,비대상,101,,,,,,,
126600,(주)비지에프에코머티리얼즈,중견,False,비대상,20202,,,,,,,
263600,덕우전자(주),중견,False,비대상,2629,,,,,,,
017900,광전자(주),중견,False,비대상,2612,,,,,,,
417840,주식회사 저스템,중소,False,비대상,29271,,,,,,,
356860,(주)티엘비,중견,False,비대상,2622,,,,,,,
050890,(주)쏠리드,중견,False,비대상,2642,,,,,,,
031980,피에스케이홀딩스(주),중견,True,비대상,29271,,,,,,,
003680,한성기업(주),중견,False,비대상,10211,한성기업,의무,2025,753260211.0,318445028569.0,0.0023654324716103556,3천억~5천억
348340,주식회사 뉴로메카,중소,False,2차(2028),29280,,,,,,,
090460,(주)비에이치,중견,False,비대상,2622,(주)비에이치,의무,2025,1529057272.0,349882710927.0,0.004370199567588879,3천억~5천억
001570,(주)금양,중견,False,비대상,201,,,,,,,
098120,(주)마이크로컨텍솔루션,중소,False,비대상,2629,,,,,,,
322000,에이치디현대에너지솔루션(주),대기업,False,비대상,2612,에이치디현대에너지솔루션(주),의무,2025,2374153629.0,484387824120.0,0.004901348693710844,3천억~5천억
080580,(주)오킨스전자,중소,False,비대상,262,,,,,,,
170030,(주)현대공업,중견,False,2차 후보(확인 필요),303,현대공업,의무,2025,512051087.0,353859469521.0,0.0014470464438697522,3천억~5천억
001430,(주)세아베스틸지주,대기업,True,1차(2027),2411,,,,,,,
058820,(주)CMG제약,중견,False,비대상,212,,,,,,,
009900,명신산업(주),중견,False,2차 후보(확인 필요),303,,,,,,,
090080,평화산업(주),중견,False,"2차(2028, 제품명 확인)",303,평화산업(주),의무,2025,1364564132.0,618025594998.0,0.00220794113228339,5천억~1조
192390,(주)윈하이텍,중소,False,1차(2027),2511,,,,,,,
017650,(주)대림제지,중소,False,비대상,179,,,,,,,
099190,(주)아이센스,중견,False,비대상,27112,,,,,,,
383310,주식회사 에코프로에이치엔,중견,False,비대상,204,,,,,,,
451220,(주)아이엠티,중소,False,비대상,29299,,,,,,,
014440,영보화학(주),중소,False,비대상,2225,,,,,,,
033540,주식회사 파라텍,중견,False,2차 후보(확인 필요),292,,,,,,,
136410,주식회사 아셈스,중소,False,비대상,22212,,,,,,,
348350,(주)위드텍,중소,False,2차 후보-약,27213,,,,,,,
009620,삼보산업 주식회사,중견,False,1차(2027),24222,,,,,,,
088910,동우팜투테이블,중견,False,비대상,10121,(주)동우팜투테이블,의무,2025,846309162.0,321960746800.0,0.002628609761940085,3천억~5천억
007530,(주)와이엠,중견,False,2차 후보(확인 필요),259,,,,,,,
460930,현대힘스 주식회사,중견,False,비대상,31114,,,,,,,
005800,(주)신영와코루,중견,False,비대상,14120,,,,,,,
285490,(주)노바텍,중소,False,비대상,339,,,,,,,
293480,하나제약(주),중견,False,비대상,212,,,,,,,
073560,우리손에프앤지 농업회사법인(주),중소,False,비대상,101,,,,,,,
101330,(주)모베이스,중소,False,비대상,2642,,,,,,,
317850,대모엔지니어링주식회사,중소,False,2차(2028),29242,,,,,,,
053270,(주)구영테크,중견,False,2차 후보(확인 필요),303,,,,,,,
295310,(주)에이치브이엠,중소,False,비대상,24219,,,,,,,
001620,케이비아이동국실업(주),중견,False,2차 후보(확인 필요),303,케이비아이동국실업 (주),의무,2025,575410415.0,506660512077.0,0.0011356922461574265,5천억~1조
278470,(주)에이피알,중견,False,비대상,20423,주식회사 에이피알,의무,2025,5951151329.0,1528295842593.0,0.003893978615359519,1조~5조
114810,한솔아이원스(주),중견,False,비대상,2927,,,,,,,
015750,(주)성우하이텍,중견,False,2차 후보(확인 필요),303,주식회사 성우하이텍,의무,2025,8215409112.0,1782329295259.0,0.004609366593397195,1조~5조
015890,태경산업(주),중견,False,1차(2027),20129,,,,,,,
089790,(주)제이티,중소,False,비대상,29271,,,,,,,
196490,(주)디에이테크놀로지,중소,False,비대상,29271,,,,,,,
429270,주식회사 시지트로닉스,중소,False,비대상,26129,,,,,,,
001780,(주)알루코,중견,False,1차(2027),24222,,자율,2024,388223486.0,297354761357.0,0.0013055902795311364,3천억 미만
089970,브이엠(주),중소,False,비대상,29271,,,,,,,
376930,노을 주식회사,중소,False,비대상,27112,,,,,,,
460860,동국제강(주),중견,False,1차(2027),241,동국제강,의무,2025,20644644256.0,3203431341223.0,0.006444540886622632,1조~5조
067390,(주)아스트,중견,False,비대상,31322,,,,,,,
048830,(주)엔피케이,중소,False,비대상,20202,,,,,,,
000660,에스케이하이닉스(주),대기업,False,비대상,2612,에스케이하이닉스 주식회사,의무,2025,852839685153.0,86852117000000.0,0.009819446141456748,5조 이상
039840,(주)디오,중견,False,2차 후보-약,27192,,,,,,,
262260,(주)에이프로,중견,False,비대상,289,,,,,,,
126640,(주)화신정공,중견,False,"2차(2028, 제품명 확인)",303,화신정공,의무,2025,343206657.0,378937475942.0,0.000905707877392763,3천억~5천억
000480,주식회사 시알홀딩스,중견,True,비대상,2321,,,,,,,
214390,(주)경보제약,중견,False,비대상,211,,,,,,,
464280,(주)티디에스팜,중소,False,비대상,21212,,,,,,,
290650,(주)엘앤씨바이오,중소,False,비대상,212,,,,,,,
303810,동국생명과학(주),중견,False,비대상,212,,,,,,,
475830,오름테라퓨틱 주식회사,중소,False,비대상,211,,,,,,,
053160,(주)프리엠스,중소,False,비대상,28123,,,,,,,
065350,신성델타테크(주),중소,False,2차(2028),28519,,,,,,,
082850,우리바이오(주),중소,False,비대상,108,,,,,,,
460870,(주)에스엠씨지,중소,False,비대상,231,,,,,,,
119650,케이씨코트렐(주),중견,False,2차 후보(확인 필요),291,,자율,2024,827802858.0,291306245985.0,0.002841692786918909,3천억 미만
079650,(주)서산,중소,False,비대상,23322,,,,,,,
004450,삼화왕관(주),중견,False,1차(2027),25991,,,,,,,
475580,주식회사 에이럭스,중소,False,비대상,33999,,,,,,,
077360,덕산하이메탈(주),중견,False,비대상,261,,,,,,,
105550,엣지파운드리(주),중소,False,비대상,2629,,,,,,,
111110,호전실업 주식회사,중견,False,비대상,14199,호전실업(주),의무,2025,1262737889.0,493314399143.0,0.0025597020707152775,3천억~5천억
138070,(주)신진에스엠,중소,False,2차 후보(확인 필요),259,,,,,,,
010640,진양폴리우레탄(주),중소,False,비대상,22259,,,,,,,
012330,현대모비스(주),대기업,False,2차 후보(확인 필요),303,현대모비스(주),의무,2025,480417543973.0,36256823000000.0,0.013250403764637625,5조 이상
050110,(주)캠시스,중견,False,비대상,262,캠시스,의무,2025,1471230174.0,369373316028.0,0.003983044010381288,3천억~5천억
000520,삼일제약(주),중견,False,비대상,212,,,,,,,
093240,(주)형지엘리트,중소,False,비대상,14112,,,,,,,
043150,(주)바텍,중견,False,2차 후보-약,271,,,,,,,
041830,(주)인바디,중견,False,2차 후보-약,27199,,,,,,,
234080,제이더블유생명과학(주),중견,False,비대상,212,,,,,,,
445090,(주)에이직랜드,중소,False,비대상,26112,,,,,,,
073640,테라사이언스(주),중소,False,비대상,25929,,,,,,,
029530,(주)신도리코,중견,False,비대상,263,(주)신도리코,자율,2025,2513143234.0,299884967949.0,0.008380357479029753,3천억 미만
018880,한온시스템(주),대기업,False,2차 후보(확인 필요),29172,한온시스템(주),의무,2025,17643262569.0,3930039896659.0,0.004489334213629451,1조~5조
017180,명문제약(주),중견,False,비대상,212,,,,,,,
002380,(주)케이씨씨,대기업,False,비대상,20411,(주)케이씨씨,의무,2025,16572309674.0,2935723859992.0,0.005645050578444105,1조~5조
004650,(주)창해에탄올,중견,False,비대상,11121,,,,,,,
052900,(주)케이엑스하이텍,중소,False,비대상,2224,,,,,,,
267260,에이치디현대일렉트릭(주),대기업,False,2차(2028),281,에이치디현대일렉트릭 주식회사,의무,2025,18198043265.0,3381139400167.0,0.005382222118408123,1조~5조
271980,제일약품(주),중견,False,비대상,212,제일약품주식회사,의무,2025,1447394749.0,571285016382.0,0.0025335772994126166,5천억~1조
265740,주식회사엔에프씨,중소,False,비대상,20423,,,,,,,
043260,성호전자(주),중견,False,비대상,26291,,,,,,,
019770,(주)서연탑메탈,중견,False,2차 후보(확인 필요),292,,,,,,,
036580,(주)팜스코,대기업,False,비대상,105,(주)팜스코,의무,2025,2345602431.0,1427995693337.0,0.0016425836870128776,1조~5조
115570,(주)스타플렉스,중소,False,비대상,2221,,,,,,,
100130,(주)동국에스엔씨,중견,False,1차(2027),2511,,,,,,,
087600,(주)픽셀플러스,중소,False,비대상,2629,픽셀플러스,자율,2025,1568632817.0,42707711339.0,0.036729498439958534,3천억 미만
451250,(주)삐아,중소,False,비대상,20423,,,,,,,
046310,(주)백금티앤에이,중소,False,비대상,2642,,,,,,,
389500,(주)에스비비테크,중소,False,2차 후보(확인 필요),291,,,,,,,
089010,(주)켐트로닉스,중견,False,비대상,204,켐트로닉스,의무,2025,4757954323.0,356736942242.0,0.01333743091785639,3천억~5천억
243070,(주)휴온스,중견,False,비대상,212,(주)휴온스,의무,2025,3578708962.0,521054561136.0,0.006868203886744069,5천억~1조
333620,(주)엔시스,중소,False,비대상,28909,,,,,,,
398120,(주)에스지헬스케어,중소,False,비대상,27111,,,,,,,
078160,메디포스트(주),중소,False,비대상,211,,,,,,,
297090,씨에스베어링 주식회사,중소,False,비대상,29141,,,,,,,
112610,씨에스윈드(주),중견,False,1차(2027),2511,씨에스윈드(주),의무,2025,3580571573.0,613558736508.0,0.005835743768198001,5천억~1조
038500,(주)삼표시멘트,중견,False,1차(2027),239,(주)삼표시멘트,의무,2025,2578908000.0,640607919944.0,0.004025719819738476,5천억~1조
114450,그린생명과학(주),중소,False,비대상,211,,,,,,,
086900,(주)메디톡스,중견,False,비대상,211,,,,,,,
207940,삼성바이오로직스(주),대기업,False,비대상,211,삼성바이오로직스 주식회사,의무,2025,105374207204.0,4556971695180.0,0.02312373529013937,1조~5조
191420,테고사이언스(주),중소,False,비대상,211,,,,,,,
012200,계양전기(주),중견,False,2차 후보(확인 필요),291,계양전기(주),의무,2025,2037746187.0,380898344932.0,0.005349842586908036,3천억~5천억
051490,나라엠앤디(주),중소,False,2차 후보(확인 필요),292,,,,,,,
109070,(주)주성코퍼레이션,중소,False,비대상,264,,,,,,,
006050,(주)국영지앤엠,중소,False,비대상,231,,,,,,,
010120,엘에스일렉트릭 주식회사,대기업,False,비대상,28121,엘에스일렉트릭(주),의무,2025,52618926690.0,3462741368949.0,0.01519574264536272,1조~5조
012620,(주)원일특강,중견,False,1차(2027),24123,(주)원일특강,의무,2025,638856538.0,365898672844.0,0.0017459930451083515,3천억~5천억
156100,(주)엘앤케이바이오메드,중소,False,2차 후보-약,27194,,,,,,,
126700,(주)하이비젼시스템,중견,False,비대상,273,,,,,,,
104460,디와이피엔에프(주),중견,False,2차(2028),29163,디와이피엔에프,의무,2025,1186820911.0,365502243845.0,0.0032470961012849484,3천억~5천억
005300,롯데칠성음료(주),대기업,False,비대상,11209,롯데칠성음료(주),의무,2025,35477373553.0,2566969761664.0,0.013820721257737886,1조~5조
045060,(주)오공,중소,False,비대상,20493,,,,,,,
048410,현대바이오사이언스(주),중소,False,비대상,204,,,,,,,
219130,주식회사 타이거일렉,중소,False,비대상,2622,,,,,,,
101970,우양에이치씨(주),중견,False,2차 후보(확인 필요),2512,,,,,,,
042700,한미반도체(주),중견,False,비대상,29271,한미반도체주식회사,의무,2025,2243167834.0,559680004877.0,0.004007947066990499,5천억~1조
005160,동국산업(주),중견,False,1차(2027),24122,동국산업(주),의무,2025,2096149234.0,373092684024.0,0.005618306988472496,3천억~5천억
007690,국도화학(주),중견,False,비대상,20111,국도화학주식회사,의무,2025,7852455331.0,967066362965.0,0.008119872256671795,5천억~1조
065570,삼영이엔씨(주),중소,False,비대상,26429,,,,,,,
003220,대원제약(주),중견,False,비대상,212,대원제약(주),의무,2025,4516715411.0,542981109597.0,0.008318365650606705,5천억~1조
128540,에코캡 주식회사,중소,False,2차 후보(확인 필요),303,,,,,,,
218410,알에프에이치아이씨(주),중소,False,비대상,264,,,,,,,
222800,(주)심텍,중견,False,비대상,2622,주식회사 심텍,의무,2025,7219628352.0,1097089873840.0,0.006580708221041254,1조~5조
318160,주식회사 셀바이오휴먼텍,중소,False,비대상,139,,,,,,,
453860,(주)에이에스텍,중소,False,비대상,20499,,,,,,,
462520,조선내화 주식회사,중견,False,비대상,2321,조선내화,의무,2025,2481296499.0,482243738000.0,0.005145316161679221,3천억~5천억
086710,선진뷰티사이언스(주),중소,False,비대상,20499,,,,,,,
277880,주식회사 티에스아이,중견,False,2차 후보(확인 필요),292,,,,,,,
456070,이엔셀(주),중소,False,비대상,211,,,,,,,
463480,모티브링크(주),중소,False,비대상,26294,,,,,,,
090360,(주)로보스타,대기업,False,2차(2028),29280,,,,,,,
166090,하나머티리얼즈(주),중견,False,비대상,2612,,,,,,,
212710,(주)아이에스티이,중소,False,비대상,261,,,,,,,
298040,효성중공업(주),대기업,False,2차(2028),281,효성중공업(주),의무,2025,43382793554.0,4097813940685.0,0.010586813891981644,1조~5조
402490,주식회사 그린리소스,중소,False,비대상,261,,,,,,,
412540,(주)제일엠앤에스,중견,False,2차 후보(확인 필요),292,,,,,,,
131180,(주)딜리,중소,False,비대상,26323,,,,,,,
003090,(주)대웅,중견,False,비대상,212,,,,,,,
123040,(주)엠에스오토텍,중소,False,2차 후보(확인 필요),303,,,,,,,
123750,(주)알톤,중소,False,비대상,31991,,,,,,,
010770,평화홀딩스(주),중소,True,2차 후보(확인 필요),303,평화홀딩스,자율,2025,1825242560.0,18761701588.0,0.09728555544063373,3천억 미만
452400,(주)이닉스,중소,False,2차 후보(확인 필요),30399,,,,,,,
063160,(주)종근당바이오,중견,False,비대상,212,,,,,,,
069620,(주)대웅제약,중견,False,비대상,212,(주)대웅제약,의무,2025,13702053738.0,1390995347493.0,0.009850538869662865,1조~5조
067310,하나마이크론(주),중견,False,비대상,2611,하나마이크론,의무,2025,6451076162.0,1054998015465.0,0.006114775636953809,1조~5조
002230,피에스텍(주),중견,False,2차 후보-약,27214,,,,,,,
368600,(주)아이씨에이치,중소,False,비대상,262,,,,,,,
005490,포스코홀딩스(주),대기업,True,1차(2027),2411,포스코홀딩스(주),의무,2025,21114521071.0,1403309682120.0,0.015046230593308521,1조~5조
004000,롯데정밀화학(주),대기업,False,비대상,20119,롯데정밀화학(주),의무,2025,11969267960.0,1750345284209.0,0.0068382324721770775,1조~5조
163560,동일고무벨트(주),중견,False,비대상,2219,동일고무벨트(주),의무,2025,7996011940.0,356658348535.0,0.022419247924082522,3천억~5천억
389650,(주)넥스트바이오메디컬,중소,False,2차 후보-약,27199,,,,,,,
114630,(주)폴라리스우노,중소,False,비대상,20501,,,,,,,
199430,(주)케이엔알시스템,중소,False,2차 후보-약,272,,,,,,,
036560,케이젯정밀(주),대기업,False,비대상,29120,,,,,,,
383220,주식회사 에프앤에프,중견,False,비대상,14111,주식회사 에프앤에프,의무,2025,33706485173.0,1694695683997.0,0.019889402853438595,1조~5조
054670,대한뉴팜(주),중견,False,비대상,212,,,,,,,
460850,동국씨엠 주식회사,중견,False,1차(2027),24122,동국씨엠,의무,2025,12508949425.0,1973635302655.0,0.0063380247648451285,1조~5조
484870,주식회사 엠앤씨솔루션,중견,False,2차 후보(확인 필요),292,엠앤씨솔루션,의무,2025,3979053675.0,403348735243.0,0.009865045622624288,3천억~5천억
192410,(주)오늘이엔엠,중소,False,비대상,2642,,,,,,,
003080,에스비성보(주),중소,False,비대상,2032,,,,,,,
314130,(주)지놈앤컴퍼니,중소,False,비대상,211,,,,,,,
319400,현대무벡스(주),중견,False,2차 후보(확인 필요),291,현대무벡스,의무,2025,5845856019.0,355474623608.0,0.016445213331026755,3천억~5천억
289930,(주)웨이비스,중소,False,비대상,261,,,,,,,
348370,(주)엔켐,중견,False,비대상,20119,,,,,,,
240600,(주)유진테크놀로지,중소,False,2차 후보(확인 필요),259,,,,,,,
049180,(주)셀루메드,중소,False,비대상,211,,,,,,,
489500,(주)엘케이켐,중소,False,비대상,20499,,,,,,,
021040,(주)대호특수강,중견,False,1차(2027),24123,,,,,,,
226400,(주)오스테오닉,중소,False,2차 후보-약,27199,,,,,,,
009580,무림피앤피(주),중견,False,비대상,171,무림피앤피주식회사,의무,2025,4392609088.0,683054294673.0,0.006430834447945142,5천억~1조
001810,무림에스피(주),중견,False,비대상,171,,,,,,,
456010,아이씨티케이 주식회사,중소,False,비대상,261,,,,,,,
009200,무림페이퍼(주),중견,False,비대상,171,무림페이퍼(주),의무,2025,3544140754.0,507492455705.0,0.006983632395237362,5천억~1조
059210,(주)메타바이오메드,중견,False,비대상,213,,,,,,,
064550,(주)바이오니아,중소,False,비대상,213,,,,,,,
042520,한스바이오메드(주),중소,False,비대상,213,,,,,,,
340570,(주)티앤엘,중견,False,비대상,213,,,,,,,
138610,(주)나이벡,중소,False,비대상,213,,,,,,,
153710,(주)옵티팜,중소,False,비대상,213,,,,,,,
253840,(주)수젠텍,중소,False,비대상,213,,,,,,,
199550,(주)레이저옵텍,중소,False,비대상,27112,,,,,,,
004250,엔피씨(주),중견,False,비대상,22232,,의무,2024,2047233834.0,318831733896.0,0.0064210478956520335,3천억~5천억
084110,(주)휴온스글로벌,중소,False,비대상,212,,,,,,,
083550,(주)케이엠,중견,False,비대상,139,,,,,,,
462350,(주)이노스페이스,중소,False,비대상,31311,,,,,,,
308430,주식회사 셀비온,중소,False,비대상,212,,,,,,,
318020,(주)포인트모바일,중소,False,비대상,263,,,,,,,
005750,대림바스 주식회사,중견,False,비대상,23222,,,,,,,
144960,(주)뉴파워프라즈마,중견,False,비대상,29271,,,,,,,
039200,(주)오스코텍,중소,False,비대상,212,,,,,,,
187420,에이치엘비제넥스(주),중소,False,비대상,211,,,,,,,
055490,(주)테이팩스,중견,False,비대상,2229,,,,,,,
005500,삼진제약(주),중견,False,비대상,212,삼진제약(주),의무,2025,2317448218.0,309133530719.0,0.007496592856200198,3천억~5천억
455900,주식회사 엔젤로보틱스,중소,False,2차(2028),29280,,,,,,,
170790,(주)파이오링크,중소,False,비대상,26410,,,,,,,
229000,(주)젠큐릭스,중소,False,비대상,213,,,,,,,
237690,에스티팜(주),중견,False,비대상,212,에스티팜 주식회사,자율,2025,4389452680.0,293178341057.0,0.01497195414973236,3천억 미만
464080,(주)에스오에스랩,중소,False,2차 후보-약,27211,,,,,,,
009680,(주)모토닉,중견,False,2차 후보(확인 필요),303,,,,,,,
459100,(주)위츠,중소,False,비대상,26299,,,,,,,
017810,(주)풀무원,중견,False,비대상,108,,,,,,,
065500,(주)오리엔트정공,중견,False,"2차(2028, 제품명 확인)",303,,,,,,,
003780,진양산업(주),중소,False,비대상,2225,,,,,,,
133820,(주)화인베스틸,중소,False,1차(2027),24121,,,,,,,
454910,두산로보틱스 주식회사,대기업,False,2차(2028),2928,,,,,,,
204270,(주)제이앤티씨,중견,False,비대상,262,,,,,,,
091580,상신이디피(주),중소,False,비대상,28202,,,,,,,
450950,(주)아스테라시스,중소,False,비대상,27112,,,,,,,
145720,(주)덴티움,중견,False,2차 후보-약,27191,덴티움,자율,2025,2903807159.0,266981328920.0,0.010876442823723135,3천억 미만
460470,아이빔테크놀로지(주),중소,False,비대상,27309,,,,,,,
044490,(주)태웅,중견,False,1차(2027),25912,(주)태웅,의무,2025,689068252.0,349653597289.0,0.0019707168962156073,3천억~5천억
139990,아주스틸(주),중견,False,1차(2027),2419,아주스틸 주식회사,의무,2025,1184798939.0,595626053228.0,0.0019891657401132357,5천억~1조
127980,(주)화인써키트,중소,False,비대상,262,,,,,,,
373110,(주)엑셀세라퓨틱스,중소,False,비대상,211,,,,,,,
234920,자이글(주),중소,False,2차(2028),28511,,,,,,,
484810,주식회사 티엑스알로보틱스,중소,False,2차 후보(확인 필요),291,,,,,,,
025860,남해화학(주),대기업,False,1차(2027),20312,남해화학(주),의무,2025,3230229261.0,1600248827684.0,0.0020185793641074117,1조~5조
482630,(주)삼양엔씨켐,중견,False,비대상,20499,,,,,,,
382800,(주)지앤비에스 에코,중소,False,비대상,29271,,,,,,,
030530,(주)원익홀딩스,중견,True,비대상,201,주식회사 원익홀딩스,자율,2025,3902515515.0,234868850435.0,0.016615721956198794,3천억 미만
033050,제이엠아이(주),중소,False,비대상,204,,,,,,,
200710,(주)에이디테크놀로지,중소,False,비대상,2611,,,,,,,
001630,(주)종근당홀딩스,중소,True,비대상,212,,,,,,,
065690,(주)파커스,중소,False,비대상,221,,,,,,,
074430,(주)아미노로직스,중소,False,비대상,211,,,,,,,
457600,(주)벡트,중소,False,비대상,26519,,,,,,,
023150,(주)MH에탄올,중소,False,비대상,11121,,,,,,,
065130,(주)탑엔지니어링,중견,False,비대상,29272,,,,,,,
008040,사조동아원(주),중견,False,비대상,105,사조동아원(주),의무,2025,1041777119.0,674263587949.0,0.0015450591395108793,5천억~1조
013890,(주)지누스,대기업,False,2차 후보(확인 필요),320,주식회사 지누스,의무,2025,9154933544.0,387591850838.0,0.023620036190663992,3천억~5천억
088800,(주)에이스테크놀로지,중견,False,비대상,2642,,,,,,,
217190,제너셈(주),중소,False,비대상,29271,,,,,,,
122310,(주)제노레이,중견,False,비대상,27111,,,,,,,
227950,(주)엔투텍,중소,False,2차 후보(확인 필요),292,,,,,,,
239890,(주)피엔에이치테크,중소,False,비대상,20119,,,,,,,
162300,주식회사 신스틸,중견,False,1차(2027),241,,,,,,,
265520,에이피시스템(주),중견,False,비대상,29272,에이피시스템(주),의무,2025,2543830496.0,455612373698.0,0.005583321794693318,3천억~5천억
448900,한국피아이엠(주),중소,False,2차 후보(확인 필요),303,,,,,,,
209640,와이제이링크(주),중소,False,비대상,29299,,,,,,,
058430,포스코스틸리온(주),대기업,False,1차(2027),2419,포스코스틸리온 주식회사,의무,2025,2968838692.0,1093988999026.0,0.0027137738081856543,1조~5조
003670,(주)포스코퓨처엠,대기업,False,비대상,282,(주) 포스코퓨처엠,의무,2025,20544020315.0,2676968855833.0,0.007674359105910203,1조~5조
027740,(주)마니커,중견,False,비대상,1012,(주)마니커,의무,2025,690584233.0,368893636288.0,0.0018720415997115548,3천억~5천억
058650,(주)세아홀딩스,대기업,True,1차(2027),241,,,,,,,
195870,해성디에스(주),중견,False,비대상,262,해성디에스 주식회사,의무,2025,11552901380.0,644987651316.0,0.017911817933921756,5천억~1조
298050,에이치에스효성첨단소재(주),대기업,False,비대상,205,에이치에스효성첨단소재(주),의무,2025,4268091589.0,488052782230.0,0.008745143444318317,3천억~5천억
206650,(주)유바이오로직스,중견,False,비대상,212,,,,,,,
413390,(주)엠오티,중소,False,비대상,29299,,,,,,,
001790,대한제당(주),중견,False,비대상,105,대한제당(주),의무,2025,1474826215.0,1040646851000.0,0.0014172206580770213,1조~5조
002680,(주)한탑,중소,False,비대상,105,,,,,,,
001680,대상(주),중견,False,비대상,108,대상 주식회사,의무,2025,30705004724.0,3528856015820.0,0.008701121436054138,1조~5조
027710,(주)팜스토리,중견,False,비대상,109,(주)팜스토리,의무,2025,392421743.0,1332721783396.0,0.00029445136103354084,1조~5조
033200,(주)모아텍,중소,False,비대상,2629,,,,,,,
035810,(주)이지홀딩스,중견,True,비대상,109,,,,,,,
006980,(주)우성,중소,False,비대상,105,,,,,,,
352090,(주)스톰테크,중소,False,비대상,22211,,,,,,,
002960,한국쉘석유(주),중견,False,비대상,19221,한국쉘석유 주식회사,의무,2025,893970936.0,344959163929.0,0.0025915268515203102,3천억~5천억
004920,(주)씨아이테크,중소,False,비대상,26529,,,,,,,
065710,서호전기(주),중소,False,비대상,28123,,,,,,,
317240,(주)티에스트릴리온,중소,False,비대상,204,,,,,,,
064520,(주)테크엘,중소,False,비대상,2612,,,,,,,
052710,(주)아모텍,중견,False,비대상,2629,,,,,,,
313760,(주)캐리,중소,False,2차(2028),2811,,,,,,,
318410,비비씨 주식회사,중소,False,비대상,204,,,,,,,
285800,(주)진영,중소,False,비대상,2221,,,,,,,
002600,(주)조흥,중견,False,비대상,108,(주)조흥,의무,2025,992599729.0,481716330314.0,0.0020605482242069474,3천억~5천억
099320,주식회사쎄트렉아이,중견,False,비대상,3131,,,,,,,
092040,아미코젠(주),중소,False,비대상,108,,,,,,,
260970,(주)에스앤디,중소,False,비대상,108,,,,,,,
101530,해태제과식품주식회사,중견,False,비대상,108,해태제과식품(주),의무,2025,3196206465.0,597709502110.0,0.005347424549412272,5천억~1조
110990,디아이티(주),중소,False,비대상,29272,,,,,,,
170900,동아에스티(주),중견,False,비대상,212,동아에스티(주),의무,2025,14781521614.0,745140777481.0,0.019837220107547942,5천억~1조
413630,씨피시스템(주),중소,False,비대상,222,,,,,,,
160190,하이젠알앤엠 주식회사,중소,False,2차(2028),28111,,,,,,,
222980,한국맥널티(주),중소,False,비대상,108,,,,,,,
136490,(주)선진,대기업,False,비대상,109,주식회사 선진,의무,2025,7113607721.0,990913890530.0,0.007178835405360215,5천억~1조
318010,주식회사 팜스빌,중소,False,비대상,108,,,,,,,
248170,샘표식품(주),중견,False,비대상,108,샘표식품 주식회사,의무,2025,3478516827.0,396010099635.0,0.008783909375559177,3천억~5천억
264900,(주)크라운제과,중견,False,비대상,106,(주)크라운제과,의무,2025,1622808096.0,444838419779.0,0.0036480843916454576,3천억~5천억
009450,(주)경동나비엔,중견,False,비대상,28520,주식회사 경동나비엔,의무,2025,27780926703.0,1263544598017.0,0.02198650268981343,1조~5조
017890,한국알콜산업(주),중견,False,비대상,204,,,,,,,
023410,유진기업(주),중견,False,비대상,23322,유진기업 (주),의무,2025,7647846917.0,746219587758.0,0.010248788751281355,5천억~1조
005850,에스엘(주),중견,False,2차 후보(확인 필요),303,에스엘 주식회사,의무,2025,42637327101.0,2969029410392.0,0.014360695435270413,1조~5조
047770,(주)코데즈컴바인,중소,False,비대상,141,,,,,,,
092460,한라아이엠에스(주),중소,False,비대상,31114,,,,,,,
126880,제이엔케이글로벌(주),중견,False,2차 후보(확인 필요),291,,,,,,,
353190,(주)휴럼,중소,False,비대상,108,,,,,,,
011040,경동제약(주),중견,False,비대상,212,,,,,,,
014570,고려제약(주),중소,False,비대상,212,,,,,,,
023910,대한약품공업(주),중견,False,비대상,212,,,,,,,
006620,(주)동구바이오제약,중견,False,비대상,212,,,,,,,
086450,동국제약(주),중견,False,비대상,212,동국제약(주),의무,2025,8233420526.0,766904458040.0,0.010735914284606445,5천억~1조
083450,(주)글로벌스탠다드테크놀로지,중견,False,비대상,29271,글로벌스탠다드테크놀로지,의무,2025,4966895700.0,337312845528.0,0.014724893421195555,3천억~5천억
005010,(주)휴스틸,중견,False,1차(2027),2413,주식회사 휴스틸,의무,2025,1101618707.0,461857122739.0,0.00238519371633148,3천억~5천억
200670,(주)휴메딕스,중견,False,비대상,212,,,,,,,
222040,코스맥스엔비티(주),중견,False,비대상,108,,,,,,,
092440,기신정기(주),중소,False,비대상,29293,,,,,,,
450330,(주)하스,중소,False,비대상,21309,,,,,,,
246960,(주)에스씨엘사이언스,중소,False,비대상,213,,,,,,,
035150,(주)백산,중견,False,비대상,22214,,,,,,,
001540,안국약품(주),중견,False,비대상,212,,,,,,,
372910,주식회사 한컴라이프케어,중견,False,2차 후보-약,27199,,,,,,,
003000,부광약품(주),대기업,False,비대상,212,,,,,,,
001360,삼성제약(주),중소,False,비대상,212,,,,,,,
009300,삼아제약(주),중견,False,비대상,212,,,,,,,
002800,신신제약(주),중견,False,비대상,212,,,,,,,
012790,신일제약(주),중견,False,비대상,212,,,,,,,
003520,영진약품(주),대기업,False,비대상,212,영진약품주식회사,자율,2025,1284290000.0,254255894053.0,0.005051171005429231,3천억 미만
000220,(주)유유제약,중견,False,비대상,212,,,,,,,
033270,한국유나이티드제약(주),중견,False,비대상,212,,,,,,,
002390,(주)한독,중견,False,비대상,212,(주)한독,의무,2025,11263542125.0,520261293469.0,0.02164977919056195,5천억~1조
005720,(주)넥센,중견,False,비대상,221,(주)넥센,의무,2025,2280809175.0,580785146202.0,0.003927113477187178,5천억~1조
137310,에스디바이오센서(주),중견,False,비대상,27112,,,,,,,
004710,한솔테크닉스(주),중견,False,비대상,26299,한솔테크닉스(주),의무,2025,3005855754.0,549743934298.0,0.005467737916632681,5천억~1조
004310,현대약품(주),중견,False,비대상,212,,,,,,,
016580,환인제약(주),중견,False,비대상,212,,,,,,,
067080,대화제약(주),중견,False,비대상,212,,,,,,,
053030,(주)바이넥스,중견,False,비대상,212,,,,,,,
034940,조아제약(주),중소,False,비대상,212,,,,,,,
200780,(주)비씨월드제약,중소,False,비대상,212,,,,,,,
068760,(주)셀트리온제약,대기업,False,비대상,212,(주)셀트리온제약,의무,2025,3639496938.0,536400308882.0,0.006785038855748747,5천억~1조
330350,위더스제약(주),중견,False,비대상,212,,,,,,,
161390,한국타이어앤테크놀로지(주),대기업,False,비대상,221,한국타이어앤테크놀로지(주),의무,2025,43409325779.0,3648437885609.0,0.011898058056634308,1조~5조
126730,코칩(주),중소,False,비대상,2629,,,,,,,
185750,(주)종근당,중견,False,비대상,212,(주) 종근당,의무,2025,11311719004.0,1681192200410.0,0.006728391317329071,1조~5조
195940,에이치케이이노엔 주식회사,중견,False,비대상,212,에이치케이이노엔(주),의무,2025,8936998362.0,1063151055391.0,0.008406141645331103,1조~5조
008830,대동기어(주),중견,False,2차 후보(확인 필요),292,,,,,,,
009520,(주)포스코엠텍,대기업,False,1차(2027),24199,(주) 포스코엠텍,의무,2025,2793895809.0,357432185147.0,0.007816575913137098,3천억~5천억
046890,서울반도체(주),중견,False,비대상,2612,서울반도체 주식회사,의무,2025,5119916443.0,756089894386.0,0.006771571053938956,5천억~1조
023160,(주)태광,중견,False,1차(2027),2413,,,,,,,
092220,(주)케이이씨,중견,False,비대상,2612,,,,,,,
192820,코스맥스(주),중견,False,비대상,20423,코스맥스(주),의무,2025,17346982064.0,1526414620755.0,0.01136452824031506,1조~5조
336260,두산퓨얼셀 주식회사,대기업,False,2차(2028),28111,두산퓨얼셀 주식회사,의무,2025,8037131228.0,454852507957.0,0.017669752474487398,3천억~5천억
092190,서울바이오시스(주),중견,False,비대상,2612,,,,,,,
311320,(주)지오엘리먼트,중소,False,비대상,262,,,,,,,
066700,(주)테라젠이텍스,중견,False,비대상,212,,,,,,,
039020,(주)이건홀딩스,중소,True,비대상,161,,,,,,,
147830,제룡산업(주),중소,False,2차 후보(확인 필요),251,,,,,,,
014580,(주)태경비케이,중견,False,비대상,23312,,,,,,,
365340,성일하이텍 주식회사,중견,False,비대상,201,,,,,,,
011700,한신기계공업(주),중소,False,2차 후보(확인 필요),29132,,,,,,,
009780,(주)엠에스씨,중견,False,비대상,108,,,,,,,
000670,(주)영풍,대기업,False,비대상,24213,영풍,의무,2025,1775282890.0,1192666327316.0,0.0014884992133509225,1조~5조
033170,시그네틱스(주),대기업,False,비대상,2612,,,,,,,
004090,한국석유공업(주),중견,False,비대상,23999,한국석유공업(주),의무,2025,828266994.0,369560363319.0,0.0022412224800337963,3천억~5천억
437730,(주)삼현,중소,False,2차 후보(확인 필요),303,,,,,,,
031510,(주)오스템,중소,False,2차 후보(확인 필요),303,,,,,,,
006110,삼아알미늄(주),중견,False,1차(2027),24222,,,,,,,
008700,아남전자(주),중소,False,비대상,265,,,,,,,
025000,KPX케미칼(주),중견,False,비대상,20119,KPX케미칼(주),의무,2025,3807687299.0,613426770079.0,0.006207240186973953,5천억~1조
096530,(주)씨젠,중견,False,비대상,2130,주식회사 씨젠,의무,2025,41417280897.0,345322484874.0,0.11993797887824242,3천억~5천억
420570,주식회사 제이투케이바이오,중소,False,비대상,20423,,,,,,,
011070,엘지이노텍(주),대기업,False,비대상,262,엘지이노텍(주),의무,2025,251396678810.0,21596008000000.0,0.011640886538382463,5조 이상
010140,삼성중공업(주),대기업,False,비대상,3111,삼성중공업(주),의무,2025,101984057692.0,10634952868811.0,0.009589516657952235,5조 이상
000850,화천기공(주),중견,False,2차 후보-약,29223,,,,,,,
163280,㈜에어레인,중소,False,2차 후보(확인 필요),29175,,,,,,,
069330,(주)유아이디,중소,False,비대상,26211,,,,,,,
190510,(주)나무가,중견,False,비대상,262,(주) 나무가,의무,2025,772729936.0,345652437683.0,0.0022355691780443204,3천억~5천억
238200,주식회사 비피도,중소,False,비대상,108,,,,,,,
199820,제일일렉트릭(주),중소,False,비대상,28123,,,,,,,
002240,고려제강(주),중견,False,1차(2027),2411,고려제강(주),의무,2025,3676089106.0,562153886362.0,0.0065392932347936765,5천억~1조
016090,(주)대현,중견,False,비대상,14112,,,,,,,
108320,(주)엘엑스세미콘,대기업,False,비대상,2612,주식회사 엘엑스세미콘,의무,2025,30276238589.0,1639070665791.0,0.01847158833410576,1조~5조
033240,자화전자(주),중견,False,비대상,26292,자화전자주식회사,의무,2025,7059223529.0,791892619718.0,0.008914369642078306,5천억~1조
171120,(주)라이온켐텍,중소,False,비대상,2049,,,,,,,
056090,(주)시지메드텍,중소,False,2차 후보-약,27192,,,,,,,
131290,(주)티에스이,중견,False,2차 후보-약,27212,티 에스 이,의무,2025,3578999426.0,311150388580.0,0.011502474550436893,3천억~5천억
134790,(주)시디즈,중견,False,비대상,32029,,,,,,,
088390,(주)이녹스,중소,False,비대상,319,,,,,,,
109610,에스와이(주),중견,False,1차(2027),25112,에스와이주식회사,의무,2025,417860857.0,342919596684.0,0.001218538867538265,3천억~5천억
086390,(주)유니테스트,중소,False,비대상,29271,,,,,,,
360350,주식회사 코셈,중소,False,2차 후보-약,27219,,,,,,,
471820,(주)셀로맥스사이언스,중소,False,비대상,10897,,,,,,,
019990,(주)에너토크,중소,False,2차 후보(확인 필요),29133,,,,,,,
015710,(주)코콤,중견,False,비대상,26410,,,,,,,
007610,선도전기(주),중소,False,비대상,28123,,,,,,,
000970,한국주철관공업(주),중소,False,1차(2027),24131,,,,,,,
041650,상신브레이크(주),중견,False,2차 후보(확인 필요),303,상신브레이크(주),의무,2025,2739503394.0,389018846221.0,0.00704208400341535,3천억~5천억
096630,주식회사에스코넥,중소,False,비대상,26422,,,,,,,
432980,엠에프씨(주),중소,False,비대상,21100,,,,,,,
272290,(주)이녹스첨단소재,중견,False,비대상,2629,주식회사 이녹스첨단소재,의무,2025,3556347850.0,397080900924.0,0.008956229931292196,3천억~5천억
063440,(주)에스엠라이프디자인그룹,대기업,False,비대상,182,,,,,,,
004560,현대비앤지스틸(주),대기업,False,1차(2027),24122,현대비앤지스틸 주식회사,의무,2025,8815017527.0,739197686220.0,0.011925115150288058,5천억~1조
445180,(주)퓨릿,중견,False,비대상,20119,,,,,,,
217730,주식회사 강스템바이오텍,중소,False,비대상,211,,,,,,,
048870,(주)시너지이노베이션,중소,False,2차 후보-약,271,,,,,,,
036010,아비코전자(주),중소,False,비대상,26293,,,,,,,
304840,(주)피플바이오,중소,False,비대상,213,,,,,,,
218150,(주)미래생명자원,중소,False,비대상,109,,,,,,,
376900,주식회사 로킷헬스케어,중소,False,비대상,21309,,,,,,,
336680,(주)탑런토탈솔루션,중견,False,비대상,262,,,,,,,
456040,OCI(주),대기업,False,비대상,20129,오씨아이 주식회사,의무,2025,12341177296.0,1794178493000.0,0.006878455707806771,1조~5조
001560,제일연마공업(주),중소,False,비대상,23992,,,,,,,
065450,(주)빅텍,중소,False,2차 후보-약,27211,,,,,,,
000020,동화약품(주),중견,False,비대상,212,동화약품(주),의무,2025,3059071171.0,388660153296.0,0.007870812443873658,3천억~5천억
309710,(주)아이티켐,중소,False,비대상,21100,,,,,,,
011210,현대위아(주),대기업,False,2차 후보(확인 필요),303,현대위아(주),의무,2025,30095775825.0,7278797000000.0,0.004134718391651807,5조 이상
085310,(주)엔케이,중소,False,2차 후보(확인 필요),2512,,,,,,,
089140,(주)넥스턴앤롤코리아,중소,False,2차 후보(확인 필요),292,,,,,,,
160980,(주)싸이맥스,중견,False,비대상,29271,,,,,,,
096770,SK이노베이션(주),대기업,False,비대상,192,SK이노베이션 (주),의무,2025,51987726117.0,4850904693000.0,0.010717119672959116,1조~5조
0017J0,주식회사 세미티에스,판정불가,False,비대상,29299,,,,,,,
459550,(주)알트,중견,False,비대상,264,,,,,,,
225530,(주)에이치씨보광산업,중소,False,비대상,239,,,,,,,
060480,국일신동(주),중소,False,비대상,24221,,,,,,,
148930,(주)에이치와이티씨,중소,False,비대상,25924,,,,,,,
017250,(주)인터엠,중소,False,비대상,265,,,,,,,
217480,(주)에스디생명공학,중소,False,비대상,20423,,,,,,,
200470,(주)에이팩트,중소,False,비대상,261,,,,,,,
182400,(주)엔케이젠바이오텍코리아,중소,False,비대상,211,,,,,,,
073570,(주)리튬포어스,중소,False,비대상,339,,,,,,,
034020,두산에너빌리티(주),대기업,False,1차(2027),29119,두산에너빌리티 (주),의무,2025,79877601764.0,7117023000000.0,0.011223457021847478,5조 이상
005380,현대자동차(주),대기업,False,비대상,30121,현대자동차(주),의무,2025,693590307180.0,78766791000000.0,0.008805618438613298,5조 이상
095610,(주)테스,중견,False,비대상,29271,주식회사 테스,의무,2025,1412354741.0,347392290853.0,0.004065590337459854,3천억~5천억
263690,(주)디알젬,중견,False,비대상,27111,,,,,,,
125490,(주)한라캐스트,중소,False,2차 후보(확인 필요),303,,,,,,,
290670,대보마그네틱(주),중소,False,비대상,28909,,,,,,,
103840,(주)우양,중견,False,비대상,103,,,,,,,
051900,(주)LG생활건강,대기업,False,비대상,20422,(주)엘지생활건강,의무,2025,74045561340.0,3040730093373.0,0.02435124429536699,1조~5조
043100,(주)알파에이아이,중소,False,2차 후보-약,27192,,,,,,,
086820,주식회사 바이오솔루션,중소,False,비대상,211,,,,,,,
305090,(주)마이크로디지탈,중소,False,2차 후보-약,271,,,,,,,
489790,한화비전(주),대기업,False,비대상,264,한화비전,의무,2025,96400930929.0,821603769063.0,0.11733262986237353,5천억~1조
104480,(주)티케이케미칼,대기업,False,비대상,20501,주식회사 티케이케미칼,의무,2025,570689111.0,345756223802.0,0.0016505534006722887,3천억~5천억
094940,(주)푸른로보틱스,중소,False,비대상,263,,,,,,,
138080,(주)오이솔루션,중소,False,비대상,26410,,,,,,,
000860,강남제비스코(주),중견,False,비대상,20411,,의무,2024,1026766631.0,313072053266.0,0.0032796495895710412,3천억~5천억
016590,신대양제지(주),중견,False,비대상,172,,,,,,,
097780,에코볼트(주),중견,False,2차 후보(확인 필요),303,,,,,,,
311390,(주)네오크레마,중소,False,비대상,108,,,,,,,
307180,(주)아이엘,중소,False,비대상,284,,,,,,,
024900,디와이덕양(주),중견,False,2차 후보(확인 필요),303,디와이덕양(주),의무,2025,2749290293.0,1723701715475.0,0.0015949919109074964,1조~5조
011330,(주)유니켐,중소,False,2차 후보(확인 필요),303,,,,,,,
069260,티케이지휴켐스(주),중견,False,비대상,2049,티케이지휴켐스,의무,2025,2870090726.0,1082236125709.0,0.0026520004810592804,1조~5조
065770,(주)씨에스,중소,False,비대상,2642,,,,,,,
228850,(주)레이언스,중견,False,비대상,27111,,,,,,,
110790,(주)크리스에프앤씨,중견,False,비대상,1419,주식회사 크리스에프앤씨,의무,2025,769948682.0,314218387790.0,0.002450361633560974,3천억~5천억
048770,(주)티피씨로보틱스,중소,False,비대상,29142,,,,,,,
095190,(주)신화프리텍,중소,False,2차 후보(확인 필요),259,,,,,,,
188040,(주)바이오포트코리아,중소,False,비대상,108,,,,,,,
025560,미래산업(주),중소,False,2차 후보-약,27219,,,,,,,
222110,(주)팬젠,중소,False,비대상,212,,,,,,,
040910,(주)아이씨디,중소,False,비대상,29271,,,,,,,
123840,(주)뉴온,중소,False,비대상,108,,,,,,,
452280,한선엔지니어링(주),중소,False,2차 후보(확인 필요),259,,,,,,,
011280,태림포장(주),중견,False,비대상,1721,태림포장(주),의무,2025,2534357892.0,713412669000.0,0.0035524430699449775,5천억~1조
0008Z0,에스엔시스(주),중소,False,비대상,28123,,,,,,,
042660,한화오션(주),대기업,False,비대상,3111,한화오션(주),의무,2025,89945053922.0,12903594354486.0,0.006970542583023012,5조 이상
393970,대진첨단소재(주),중소,False,비대상,22213,,,,,,,
060260,(주)뉴보텍,중소,False,비대상,22211,,,,,,,
099520,(주)디지아이티엑스,중소,False,비대상,26519,,,,,,,
101160,(주)월덱스,중견,False,비대상,262,,,,,,,
032820,(주)우리기술,중소,False,2차 후보(확인 필요),281,,,,,,,
003830,대한화섬(주),중견,False,비대상,20501,,,,,,,
123330,(주)제닉,중소,False,비대상,204,,,,,,,
039240,경남스틸(주),중견,False,1차(2027),24199,경남스틸(주),의무,2025,68881443.0,357139177502.0,0.00019287002753881367,3천억~5천억
439090,(주)마녀공장,중소,False,비대상,204,,,,,,,
336370,솔루스첨단소재 주식회사,중견,False,비대상,26299,솔루스첨단소재,자율,2025,5323993952.0,124091735705.0,0.04290369476865558,3천억 미만
036170,(주)에이치엠넥스,중소,False,비대상,2612,,,,,,,
067290,제이더블유신약(주),중견,False,비대상,212,,,,,,,
368770,(주)파이버프로,중소,False,2차 후보-약,27219,,,,,,,
149980,(주)하이로닉,중소,False,2차 후보-약,27199,,,,,,,
005680,삼영전자공업(주),중견,False,비대상,26291,,,,,,,
250930,(주)예선테크,중소,False,비대상,22291,,,,,,,
007160,사조산업(주),중견,False,비대상,102,사조산업(주),의무,2025,2541043570.0,478608273836.0,0.005309234522073295,3천억~5천억
036220,(주)오상헬스케어,중견,False,2차 후보-약,271,,,,,,,
040610,(주)에스지엔지,중소,False,2차 후보(확인 필요),303,,,,,,,
377220,주식회사 프롬바이오,중소,False,비대상,108,,,,,,,
036480,(주)대성미생물연구소,중소,False,비대상,21230,,,,,,,
071670,에이테크솔루션(주),중견,False,비대상,29293,,,,,,,
214370,(주)케어젠,중소,False,비대상,211,,,,,,,
027050,(주)코리아나화장품,중소,False,비대상,20423,,,,,,,
361670,주식회사 삼영에스앤씨,중소,False,비대상,2629,,,,,,,
084850,(주)아이티엠반도체,중견,False,비대상,2629,주식회사 아이티엠반도체,의무,2025,1577591517.0,512406126111.0,0.0030787912880226847,5천억~1조
081150,(주)티플랙스,중견,False,2차 후보(확인 필요),242,,,,,,,
211270,에이피위성(주),중소,False,비대상,264,에이피위성주식회사,의무,2025,1372461505.0,47812373057.0,0.028705153441428356,3천억 미만
352700,주식회사 씨앤투스,중소,False,비대상,205,,,,,,,
306200,(주)세아제강,대기업,False,1차(2027),2413,(주)세아제강,의무,2025,11197653511.0,1372127828938.0,0.008160794697726351,1조~5조
016380,KG스틸(주),중견,False,1차(2027),24122,케이지스틸 주식회사,의무,2025,12629078198.0,2926388205392.0,0.004315585394559192,1조~5조
078150,(주)에이치비테크놀러지,중견,False,비대상,29272,,,,,,,
033530,에스제이지세종(주),중견,False,2차 후보(확인 필요),303,에스제이지세종,의무,2025,4088093799.0,562029556108.0,0.007273805718171927,5천억~1조
010690,(주)화신,중견,False,2차 후보(확인 필요),30391,(주)화신,의무,2025,5156319004.0,1114907012807.0,0.004624887048667801,1조~5조
072020,(주)중앙백신연구소,중소,False,비대상,211,,,,,,,
023000,(주)삼원강재,대기업,False,2차 후보(확인 필요),303,(주)삼원강재,의무,2025,719672906.0,359287042852.0,0.002003058335439201,3천억~5천억
059270,해성에어로보틱스(주),중소,False,2차 후보(확인 필요),259,,,,,,,
086670,(주)비엠티,중견,False,2차 후보(확인 필요),29133,,,,,,,
079430,(주)현대리바트,대기업,False,비대상,32029,(주)현대리바트,의무,2025,8512811713.0,1477292211832.0,0.005762442694017323,1조~5조
071970,에이치디현대마린엔진(주),대기업,False,2차 후보(확인 필요),29119,에이치디현대마린엔진,의무,2025,2126045978.0,379847863143.0,0.005597098692114045,3천억~5천억
102710,(주)이엔에프테크놀로지,중견,False,비대상,2049,주식회사 이엔에프테크놀로지,의무,2025,2674181795.0,598981663495.0,0.004464547010331515,5천억~1조
062040,산일전기(주),중견,False,2차(2028),28112,산일전기,의무,2025,1664544868.0,501946220880.0,0.003316181691898706,5천억~1조
332570,(주)피에스일렉트로닉스,중소,False,비대상,26299,,,,,,,
440110,(주)파두,중소,False,비대상,26112,,,,,,,
049080,(주)기가레인,중소,False,비대상,262,,,,,,,
487580,(주)폴레드,판정불가,False,2차(2028),28519,,,,,,,
464490,주식회사 쿼드메디슨,중소,False,비대상,211,,,,,,,
387570,주식회사 파인메딕스,중소,False,2차 후보-약,27199,,,,,,,
457370,(주)한켐,중소,False,비대상,20119,,,,,,,
270870,(주)뉴트리,중소,False,비대상,108,,,,,,,
072950,빛샘전자(주),중소,False,비대상,262,,,,,,,
079960,동양이엔피(주),중견,False,2차(2028),2811,동양이엔피 주식회사,의무,2025,1180702523.0,540648656071.0,0.0021838628649896168,5천억~1조
068940,(주)셀피글로벌,중소,False,비대상,26293,,,,,,,
357580,주식회사 아모센스,중견,False,비대상,262,,,,,,,
097950,CJ제일제당(주),대기업,False,비대상,108,CJ제일제당㈜,의무,2025,77970209076.0,7281140720000.0,0.010708515612372342,5조 이상
241790,티이엠씨씨엔에스(주),중소,False,2차 후보(확인 필요),292,,,,,,,
108670,(주)엘엑스하우시스,대기업,False,비대상,2222,주식회사 엘엑스하우시스,의무,2025,44454649162.0,2642115000000.0,0.01682540281630436,1조~5조
257370,(주)피엔티 엠에스,중소,False,2차 후보(확인 필요),292,,,,,,,
285130,에스케이케미칼(주),대기업,False,비대상,20202,에스케이케미칼(주),의무,2025,26699334578.0,1440380625560.0,0.01853630499064764,1조~5조
002170,에스와이티에스(주),대기업,False,비대상,15110,,,,,,,
007820,(주)엠엑스로보틱스,중견,False,2차(2028),29169,,,,,,,
347890,(주)엠엑스온,중소,False,2차 후보-약,27216,,,,,,,
475400,씨메스로보틱스(주),중소,False,비대상,29299,,,,,,,
039010,현대에이치티(주),중견,False,비대상,26410,,,,,,,
189860,(주)서전기전,중소,False,비대상,28123,,,,,,,
381620,제닉스로보틱스(주),중소,False,비대상,29299,,,,,,,
039610,화성밸브(주),중소,False,2차 후보(확인 필요),29133,,,,,,,
083420,그린케미칼(주),중견,False,비대상,20421,그린케미칼,의무,2025,470387032.0,304057102221.0,0.0015470351738671286,3천억~5천억
003850,(주)보령,중견,False,비대상,212,보령,의무,2025,8554353365.0,967810858971.0,0.008838868964639637,5천억~1조
019490,(주)엑시큐어하이트론,중소,False,비대상,265,,,,,,,
000910,(주)유니온,중견,False,1차(2027),23311,,,,,,,
198940,한주라이트메탈(주),중견,False,1차(2027),24212,,,,,,,
000990,주식회사 DB하이텍,대기업,False,비대상,2611,주식회사 디비하이텍,의무,2025,19559794970.0,1213775673521.0,0.016114835217663957,1조~5조
119850,(주)지엔씨에너지,중소,False,2차(2028),28111,,,,,,,
104700,한국철강(주),중견,False,1차(2027),2411,한국철강주식회사,의무,2025,2221156943.0,486605490510.0,0.004564594905561087,3천억~5천억
298540,(주)더네이쳐홀딩스,중견,True,비대상,144,(주) 더네이쳐홀딩스,의무,2025,3574223557.0,384562437416.0,0.009294260721396426,3천억~5천억
154040,(주)다산솔루에타,중소,False,비대상,2629,,,,,,,
090470,(주)제이스로보틱스,중소,False,비대상,29271,,,,,,,
215790,(주)이노인스트루먼트,중소,False,비대상,264,,,,,,,
307750,(주)국전,중견,False,비대상,212,,,,,,,
226320,(주)잇츠한불,중소,False,비대상,20423,,,,,,,
005420,코스모화학(주),중견,False,비대상,2049,,,,,,,
459510,(주)나우로보틱스,중소,False,2차(2028),29280,,,,,,,
025550,한국선재(주),중소,False,1차(2027),24123,,,,,,,
092780,디와이피(주),중견,False,2차 후보(확인 필요),301,디와이피(주),의무,2025,971938956.0,374959053687.0,0.0025921202500455787,3천억~5천억
457190,주식회사 이수스페셜티케미컬,중견,False,비대상,20111,이수스페셜티케미컬,의무,2025,2991431371.0,411470361000.0,0.007270101699986114,3천억~5천억
001340,피케이씨(주),중견,False,비대상,20131,,,,,,,
183490,(주)엔지켐생명과학,중소,False,비대상,211,,,,,,,
007980,티피(주),중견,False,비대상,141,티피(주),의무,2025,2161350315.0,763138039835.0,0.0028321878902371465,5천억~1조
066570,LG전자(주),대기업,False,비대상,264,엘지전자(주),의무,2025,710400590316.0,29554826000000.0,0.02403670352571184,5조 이상
032580,(주)피델릭스,중소,False,비대상,2611,,,,,,,
213500,한솔제지(주),중견,False,비대상,171,한솔제지(주),의무,2025,13913497469.0,2169056497597.0,0.0064145389870730145,1조~5조
041910,(주)폴라리스에이아이파마,중소,False,비대상,212,,,,,,,
272550,주식회사 삼양패키징,중견,False,비대상,22232,(주)삼양패키징,의무,2025,3724971857.0,418914127885.0,0.008891969998258394,3천억~5천억
298020,효성티앤씨(주),대기업,False,비대상,2050,효성티앤씨(주),의무,2025,5727076289.0,4325171696629.0,0.001324126922744739,1조~5조
419540,주식회사 비스토스,중소,False,2차 후보-약,27199,,,,,,,
215090,(주)솔디펜스,중소,False,2차 후보-약,272,,,,,,,
100840,SNT에너지(주),중견,False,2차 후보(확인 필요),29176,,,,,,,
085670,(주)뉴프렉스,중견,False,비대상,2622,,,,,,,
004870,(주)티웨이홀딩스,중견,True,비대상,23325,,,,,,,
271560,(주)오리온,중견,False,비대상,108,(주)오리온,의무,2025,8766974901.0,1145838309534.0,0.007651144867520997,1조~5조
084010,대한제강(주),중견,False,1차(2027),2411,대한제강 주식회사,의무,2025,3585570399.0,731269024453.0,0.004903216571605859,5천억~1조
005070,코스모신소재(주),중견,False,비대상,204,코스모신소재(주),의무,2025,1368182508.0,456295847107.0,0.0029984548767527253,3천억~5천억
246710,(주)티앤알바이오팹,중소,False,비대상,21100,,,,,,,
101490,(주)에스앤에스텍,중견,False,비대상,2629,,,,,,,
458650,(주)성우,중소,False,비대상,282,,,,,,,
288180,케이피항공산업(주),중소,False,비대상,31322,,,,,,,
037460,삼지전자(주),중소,False,비대상,2642,,,,,,,
019540,(주)일지테크,중견,False,2차 후보(확인 필요),303,일지테크,의무,2025,1776986671.0,443620147723.0,0.004005649157552612,3천억~5천억
025880,(주)케이씨피드,중소,False,비대상,109,,,,,,,
047810,한국항공우주산업(주),중견,False,비대상,31311,한국항공우주산업주식회사,의무,2025,71381437254.0,3625239285458.0,0.01969013122536046,1조~5조
064760,(주)티씨케이,중견,False,비대상,23999,(주)티씨케이,의무,2025,1474380424.0,301334302844.0,0.0048928396471452605,3천억~5천억
480370,(주)씨케이솔루션,중견,False,2차 후보(확인 필요),29172,,,,,,,
484120,(주)도우인시스,중소,False,비대상,26211,,,,,,,
267790,(주)배럴,중소,False,비대상,1419,,,,,,,
009830,한화솔루션(주),대기업,False,비대상,20111,한화솔루션(주),의무,2025,92236877219.0,5739541000000.0,0.016070427446898627,5조 이상
234690,(주)녹십자웰빙,중견,False,비대상,212,,,,,,,
290660,(주)다이나믹솔루션,중소,False,2차 후보-약,27199,,,,,,,
460940,(주)피앤에스로보틱스,중소,False,2차 후보-약,27199,,,,,,,
0011T0,채비(주),판정불가,False,2차(2028),28119,,,,,,,
131030,(주)옵투스제약,중견,False,비대상,212,,,,,,,
483650,(주)달바글로벌,중견,False,비대상,20423,주식회사 달바글로벌,의무,2025,1118892954.0,502589078688.0,0.002226257993748791,5천억~1조
041520,(주)이엘씨,중소,False,2차 후보-약,272,,,,,,,
071850,(주)캐스텍코리아,중소,False,2차 후보(확인 필요),303,,,,,,,
014830,(주)유니드,대기업,False,비대상,20129,(주)유니드,의무,2025,4019919445.0,601750378042.0,0.006680377099355016,5천억~1조
081000,일진다이아몬드(주),중소,False,비대상,204,,,,,,,
103590,일진전기(주),중견,False,2차(2028),2830,일진전기 주식회사,의무,2025,5737883760.0,2018227476000.0,0.0028430312381695073,1조~5조
271940,일진하이솔루스(주),중소,False,비대상,319,,,,,,,
268280,미원스페셜티케미칼(주),중견,False,비대상,201,미원스페셜티케미칼주식회사,의무,2025,946277546.0,506002585210.0,0.001870104172703541,5천억~1조
475230,(주)엔알비,중소,False,2차 후보(확인 필요),259,,,,,,,
125020,티씨머티리얼즈(주),중견,False,2차 후보(확인 필요),283,,,,,,,
214610,롤링스톤(주),중소,False,2차 후보-약,27199,,,,,,,
068270,(주)셀트리온,대기업,False,비대상,21100,(주)셀트리온,의무,2025,17227456392.0,2928637506047.0,0.005882413359942652,1조~5조
041440,(주)현대에버다임,대기업,False,2차(2028),29241,현대에버다임,자율,2025,2654310511.0,272553841786.0,0.009738664821624764,3천억 미만
011690,(주)와이투솔루션,중견,False,비대상,2611,,,,,,,
016800,(주)퍼시스,중견,False,비대상,32029,(주)퍼시스,의무,2025,3284240424.0,308596578959.0,0.010642504317704516,3천억~5천억
053080,케이엔솔(주),중견,False,2차 후보(확인 필요),291,,,,,,,
061040,(주)알에프텍,중소,False,비대상,2642,,,,,,,
080470,(주)성창오토텍,중소,False,2차 후보(확인 필요),303,,,,,,,
297890,에이치비솔루션(주),중소,False,비대상,29272,,,,,,,
214450,(주)파마리서치,중견,False,비대상,213,파마리서치,의무,2025,3884874281.0,473789922204.0,0.00819957136894796,3천억~5천억
450080,주식회사 에코프로머티리얼즈,중견,False,비대상,28202,에코프로머티리얼즈,의무,2025,2837419707.0,392506172705.0,0.007228981107343118,3천억~5천억
263920,(주)휴엠앤씨,중소,False,비대상,33999,,,,,,,
0004V0,(주)엔비알모션,중소,False,2차 후보(확인 필요),259,,,,,,,
432720,(주)퀄리타스반도체,중소,False,비대상,26112,,,,,,,
016100,(주)리더스코스메틱,중소,False,비대상,172,,,,,,,
145020,휴젤(주),대기업,False,비대상,211,,,,,,,
013810,(주)스페코,중소,False,2차 후보-약,29229,,,,,,,
424960,(주)스마트레이더시스템,중소,False,2차 후보-약,272,,,,,,,
405000,주식회사 플라즈맵,중소,False,2차 후보-약,27199,,,,,,,
002630,(주)오리엔트바이오,중소,False,비대상,212,,,,,,,
001440,대한전선(주),대기업,False,2차(2028),28302,대한전선(주),의무,2025,3721359649.0,3118222633643.0,0.0011934233331673174,1조~5조
159910,(주)에코글로우,중소,False,비대상,204,,,,,,,
352770,주식회사 셀레스트라,중소,False,비대상,213,,,,,,,
298000,효성화학(주),대기업,False,비대상,201,효성화학(주),의무,2025,3591361234.0,1271649340387.0,0.002824175753440838,1조~5조
091340,에스엔케이폴리텍(주),중소,False,비대상,2629,,,,,,,
464500,(주)아이언디바이스,중소,False,비대상,26112,,,,,,,
007570,일양약품(주),중견,False,비대상,212,,,,,,,
064350,현대로템(주),대기업,False,비대상,31910,현대로템 주식회사,의무,2025,36161673817.0,5694994720000.0,0.006349729120907772,5조 이상
117670,(주)알파칩스,중소,False,비대상,2611,,,,,,,
008370,(주)원풍,중소,False,비대상,22212,,,,,,,
494120,주식회사 큐리오시스,중소,False,비대상,273,,,,,,,
002900,주식회사 티와이엠,중견,False,2차(2028),29210,,,,,,,
011320,(주)유니크,중견,False,2차 후보(확인 필요),303,유니크,의무,2025,1588145153.0,424528575466.0,0.0037409617273859875,3천억~5천억
003240,태광산업(주),중견,False,비대상,20501,태광산업(주),의무,2025,9523069421.0,1711255928719.0,0.005564959198200536,1조~5조
059090,(주)미코,중견,False,비대상,261,,,,,,,
115480,(주)씨유메디칼시스템,중소,False,비대상,27112,,,,,,,
172670,(주)에이엘티,중소,False,비대상,2612,,,,,,,
037370,(주)이지,중소,False,비대상,201,,,,,,,
078520,(주)에이블씨엔씨,중견,False,비대상,20423,,,,,,,
004380,삼익THK(주),중견,False,비대상,29141,삼익THK(주),자율,2025,2459506785.0,218571446719.0,0.011252644487282885,3천억 미만
001060,JW중외제약(주),중견,False,비대상,212,제이더블유중외제약 주식회사,의무,2025,10756376765.0,767150151569.0,0.014021214416761458,5천억~1조
488900,주식회사 비츠로넥스텍,중소,False,비대상,31322,,,,,,,
024840,케이비아이메탈(주),중견,False,2차 후보(확인 필요),242,케이비아이메탈 (주),의무,2025,315423786.0,729896666423.0,0.00043214854993898707,5천억~1조
045660,(주)에이텍,중소,False,2차 후보(확인 필요),291,,,,,,,
045970,(주)코아시아,중소,False,비대상,262,,,,,,,
005690,파미셀(주),중소,False,비대상,262,,,,,,,
007460,(주)에이프로젠,중견,False,비대상,212,,,,,,,
098070,(주)한텍,중견,False,2차 후보(확인 필요),251,,,,,,,
106190,(주)하이텍팜,중소,False,비대상,211,,,,,,,
224060,(주)더코디,중소,False,비대상,262,,,,,,,
008350,(주)남선알미늄,대기업,False,1차(2027),24222,,,,,,,
008970,케이비아이동양철관(주),중견,False,1차(2027),2413,,,,,,,
021650,(주)한국큐빅,중소,False,비대상,2229,,,,,,,
388610,(주)지에프씨생명과학,중소,False,비대상,20495,,,,,,,
462510,(주)라메디텍,중소,False,비대상,2711,,,,,,,
005610,(주)삼립,중견,False,비대상,108,주식회사 삼립,의무,2025,8833853109.0,1606120134768.0,0.005500119771723071,1조~5조
006280,(주)녹십자,중견,False,비대상,212,(주)녹십자,의무,2025,23171432638.0,1460353744344.0,0.01586699984695061,1조~5조
067370,선바이오(주),중소,False,비대상,212,,,,,,,
104540,(주)코렌텍,중소,False,비대상,27112,,,,,,,
175250,아이큐어(주),중소,False,비대상,204,,,,,,,
101360,(주)에코앤드림,중소,False,비대상,282,,,,,,,
177350,(주)베셀,중소,False,비대상,222,,,,,,,
003620,케이지모빌리티(주),중견,False,2차 후보(확인 필요),301,케이지모빌리티주식회사,의무,2025,24030773561.0,4243263756974.0,0.00566327594449068,1조~5조
403490,농업회사법인 우듬지팜 주식회사,중소,False,비대상,103,,,,,,,
033780,(주)케이티앤지,대기업,False,비대상,12000,주식회사 케이티앤지,의무,2025,55604069303.0,4145475000000.0,0.01341319614833041,1조~5조
085660,(주)차바이오텍,중견,False,비대상,211,,,,,,,
220100,(주)퓨쳐켐,중소,False,비대상,212,,,,,,,
193250,(주)링크드,중소,False,비대상,2629,,,,,,,
003920,남양유업(주),중견,False,비대상,104,남양유업 주식회사,의무,2025,4853892365.0,879032515798.0,0.005521857585203839,5천억~1조
034220,엘지디스플레이(주),대기업,False,비대상,2621,엘지디스플레이 주식회사,의무,2025,268425962317.0,24115926000000.0,0.011130651268253187,5조 이상
069540,(주)빛과전자,중소,False,비대상,264,,,,,,,
212560,(주)네오오토,중견,False,"2차(2028, 제품명 확인)",303,,,,,,,
446070,(주)유니드비티플러스,대기업,False,비대상,16102,,,,,,,
006740,블루산업개발 주식회사,중소,False,비대상,172,,,,,,,
312610,에이에프더블류(주),중소,False,2차 후보(확인 필요),242,,,,,,,
079190,(주)케스피온,중소,False,비대상,26422,,,,,,,
006400,삼성SDI(주),대기업,False,비대상,28202,삼성에스디아이주식회사,의무,2025,206287174691.0,11455690694760.0,0.01800739738768949,5조 이상
475960,(주)토모큐브,중소,False,비대상,27309,,,,,,,
220260,(주)켐트로스,중소,False,비대상,204,,,,,,,
320000,(주)한울반도체,중소,False,2차 후보(확인 필요),292,,,,,,,
123700,(주)에스제이엠,중소,False,2차 후보(확인 필요),303,,,,,,,
217820,(주)원익피앤이,중견,False,2차 후보(확인 필요),292,원익피앤이,의무,2025,3294528770.0,373765329207.0,0.008814431175277396,3천억~5천억
033920,(주)무학,중견,False,비대상,11122,,,,,,,
153490,우리이앤엘하루틴(주),중견,False,비대상,2612,,,,,,,
238490,(주)힘스,중소,False,비대상,29272,,,,,,,
002820,(주)선앤엘,중견,False,비대상,22232,,,,,,,
373200,(주)엑스플러스,중소,False,비대상,339,,,,,,,
372170,주식회사 윤성에프앤씨,중견,False,2차 후보(확인 필요),292,,,,,,,
011500,(주)한농화성,중견,False,비대상,20421,,,,,,,
115530,(주)씨엔플러스,중소,False,비대상,262,,,,,,,
007310,(주)오뚜기,중견,False,비대상,108,(주)오뚜기,의무,2025,15718167185.0,2988655024536.0,0.0052592778544055295,1조~5조
079810,APS이노베이션 주식회사,중소,False,비대상,289,,,,,,,
079550,엘아이지디펜스앤에어로스페이스(주),중견,False,비대상,25200,엘아이지디펜스앤에어로스페이스 (주),의무,2025,54471427708.0,4289984583062.0,0.012697348126393667,1조~5조
073490,(주)엘아이지아큐버,중견,False,비대상,2642,엘아이지아큐버,의무,2025,30977995246.0,75068036053.0,0.41266558810901516,3천억 미만
364950,(주)에이아이코리아,중소,False,비대상,29271,,,,,,,
298060,풍전약품(주),중소,False,비대상,212,,,,,,,
069730,DSR제강(주),중견,False,1차(2027),24123,,,,,,,
060310,(주)삼에스코리아,중소,False,2차 후보-약,272,,,,,,,
416180,신성에스티(주),중소,False,2차 후보(확인 필요),30399,,,,,,,
161580,주식회사 필옵틱스,중소,False,비대상,2927,,,,,,,
079370,(주)제우스,중견,False,비대상,29271,제우스,자율,2025,2388380933.0,229927990719.0,0.010387517089726114,3천억 미만
493330,(주)지에프아이,중소,False,2차 후보(확인 필요),29192,,,,,,,
318060,주식회사 그래피,중소,False,비대상,20202,,,,,,,
200230,(주)텔콘알에프제약,중소,False,비대상,212,,,,,,,
232680,(주)라온로보틱스,중소,False,2차(2028),29280,,,,,,,
012690,(주)모나리자,중소,False,비대상,17902,,,,,,,
361610,에스케이아이이테크놀로지 주식회사,대기업,False,비대상,282,에스케이아이이테크놀로지주식회사,자율,2025,8689337278.0,175345680000.0,0.04955546824991639,3천억 미만
039560,(주)다산네트웍스,중소,False,비대상,26410,,,,,,,
234030,(주)싸이닉솔루션,중견,False,비대상,26112,,,,,,,
195500,(주)마니커에프앤지,중소,False,비대상,10121,,,,,,,
388720,(주)유일로보틱스,중소,False,2차 후보(확인 필요),292,,,,,,,
141000,(주)비아트론,중소,False,비대상,29272,,,,,,,
060230,제이케이시냅스(주),중소,False,비대상,204,,,,,,,
027580,(주)상보,중소,False,비대상,222,,,,,,,
005180,(주)빙그레,중견,False,비대상,104,(주)빙그레,의무,2025,7677702214.0,1312434176823.0,0.005849971259195154,1조~5조
002100,(주)경농,중견,False,비대상,2032,,,,,,,
032500,(주)케이엠더블유,중소,False,비대상,2642,,,,,,,
058110,(주)멕아이씨에스,중소,False,2차 후보-약,271,,,,,,,
003310,대주산업(주),중소,False,비대상,109,,,,,,,
419080,엔젯 주식회사,중소,False,비대상,29272,,,,,,,
474170,루미르 주식회사,중소,False,비대상,31311,,,,,,,
347000,주식회사 센코,중소,False,2차 후보-약,27212,,,,,,,
331920,주식회사 셀레믹스,중소,False,비대상,211,,,,,,,
041930,SY동아(주),중견,False,비대상,2219,,,,,,,
251120,주식회사 바이오에프디엔씨,중소,False,비대상,2110,,,,,,,
456160,(주)지투지바이오,중소,False,비대상,21212,,,,,,,
357780,솔브레인 주식회사,중견,False,비대상,204,솔브레인 주식회사,의무,2025,7809198744.0,780891546823.0,0.010000362759426904,5천억~1조
412350,레이저쎌 주식회사,중소,False,비대상,29271,,,,,,,
024910,경창산업(주),중견,False,"2차(2028, 제품명 확인)",30331,경창산업 (주),의무,2025,1859437940.0,661212874788.0,0.0028121623321327167,5천억~1조
078350,한양디지텍(주),중견,False,비대상,2611,한양디지텍 주식회사,의무,2025,3729698745.0,651223502117.0,0.005727217664711854,5천억~1조
102260,(주)동성케미컬,중견,False,비대상,20202,주식회사 동성케미컬,의무,2025,3075396996.0,387065153130.0,0.00794542461683988,3천억~5천억
084370,(주)유진테크,중견,False,비대상,29271,,,,,,,
078140,대봉엘에스(주),중소,False,비대상,212,,,,,,,
066970,(주)엘앤에프,중견,False,비대상,28202,(주)엘앤에프,의무,2025,6730856125.0,2149618578656.0,0.003131186244774789,1조~5조
226590,엠디바이스 주식회사,중소,False,비대상,262,,,,,,,
178320,(주)서진시스템,중견,False,비대상,289,(주)서진시스템,의무,2025,1894543860.0,368236024186.0,0.005144917214951912,3천억~5천억
246720,(주)아스타,중소,False,비대상,213,,,,,,,
298380,에이비엘바이오(주),중소,False,비대상,211,,,,,,,
131760,(주)파인텍,중소,False,2차 후보(확인 필요),292,,,,,,,
006570,대림통상(주),중소,False,비대상,25993,,,,,,,
026040,(주)제이에스티나,중소,False,비대상,331,,,,,,,
001130,대한제분(주),중견,False,비대상,105,대한제분(주),의무,2025,2710819376.0,456569839266.0,0.0059373597265163685,3천억~5천억
018000,유니슨(주),중소,False,2차 후보(확인 필요),29119,,,,,,,
475430,키스트론(주),중소,False,2차(2028),28302,,,,,,,
004840,(주)디알비동일,중소,False,비대상,221,,,,,,,
004410,서울식품공업(주),중소,False,비대상,108,,,,,,,
017960,(주)한국카본,중견,False,2차 후보(확인 필요),2512,주식회사한국카본,의무,2025,3708950193.0,866374473973.0,0.004281001234941263,5천억~1조
446840,(주)지슨,중소,False,2차 후보-약,272,,,,,,,
082270,(주)젬백스&카엘,중소,False,비대상,29271,,,,,,,
491000,(주)리브스메드,중소,False,비대상,27112,,,,,,,
196450,(주)코아시아씨엠,중소,False,비대상,273,,,,,,,
008730,율촌화학(주),중견,False,비대상,22231,율촌화학(주),의무,2025,6910019686.0,465716549251.0,0.014837393468437416,3천억~5천억
259630,(주)엠플러스,중견,False,2차 후보(확인 필요),292,,,,,,,
270660,에브리봇(주),중소,False,2차(2028),28519,,,,,,,
294090,이오플로우(주),중소,False,2차 후보-약,27199,,,,,,,
479960,(주)위너스일렉,중소,False,비대상,289,,,,,,,
314930,주식회사 바이오다인,중소,False,2차 후보-약,2719,,,,,,,
005710,대원산업(주),중견,False,2차 후보(확인 필요),303,대원산업(주),의무,2025,2654112637.0,923734287034.0,0.0028732425268331624,5천억~1조
004370,(주)농심,중견,False,비대상,108,(주)농심,의무,2025,28118455310.0,2734714249425.0,0.010282045122598157,1조~5조
007390,(주)네이처셀,중소,False,비대상,211,,,,,,,
073010,(주)케이에스피,중소,False,2차 후보(확인 필요),29111,,,,,,,
088130,(주)동아엘텍,중소,False,2차 후보(확인 필요),292,,,,,,,
011170,롯데케미칼(주),대기업,False,비대상,20111,롯데케미칼,의무,2025,39176461977.0,11912607124952.0,0.003288655586982422,5조 이상
215100,(주)로보로보,중소,False,비대상,28909,,,,,,,
060380,(주)동양에스텍,중소,False,1차(2027),241,,,,,,,
277410,(주)인산가,중소,False,비대상,108,,,,,,,
230240,(주)에치에프알,중견,False,비대상,264,주식회사 에치에프알,의무,2025,2545475322.0,81482377078.0,0.031239581039263407,3천억 미만
003060,(주)에이프로젠바이오로직스,중견,False,비대상,212,,,,,,,
079900,전진건설로봇(주),중견,False,2차 후보(확인 필요),292,,,,,,,
006340,대원전선(주),중견,False,2차(2028),28302,대원전선,의무,2025,358059895.0,514144669265.0,0.000696418569333545,5천억~1조
066590,(주)스모트로닉,중견,False,2차 후보(확인 필요),303,,,,,,,
020760,일진디스플레이(주),중소,False,비대상,261,,,,,,,
092790,넥스틸(주),중견,False,1차(2027),2419,넥스틸(주),의무,2025,678908717.0,544671975941.0,0.0012464542825561871,5천억~1조
054950,(주)제이브이엠,중견,False,2차 후보(확인 필요),29192,제이브이엠,자율,2025,3709579273.0,154468364064.0,0.02401513925183432,3천억 미만
051910,(주)LG화학,대기업,False,비대상,20111,(주)엘지화학,의무,2025,285089257579.0,18216499000000.0,0.015650057542835206,5조 이상
067630,에이치엘비생명과학(주),중소,False,비대상,213,,,,,,,
302550,(주)리메드,중소,False,2차 후보-약,27199,,,,,,,
002140,고려산업(주),중견,False,비대상,10520,,,,,,,
000890,보해양조(주),중견,False,비대상,11122,,,,,,,
081180,(주)쎄크,중소,False,2차 후보(확인 필요),291,,,,,,,
435570,(주)에르코스 농업회사법인,중소,False,비대상,107,,,,,,,
000080,하이트진로(주),중견,False,비대상,11122,하이트진로(주),의무,2025,13814364196.0,2240431695323.0,0.006165938566588794,1조~5조
075580,(주)세진중공업,중견,False,비대상,31114,(주)세진중공업,의무,2025,1042000767.0,366130145053.0,0.002845984634368642,3천억~5천억
100090,에스케이오션플랜트(주),대기업,False,1차(2027),2413,SK오션플랜트,의무,2025,2983770799.0,928915090551.0,0.0032121028384091933,5천억~1조
090150,(주)아이윈,중소,False,2차 후보(확인 필요),303,,,,,,,
120110,코오롱인더스트리(주),대기업,False,비대상,205,코오롱인더스트리(주),의무,2025,77056976736.0,3986810597353.0,0.01932797529613299,1조~5조
214420,(주)토니모리,중견,False,비대상,20423,,,,,,,
080220,(주)제주반도체,중견,False,비대상,2611,,,,,,,
329180,에이치디현대중공업(주),대기업,False,비대상,31113,HD현대중공업 주식회사,의무,2025,132840515924.0,17569457486000.0,0.007560877507450204,5조 이상
136150,(주)원일티엔아이,중소,False,2차 후보(확인 필요),291,,,,,,,
091440,(주)한울소재과학,중소,False,비대상,26410,,,,,,,
474650,(주)링크솔루션,중소,False,2차 후보-약,29222,,,,,,,
014680,(주)한솔케미칼,중견,False,비대상,20129,한솔케미칼,의무,2025,5107254796.0,683182182594.0,0.007475685001924484,5천억~1조
083470,(주)이엠앤아이,중소,False,비대상,201,,,,,,,
099440,(주) 스맥,중견,False,2차 후보-약,29221,스맥,의무,2025,1680444717.0,139944204458.0,0.012007962198279775,3천억 미만
095910,(주)에스에너지,중소,False,2차(2028),2811,,,,,,,
147760,(주)피엠티,중소,False,2차 후보-약,27212,,,,,,,
396470,워트 주식회사,중소,False,비대상,29271,,,,,,,
189980,(주)흥국에프엔비,중소,False,비대상,11209,,,,,,,
950130,엑세스바이오 인코퍼레이션,중소,False,비대상,213,,,,,,,
256940,(주)킵스바이오파마,중소,False,비대상,212,,,,,,,
205470,휴마시스(주),중소,False,비대상,213,,,,,,,
097800,(주)윈팩,중소,False,비대상,2612,,,,,,,
237880,(주)클리오,중견,False,비대상,20423,(주) 클리오,의무,2025,2401038878.0,317427787811.0,0.00756404754151393,3천억~5천억
424980,(주)마이크로투나노,중소,False,비대상,26129,,,,,,,
014990,(주)인디에프,중견,False,비대상,14112,,,,,,,
005990,매일홀딩스(주),중소,True,비대상,104,,,,,,,
064290,(주)인텍플러스,중소,False,2차 후보(확인 필요),292,,,,,,,
357230,주식회사 에이치피오,중소,False,비대상,108,,,,,,,
238120,(주)얼라인드제네틱스,중소,False,비대상,273,,,,,,,
225430,케이엠제약(주),중소,False,비대상,204,,,,,,,
216080,(주)제테마,중소,False,비대상,213,,,,,,,
352480,(주)씨앤씨인터내셔널,중견,False,비대상,20423,,,,,,,
304360,주식회사 에스바이오메딕스,중소,False,비대상,212,,,,,,,
331380,(주)포커스에이아이,중소,False,비대상,265,,,,,,,
024090,디씨엠(주),중견,False,1차(2027),2419,,,,,,,
007370,진양제약(주),중견,False,비대상,212,,,,,,,
382480,주식회사 지아이텍,중소,False,2차 후보(확인 필요),292,,,,,,,
234100,(주)폴라리스세원,중소,False,2차 후보(확인 필요),303,,,,,,,
101000,(주)케이에스인더스트리,중소,False,2차 후보(확인 필요),292,,,,,,,
417970,모델솔루션 주식회사,대기업,False,2차 후보(확인 필요),292,,,,,,,
340360,주식회사 다보링크,중소,False,비대상,264,,,,,,,
382900,범한퓨얼셀 주식회사,중소,False,2차(2028),28111,,,,,,,
363250,주식회사 진시스템,중소,False,2차 후보-약,271,,,,,,,
388050,지투파워(주),중소,False,비대상,28123,,,,,,,
353810,(주)이지바이오,중견,False,비대상,109,,,,,,,
455180,케이지에이(주),중소,False,비대상,29271,,,,,,,
005930,삼성전자(주),대기업,False,비대상,264,삼성전자(주),의무,2025,11389803827153.0,238043009000000.0,0.04784767204464719,5조 이상
281820,(주)케이씨텍,중견,False,2차 후보-약,272,케이씨텍,의무,2025,4605619154.0,383391616140.0,0.01201283220632087,3천억~5천억
137950,제이씨케미칼(주),중견,False,비대상,2049,,,,,,,
004890,동일산업(주),중견,False,1차(2027),24113,,의무,2024,482121275.0,364079439303.0,0.0013242199996873795,3천억~5천억
122350,(주)삼기,중견,False,"2차(2028, 제품명 확인)",303,주식회사 삼기,의무,2025,2304585915.0,489356402339.0,0.004709422220665064,3천억~5천억
002350,넥센타이어(주),중견,False,비대상,221,넥센타이어 (주),의무,2025,21996318609.0,2129969990147.0,0.010327055644329487,1조~5조
446540,(주)메가터치,중소,False,비대상,28201,,,,,,,
317450,명인제약(주),중견,False,비대상,21212,,,,,,,
219750,(주)한국비티비,중소,False,2차 후보-약,271,,,,,,,
198440,(주)강동씨앤엘,중소,False,1차(2027),233,,,,,,,
213420,덕산네오룩스(주),중견,False,비대상,262,,,,,,,
101400,엔시트론(주),중소,False,비대상,2611,,,,,,,
010580,(주)에스엠벡셀,대기업,False,2차 후보(확인 필요),303,,,,,,,
101170,우림피티에스(주),중소,False,비대상,29142,,,,,,,
232140,(주)와이씨,중견,False,2차 후보(확인 필요),292,,,,,,,
089470,에이치디씨현대이피(주),대기업,False,비대상,204,HDC현대EP,의무,2025,2092132517.0,793405658477.0,0.0026369014320064225,5천억~1조
047400,유니온머티리얼(주),중견,False,비대상,23222,,,,,,,
327260,알에프머트리얼즈(주),중소,False,비대상,26299,,,,,,,
145990,(주)삼양사,중견,False,비대상,108,(주)삼양사,의무,2025,16008047679.0,1897132847359.0,0.008438021460270858,1조~5조
204320,에이치엘만도(주),중견,False,"2차(2028, 제품명 확인)",303,에이치엘만도 주식회사,의무,2025,44568873718.0,3029657613639.0,0.014710861556552978,1조~5조
267270,에이치디건설기계(주),대기업,False,2차(2028),29241,에이치디건설기계(주),의무,2025,108420675024.0,2150088763000.0,0.05042613909237942,1조~5조
344820,(주)케이씨씨글라스,대기업,False,비대상,2311,주식회사 케이씨씨글라스,의무,2025,18883873412.0,1870911380060.0,0.010093408813085736,1조~5조
239610,(주)에이치엘사이언스,중소,False,비대상,108,,,,,,,
002450,(주)삼익악기,중소,False,비대상,33201,,,,,,,
192440,(주)슈피겐코리아,중견,False,비대상,339,슈피겐코리아,의무,2025,3676609735.0,300714916785.0,0.012226229993201965,3천억~5천억
106240,(주)파인테크닉스,중소,False,비대상,28410,,,,,,,
322310,(주)오로스테크놀로지,중소,False,2차 후보(확인 필요),292,,,,,,,
0011A0,(주)액스비스,중소,False,비대상,289,,,,,,,
007660,(주)이수페타시스,중견,False,비대상,2622,주식회사 이수페타시스,의무,2025,5088293718.0,929664876365.0,0.005473255844509567,5천억~1조
032300,(주)한국파마,중견,False,비대상,212,,,,,,,
225190,엘케이삼양(주),중소,False,비대상,273,,,,,,,
452450,(주)피아이이,중소,False,비대상,29299,,,,,,,
0010F0,(주)보원케미칼,중소,False,비대상,2221,,,,,,,
068330,(주)일신바이오베이스,중소,False,2차 후보(확인 필요),29171,,,,,,,
023790,동일스틸럭스(주),중소,False,1차(2027),24121,,,,,,,
023800,인지컨트롤스(주),중견,False,2차 후보(확인 필요),30310,인지컨트롤스(주),의무,2025,1831754001.0,447480308861.0,0.004093485153933319,3천억~5천억
039860,(주)나노엔텍,중소,False,2차 후보-약,27199,,,,,,,
095270,(주)웨이브일렉트로닉스,중소,False,2차 후보-약,272,,,,,,,
255220,에스지이(주),중소,False,비대상,23991,,,,,,,
360070,주식회사 탑머티리얼,중소,False,비대상,28202,,,,,,,
303030,(주)지니틱스,중소,False,비대상,261,,,,,,,
001020,페이퍼코리아(주),중견,False,비대상,171,,,,,,,
049630,재영솔루텍(주),중견,False,비대상,27309,,,,,,,
317330,(주)덕산테코피아,중소,False,비대상,2049,,,,,,,
090350,(주)노루페인트,중견,False,비대상,20411,(주)노루페인트,의무,2025,7707593382.0,656917054146.0,0.011732978057663556,5천억~1조
280360,롯데웰푸드(주),대기업,False,비대상,108,롯데웰푸드(주),의무,2025,46590891121.0,3282856614951.0,0.014192179734202438,1조~5조
067570,엔브이에이치코리아(주),중견,False,2차 후보(확인 필요),30320,엔브이에이치코리아 주식회사,의무,2025,7343829355.0,544771342605.0,0.013480572087149647,5천억~1조
143210,핸즈코퍼레이션(주),중견,False,"2차(2028, 제품명 확인)",303,핸즈코퍼레이션주식회사,의무,2025,399748178.0,587425484622.0,0.000680508742750976,5천억~1조
024830,(주)세원물산,중견,False,2차 후보(확인 필요),303,,,,,,,
096350,(주)대창솔루션,중소,False,2차 후보(확인 필요),251,,,,,,,
007280,(주)한국특강,중견,False,1차(2027),24121,(주)한국특강,의무,2025,753728225.0,767140668215.0,0.0009825163183615224,5천억~1조
021050,(주)서원,중견,False,2차 후보(확인 필요),243,,,,,,,
004720,(주)팜젠사이언스,중견,False,비대상,212,,,,,,,
036090,(주)위지트,중소,False,비대상,29272,,,,,,,
017550,(주)수산세보틱스,중견,False,2차(2028),29241,,,,,,,
012160,(주)영흥,중소,False,1차(2027),24123,,,,,,,
043590,웰킵스하이텍(주),중소,False,비대상,261,,,,,,,
484590,주식회사 삼양컴텍,중견,False,비대상,25200,,,,,,,
131400,(주)이브이첨단소재,중소,False,비대상,2622,,,,,,,
010130,고려아연(주),대기업,False,비대상,24213,고려아연㈜,의무,2025,20869035532.0,10534240543625.0,0.0019810669260471084,5조 이상
024880,(주)케이피에프,중견,False,1차(2027),259,,,,,,,
074610,(주)이엔플러스,중소,False,2차 후보(확인 필요),29193,,,,,,,
140860,(주)파크시스템스,중견,False,2차 후보-약,27219,,,,,,,
286750,(주)나노실리칸첨단소재,중소,False,비대상,20129,,,,,,,
083650,비에이치아이주식회사,중견,False,2차 후보(확인 필요),29176,비에이치아이주식회사,의무,2025,2581904117.0,764486190884.0,0.00337730641545593,5천억~1조
105630,한세실업(주),중견,False,비대상,14199,한세실업주식회사,의무,2025,5846309713.0,1827932619764.0,0.0031983179520888483,1조~5조
469610,(주)이노테크,중소,False,비대상,29299,,,,,,,
012800,(주)대창,중견,False,비대상,24221,(주)대창,의무,2025,727066004.0,557260537695.0,0.0013047146797929875,5천억~1조
038110,에코플라스틱(주),중견,False,2차 후보(확인 필요),30320,에코플라스틱(주),의무,2025,4791982967.0,1410342051000.0,0.003397745223296898,1조~5조
010780,아이에스동서(주),중견,False,비대상,2332,아이에스동서 (주),의무,2025,1885886185.0,699457617209.0,0.002696212234452644,5천억~1조
002710,(주)TCC스틸,중견,False,1차(2027),24191,TCC스틸,의무,2025,6063911043.0,415351075885.0,0.014599483172348736,3천억~5천억
023900,풍국주정공업(주),중소,False,비대상,11121,,,,,,,
037230,(주)한국팩키지,중견,False,비대상,17223,,,,,,,
043340,(주)에쎈테크,중소,False,2차 후보(확인 필요),29133,,,,,,,
022220,티케이지애강(주),중소,False,비대상,22211,,,,,,,
036690,(주)코맥스,중견,False,비대상,2642,,,,,,,
388790,주식회사 라이콤,중소,False,비대상,264,,,,,,,
475660,(주)에스켐,중소,False,비대상,204,,,,,,,
033640,(주)네패스,중견,False,비대상,261,(주)네패스,의무,2025,7562236535.0,376748974391.0,0.020072348032862092,3천억~5천억
354320,(주)알멕,중소,False,1차(2027),24222,,,,,,,
014820,동원시스템즈(주),중견,False,비대상,222,동원시스템즈(주),의무,2025,4923598253.0,1265531143432.0,0.00389053898716998,1조~5조
036640,(주)에이치알에스,중소,False,비대상,20201,,,,,,,
027970,한국제지(주),중견,False,비대상,171,한국제지,의무,2025,1926301314.0,753679418454.0,0.0025558629661817807,5천억~1조
100590,(주)머큐리,중견,False,비대상,2642,,,,,,,
018250,애경산업(주),중견,False,비대상,20422,애경산업㈜,의무,2025,10004847451.0,631623681447.0,0.015839886541428726,5천억~1조
151860,케이지에코솔루션(주),중견,False,2차 후보(확인 필요),302,,,,,,,
011790,SKC(주),대기업,False,비대상,204,,,,,,,
006090,(주)사조오양,중견,False,비대상,102,(주)사조오양,의무,2025,1748496121.0,417363807366.0,0.004189381278733368,3천억~5천억
008250,이건산업(주),중견,False,비대상,16211,,,,,,,
109670,씨싸이트(주),중견,False,비대상,14199,,,,,,,
000230,일동홀딩스(주),중소,True,비대상,212,,,,,,,
138360,(주)앤로보틱스,중소,False,2차 후보(확인 필요),292,,,,,,,
004490,세방전지(주),중견,False,비대상,28202,세방전지(주),의무,2025,5797021113.0,1636524743951.0,0.0035422752600760992,1조~5조
038880,(주)아이에이,중소,False,비대상,262,,,,,,,
019170,신풍제약(주),중견,False,비대상,212,,,,,,,
066360,(주)체리부로,중견,False,비대상,10121,(주)체리부로,의무,2025,731889916.0,423764306202.0,0.0017271155340089514,3천억~5천억
002790,(주)아모레퍼시픽홀딩스,중견,True,비대상,20423,,,,,,,
203450,(주)유니온바이오메트릭스,중소,False,비대상,26429,,,,,,,
187870,(주)디바이스,중소,False,비대상,29271,,,,,,,
051980,(주)중앙첨단소재,중소,False,비대상,264,,,,,,,
102940,코오롱생명과학(주),대기업,False,비대상,2110,,,,,,,
009310,참엔지니어링(주),중소,False,비대상,29271,,,,,,,
096870,(주)엘디티,중소,False,비대상,2611,,,,,,,
091120,(주)이엠텍,중견,False,비대상,262,,,,,,,
092070,(주)디엔에프,중소,False,비대상,2049,,,,,,,
009420,한올바이오파마(주),중견,False,비대상,212,,,,,,,
092870,(주)엑시콘,중소,False,비대상,29271,,,,,,,
082210,(주)옵트론텍,중소,False,비대상,273,,,,,,,
014950,삼익제약(주),중소,False,비대상,21212,,,,,,,
114190,(주)강원에너지,중소,False,비대상,289,,,,,,,
448710,코츠테크놀로지(주),중소,False,비대상,26310,,,,,,,
012210,삼미금속(주),중소,False,2차(2028),25912,,,,,,,
365330,에스와이스틸텍(주),중소,False,1차(2027),2511,,,,,,,
179290,(주)엠아이텍,중소,False,2차 후보-약,27192,,,,,,,
036540,(주)에스에프에이반도체,중견,False,비대상,2611,(주)에스에프에이반도체,의무,2025,2677139557.0,356044380914.0,0.007519117560927451,3천억~5천억
137080,주식회사 나래나노텍,중소,False,2차 후보(확인 필요),292,,,,,,,
098460,(주)고영테크놀러지,중견,False,비대상,29271,,,,,,,
300720,한일시멘트(주),중견,False,1차(2027),23311,한일시멘트(주),의무,2025,7661276930.0,1011095773805.0,0.007577202010417615,1조~5조
142280,(주)녹십자엠에스,중견,False,비대상,213,,,,,,,
146060,(주)율촌,중소,False,1차(2027),24131,,,,,,,
054540,삼영엠텍(주),중소,False,1차(2027),2511,,,,,,,
043220,(주)티에스넥스젠,중소,False,2차 후보(확인 필요),292,,,,,,,
225220,(주)제놀루션,중소,False,비대상,211,,,,,,,
333430,(주)일승,중소,False,비대상,311,,,,,,,
249420,일동제약(주),중견,False,비대상,212,일동제약,의무,2025,7485704417.0,559644775849.0,0.013375813980652162,5천억~1조
073540,(주)에프알텍,중소,False,비대상,2642,,,,,,,
011080,(주)형지아이앤씨,중소,False,비대상,1419,,,,,,,
090370,(주)메타랩스,중소,False,비대상,141,,,,,,,
303360,주식회사 프로티아,중소,False,2차 후보-약,271,,,,,,,
252990,(주)샘씨엔에스,중소,False,비대상,2629,,,,,,,
474610,알에프시스템즈(주),중소,False,비대상,25924,,,,,,,
0088M0,(주)메쥬,중소,False,비대상,27112,,,,,,,
009730,(주)이렘,중소,False,1차(2027),2413,,,,,,,
024890,대원화성(주),중소,False,비대상,22214,,,,,,,
041960,(주)코미팜,중소,False,비대상,212,,,,,,,
105330,(주)케이엔더블유,중견,False,2차 후보(확인 필요),303,,,,,,,
000250,삼천당제약(주),중견,False,비대상,212,,,,,,,
241820,피씨엘(주),중소,False,비대상,213,,,,,,,
321370,주식회사 센서뷰,중소,False,비대상,262,,,,,,,
294140,(주)레몬,중소,False,비대상,20501,,,,,,,
0015N0,주식회사 아로마티카,중소,False,비대상,20423,,,,,,,
000150,(주)두산,대기업,False,비대상,26221,주식회사 두산,의무,2025,48236383344.0,1767596000000.0,0.02728925803407566,1조~5조
003650,미창석유공업(주),중견,False,비대상,19221,미창석유공업(주),의무,2025,296341236.0,405486654859.0,0.0007308285795571912,3천억~5천억
049960,(주)쎌바이오텍,중소,False,비대상,211,,,,,,,
002720,국제약품(주),중견,False,비대상,212,,,,,,,
000040,KR모터스(주),중소,False,비대상,319,,,,,,,
002690,동일제강(주),중소,False,1차(2027),24122,,,,,,,
061250,화일약품(주),중견,False,비대상,212,,,,,,,
001940,KISCO홀딩스(주),중견,True,1차(2027),241,,,,,,,
025750,(주)한솔홈데코,중견,False,비대상,161,,의무,2024,2803033485.0,327367631616.0,0.008562341582652067,3천억~5천억
075180,새론오토모티브(주),중소,False,2차 후보(확인 필요),303,,,,,,,
018680,(주)서울제약,중견,False,비대상,2121,,,,,,,
247540,(주)에코프로비엠,중견,False,비대상,28202,주식회사 에코프로비엠,의무,2025,9837063439.0,964951507323.0,0.01019436040500139,5천억~1조
317690,주식회사 퀀타매트릭스,중소,False,2차 후보-약,27199,,,,,,,
013720,청보(주),중소,False,2차 후보(확인 필요),303,,,,,,,
052420,오성첨단소재(주),중견,False,비대상,222,,,,,,,
153890,(주)져스텍,판정불가,False,2차(2028),28111,,,,,,,
310870,디와이씨(주),중소,False,2차 후보(확인 필요),303,,,,,,,
489460,주식회사 바이오비쥬,중소,False,비대상,204,,,,,,,
044340,(주)위닉스,중견,False,2차(2028),28519,,,,,,,
177900,쓰리에이로직스(주),중소,False,비대상,2611,,,,,,,
060540,(주)에스에이티,중소,False,2차 후보-약,27215,,,,,,,
061970,엘비세미콘(주),중견,False,비대상,2612,LB세미콘주식회사,의무,2025,9456028124.0,458152647190.0,0.020639470669867155,3천억~5천억
079000,와토스코리아(주),중소,False,비대상,22222,,,,,,,
130500,지에이치신소재(주),중소,False,비대상,13992,,,,,,,
319660,피에스케이 주식회사,중견,False,비대상,29271,피에스케이 주식회사,의무,2025,3455098342.0,379805853308.0,0.009097011833564662,3천억~5천억
407400,주식회사 꿈비,중소,False,비대상,32099,,,,,,,
394420,주식회사 리센스메디컬,중소,False,2차 후보-약,27199,,,,,,,
068240,(주)다원시스,중견,False,2차(2028),2811,,,,,,,
087010,(주)펩트론,중소,False,비대상,211,,,,,,,
105740,디케이락(주),중소,False,2차 후보(확인 필요),29133,,,,,,,
033560,(주)블루콤,중소,False,비대상,26529,,,,,,,
317870,(주)엔바이오니아,중소,False,비대상,339,,,,,,,
002360,(주)SH에너지화학,중소,False,비대상,201,,,,,,,
003230,삼양식품(주),중견,False,비대상,108,삼양식품(주),의무,2025,14676770870.0,1901833914086.0,0.007717167498852544,1조~5조
010170,대한광통신(주),중소,False,2차 후보(확인 필요),283,,,,,,,
196300,에이치엘비펩(주),중소,False,비대상,211,,,,,,,
145170,(주)노브랜드,중견,False,비대상,14300,노브랜드,의무,2025,1846056200.0,476231650984.0,0.0038763828405475346,3천억~5천억
003570,SNT다이내믹스(주),중견,False,"2차(2028, 제품명 확인)",30331,,,,,,,
088290,이원컴포텍(주),중소,False,2차 후보(확인 필요),303,이원컴포텍,자율,2025,61824534.0,56577030456.0,0.0010927497166554364,3천억 미만
095500,미래나노텍(주),중견,False,비대상,2229,미래나노텍 주식회사,의무,2025,793949051.0,322914786223.0,0.00245869524987224,3천억~5천억
046210,에이치엘비파나진 주식회사,중소,False,비대상,21301,,,,,,,
002210,동성제약(주),중견,False,비대상,212,,,,,,,
200130,콜마비앤에이치(주),중견,False,비대상,211,콜마비앤에이치(주),의무,2025,3042879759.0,439211246450.0,0.006928055198027363,3천억~5천억
323350,(주)다원넥스뷰,중소,False,2차 후보(확인 필요),292,,,,,,,
251630,(주)브이원텍,중소,False,비대상,29272,,,,,,,
054210,(주)이랜텍,중견,False,비대상,262,(주) 이랜텍,의무,2025,1781300631.0,380424924088.0,0.0046823972831705135,3천억~5천억
011300,(주)우성머티리얼스,중소,False,비대상,13213,,,,,,,
104040,(주)디에스엠,중소,False,2차 후보(확인 필요),30399,,,,,,,
439260,대한조선 주식회사,중견,False,비대상,3111,대한조선,의무,2025,3407990882.0,1227404154509.0,0.0027765841181817594,1조~5조
388210,주식회사 씨엠티엑스,중견,False,비대상,26299,,,,,,,
334970,프레스티지바이오로직스(주),중소,False,비대상,212,,,,,,,
011390,부산산업(주),중소,False,비대상,23322,,,,,,,
060590,(주)씨티씨바이오,중견,False,비대상,212,,,,,,,
023440,제이스코홀딩스(주),중소,True,1차(2027),24121,,,,,,,
256630,(주)포인트엔지니어링,중소,False,비대상,25923,,,,,,,
332290,(주)누보,중소,False,2차 후보(확인 필요),203,,,,,,,
0010V0,제이피아이헬스케어(주),중소,False,2차 후보-약,27199,,,,,,,
029480,(주)광무,중소,False,비대상,26410,,,,,,,
251370,와이엠티(주),중소,False,비대상,201,,,,,,,
0015G0,(주)그린광학,중소,False,비대상,273,,,,,,,
222420,(주)쎄노텍,중소,False,비대상,23993,,,,,,,
166480,코아스템켐온 주식회사,중소,False,비대상,212,,,,,,,
0120G0,(주)삼양바이오팜,중견,False,비대상,212,,,,,,,
069510,에스텍(주),중견,False,비대상,26529,에스텍(주),의무,2025,1183256465.0,316929502240.0,0.0037335005313073057,3천억~5천억
049070,인탑스(주),중견,False,비대상,2642,인탑스(주),자율,2025,567605683.0,115071855206.0,0.004932619553094719,3천억 미만
308170,(주)씨티알모빌리티,중견,False,"2차(2028, 제품명 확인)",303,씨티알모빌리티,의무,2025,2173105216.0,350501003459.0,0.006199997131403933,3천억~5천억
302440,에스케이바이오사이언스(주),대기업,False,비대상,211,에스케이바이오사이언스(주),자율,2025,20362433393.0,185735624652.0,0.10963127526639913,3천억 미만
007590,(주)동방아그로,중견,False,비대상,2032,,,,,,,
290120,(주)디에이치오토리드,중견,False,2차 후보(확인 필요),30399,,,,,,,
086890,(주)이수앱지스,중소,False,비대상,213,,,,,,,
224110,(주)에이텍모빌리티,중소,False,비대상,26429,,,,,,,
452190,(주)한빛레이저,중소,False,2차 후보-약,29221,,,,,,,
377330,주식회사 이지트로닉스,중소,False,2차(2028),2811,,,,,,,
037950,엘컴텍(주),중소,False,비대상,26291,,,,,,,
373220,(주)엘지에너지솔루션,대기업,False,비대상,28202,(주)엘지에너지솔루션,의무,2025,394613622124.0,7661584000000.0,0.05150548791529271,5조 이상
054300,(주)팬스타엔터프라이즈,중소,False,2차(2028),29169,,,,,,,
065680,(주)우주일렉트로닉스,중견,False,비대상,2629,,,,,,,
025620,차AI헬스케어(주),중소,False,비대상,204,,,,,,,
056190,(주)에스에프에이,중견,False,2차 후보(확인 필요),292,에스에프에이,의무,2025,7794874995.0,790239319800.0,0.00986394222572067,5천억~1조
462310,주식회사 뉴키즈온,중소,False,비대상,141,,,,,,,
048530,(주)인트론바이오테크놀로지,중소,False,비대상,211,,,,,,,
051630,진양화학(주),중소,False,비대상,22214,,,,,,,
000490,(주)대동,중견,False,2차(2028),29210,(주)대동,의무,2025,12649778870.0,863154294296.0,0.014655292748461996,5천억~1조
005290,(주)동진쎄미켐,중견,False,비대상,20129,(주)동진쎄미켐,의무,2025,5122964748.0,1147296848069.0,0.004465247818489516,1조~5조
380540,주식회사 옵티코어,중소,False,비대상,266,,,,,,,
208710,(주)포톤,중견,False,비대상,262,,,,,,,
001070,대한방직(주),중견,False,비대상,132,,,,,,,
222080,(주)에스에프에이넥셀,중견,False,2차 후보(확인 필요),292,에스에프에이넥셀,의무,2025,393697160.0,406240741630.0,0.0009691227876857695,3천억~5천억
403870,주식회사 에이치피에스피,중견,False,비대상,29271,,,,,,,
000390,에스피삼화(주),중견,False,비대상,20411,에스피삼화(주),의무,2025,4527191435.0,520834500803.0,0.008692188071297452,5천억~1조
044990,에이치엔에스하이텍(주),중소,False,비대상,262,,,,,,,
191410,(주)육일씨엔에쓰,중소,False,비대상,262,,,,,,,
273640,(주)와이엠텍,중소,False,비대상,2812,,,,,,,
025440,(주)디에이치오토웨어,중견,False,비대상,265,(주)디에이치오토웨어,의무,2025,1018318190.0,375808912467.0,0.0027096701441039375,3천억~5천억
062970,(주)한국첨단소재,중소,False,비대상,26410,,,,,,,
445680,큐리옥스바이오시스템즈(주),중소,False,2차 후보-약,271,,,,,,,
099410,(주)동방선기,중소,False,비대상,31114,,,,,,,
221980,케이디켐(주),중소,False,비대상,2049,,,,,,,
041920,(주)메디아나,중소,False,비대상,27112,,,,,,,
145210,(주)다이나믹디자인,중소,False,2차 후보(확인 필요),292,,,,,,,
000880,(주)한화,대기업,False,비대상,20494,(주)한화,의무,2025,38811075072.0,4315204000000.0,0.008994030194632746,1조~5조
306620,(주)지아이에스,중소,False,2차 후보(확인 필요),292,,,,,,,
005860,한일사료(주),중견,False,비대상,109,,,,,,,
001210,금호전기(주),중소,False,비대상,28410,,,,,,,
019210,(주)와이지-원,중견,False,비대상,25934,(주)와이지-원,의무,2025,2147052764.0,420294883669.0,0.005108443731832089,3천억~5천억
100700,(주)세운메디칼,중소,False,비대상,213,,,,,,,
107600,(주)새빗켐,중소,False,비대상,2049,,,,,,,
258610,(주)케일럼,중소,False,2차 후보(확인 필요),251,,,,,,,
118990,모트렉스 주식회사,중견,False,2차 후보(확인 필요),303,모트렉스 주식회사,의무,2025,11661921253.0,313869524230.0,0.037155315673318694,3천억~5천억
101930,인화정공(주),중소,False,비대상,31114,,,,,,,
256840,(주)한국비엔씨,중소,False,비대상,211,,,,,,,
288620,에스프리즘 (주),중소,False,2차 후보(확인 필요),281,,,,,,,
478340,(주)나라스페이스테크놀로지,중소,False,비대상,31311,,,,,,,
018620,우진비앤지(주),중소,False,비대상,21230,,,,,,,
129890,(주)앱코,중소,False,비대상,26329,,,,,,,
100660,서암기계공업(주),중소,False,비대상,29142,,,,,,,
032960,(주)동일기연,중소,False,비대상,2629,,,,,,,
0013V0,삼진식품(주),중소,False,비대상,10211,,,,,,,
000430,대원강업(주),대기업,False,2차 후보(확인 필요),303,대원강업(주),의무,2025,2211096730.0,781507649000.0,0.002829270747163218,5천억~1조
318000,(주)케이비지,중소,False,비대상,20202,,,,,,,
009290,광동제약(주),중견,False,비대상,21220,광동제약 (주),의무,2025,6010661649.0,1011023893233.0,0.005945123245089111,1조~5조
217590,(주)티엠씨,중견,False,2차(2028),2830,주식회사 티엠씨,의무,2025,1547579078.0,325654595559.0,0.004752210161025103,3천억~5천억
102120,어보브반도체(주),중견,False,비대상,2612,,,,,,,
015590,디케이엠이(주),중견,False,2차 후보(확인 필요),29176,,,,,,,
067170,(주)오텍,중소,False,비대상,304,,,,,,,
000210,디엘 주식회사,대기업,False,비대상,20111,,,,,,,
038060,(주)루멘스바이오스,중소,False,비대상,2612,,,,,,,
260660,알리코제약(주),중견,False,비대상,213,,,,,,,
487400,(주)케이앤에스아이앤씨,판정불가,False,비대상,26429,,,,,,,
036930,주성엔지니어링(주),중견,False,2차 후보-약,29229,주성엔지니어링(주),의무,2025,3375285707.0,310692584812.0,0.010863747227962921,3천억~5천억
073190,(주)듀오백,중소,False,2차(2028),32091,,,,,,,
065060,(주)지엔코,중견,False,비대상,141,,,,,,,
036670,(주)삼양케이씨아이,중견,False,비대상,20421,,,,,,,
420770,기가비스(주),중소,False,2차 후보(확인 필요),292,,,,,,,
069460,(주)대호에이엘,중견,False,1차(2027),24222,,,,,,,
092600,(주)앤씨앤,중소,False,비대상,2611,,,,,,,
026910,광진실업(주),중소,False,1차(2027),24121,,,,,,,
263050,(주)유틸렉스,중소,False,비대상,211,,,,,,,
033790,(주)피노,중소,False,비대상,282,,,,,,,
297570,주식회사 아틀라스링크,중소,False,비대상,264,,,,,,,
340930,(주)성원에너텍,중소,False,비대상,29299,,,,,,,
011000,진원생명과학(주),중소,False,비대상,212,,,,,,,
176750,(주)듀켐바이오,중소,False,비대상,21212,,,,,,,
198080,(주)캐프,중견,False,비대상,26224,,,,,,,
061090,(주)세나테크놀로지,중견,False,비대상,26429,,,,,,,
244460,올리패스(주),중소,False,비대상,211,,,,,,,
033340,(주)좋은사람들,중소,False,비대상,14120,,,,,,,
179530,(주)애드바이오텍,중소,False,비대상,21230,,,,,,,
282620,(주)기도산업,판정불가,False,비대상,14199,,,,,,,
054180,(주)메디콕스,중소,False,비대상,31114,,,,,,,
226340,(주)본느,중소,False,비대상,204,,,,,,,
276730,(주)한울앤제주,중소,False,비대상,11112,,,,,,,
368970,주식회사 오에스피,중소,False,비대상,109,,,,,,,
282880,(주)코윈로보틱스,중견,False,2차 후보(확인 필요),292,,,,,,,
277810,(주)레인보우로보틱스,중소,False,2차(2028),29280,,,,,,,
241690,(주)유니테크노,중소,False,2차 후보(확인 필요),30331,,,,,,,
387690,주식회사 레메디,판정불가,False,비대상,27111,,,,,,,
103140,(주)풍산,중견,False,비대상,242,(주)풍산,의무,2025,14978716828.0,3849107225015.0,0.003891478192827332,1조~5조
321260,(주)프로이천,중소,False,비대상,261,,,,,,,
014970,삼륭물산(주),중소,False,비대상,17223,,,,,,,
080720,한국유니온제약 주식회사,중소,False,비대상,212,,,,,,,
044380,(주)주연테크,중소,False,비대상,26310,,,,,,,
068790,(주)디엠에스,중견,False,2차 후보(확인 필요),292,,,,,,,
240550,(주)동방메디컬,중견,False,2차 후보-약,271,,,,,,,
317120,주식회사 라닉스,중소,False,비대상,26112,,,,,,,
009320,아진전자부품(주),중견,False,2차 후보(확인 필요),303,,,,,,,
024120,KB오토시스(주),중견,False,2차 후보(확인 필요),303,,,,,,,
090410,(주)덕신이피씨,중견,False,1차(2027),25112,,,,,,,
175140,(주)아고스,중소,False,비대상,264,,,,,,,
078130,국일제지(주),대기업,False,비대상,179,,,,,,,
084680,(주)이월드,중견,False,비대상,331,,,,,,,
001520,(주)동양,중견,False,비대상,23322,(주) 동양,의무,2025,2939996010.0,534843438038.0,0.005496928261445953,5천억~1조
391710,코닉오토메이션(주),중소,False,2차 후보(확인 필요),292,,,,,,,
0155E0,(주)해치텍,중소,False,비대상,26112,,,,,,,
065420,(주)에스아이리소스,중소,False,비대상,204,,,,,,,
107640,(주)한중엔시에스,중소,False,2차 후보(확인 필요),281,,,,,,,
080530,(주)코디,중소,False,비대상,204,,,,,,,
214150,(주)클래시스,중견,False,2차 후보-약,271,(주)클래시스,의무,2025,2035411333.0,336505017215.0,0.006048680491737018,3천억~5천억
0156T0,에이치엘지노믹스(주),판정불가,False,비대상,211,,,,,,,
012450,한화에어로스페이스(주),대기업,False,비대상,31321,한화에어로스페이스(주),의무,2025,105455223204.0,9525137891000.0,0.011071254233877422,5조 이상
033310,(주)엠투엔,중소,False,비대상,26299,,,,,,,
272210,한화시스템(주),대기업,False,비대상,26299,한화시스템(주),의무,2025,96685775234.0,3091485354880.0,0.03127486115416289,1조~5조
950160,코오롱티슈진(주),중소,False,비대상,211,,,,,,,
002840,미원상사(주),중견,False,비대상,204,미원상사(주),의무,2025,1062947273.0,432317092092.0,0.002458721370132175,3천억~5천억
351320,(주)넥사다이내믹스,중소,False,비대상,29272,,,,,,,
029460,(주)케이씨,중견,False,2차 후보-약,27216,,,,,,,
066900,(주)디에이피,중견,False,비대상,2622,(주)디에이피,의무,2025,984436660.0,329542961820.0,0.0029872786678955387,3천억~5천억
469750,(주)아이비젼웍스,중소,False,2차 후보(확인 필요),292,,,,,,,
071950,(주)코아스,중소,False,2차 후보(확인 필요),320,,,,,,,
009140,(주)케이아이이,중소,False,비대상,2629,,,,,,,
018500,동원모빌리티(주),중견,False,2차 후보(확인 필요),303,,,,,,,
355690,(주)에이텀,중소,False,비대상,26293,,,,,,,
001460,(주)BYC,중견,False,비대상,14120,,,,,,,
238090,(주)앤디포스,중소,False,비대상,222,,,,,,,
192650,(주)드림텍,중견,False,비대상,2629,(주)드림텍,의무,2025,2658302928.0,519304557980.0,0.00511896706306664,5천억~1조
009460,(주)한창제지,중견,False,비대상,171,,,,,,,
094840,(주)슈프리마에이치큐,중소,False,비대상,264,,,,,,,
179900,(주)유티아이,중소,False,비대상,2629,,,,,,,
035460,(주)기산텔레콤,중소,False,비대상,2642,,,,,,,
009190,(주)대양금속,중견,False,1차(2027),24122,,,,,,,
272110,(주)케이엔제이,중소,False,비대상,261,,,,,,,
004440,(주)삼일씨엔에스,중견,False,비대상,23325,,,,,,,
005870,(주)휴니드테크놀러지스,중견,False,비대상,2642,,,,,,,
024850,에이치엘비이노베이션(주),중소,False,비대상,2629,,,,,,,
051360,(주)토비스,중견,False,비대상,265,토비스,의무,2025,2029521658.0,563997767809.0,0.0035984568979487617,5천억~1조
195990,(주)루트케이,중소,False,2차 후보-약,29223,,,,,,,
128660,(주)피제이메탈,중견,False,비대상,2429,,,,,,,
148250,(주)알엔투테크놀로지,중소,False,비대상,262,,,,,,,
267980,매일유업 주식회사,중견,False,비대상,104,매일유업 주식회사,의무,2025,21739217373.0,1758440909198.0,0.012362779584623602,1조~5조
016790,현대사료(주),중견,False,비대상,109,,,,,,,
001080,만호제강(주),중견,False,1차(2027),24123,,,,,,,
237750,피앤씨테크(주),중소,False,비대상,28123,,,,,,,
121800,(주)비덴트,중견,False,비대상,26421,,,,,,,
258830,(주)세종메디칼,중소,False,2차 후보-약,27199,,,,,,,
314140,(주)알피바이오,중견,False,비대상,212,,,,,,,
439960,코스모로보틱스 주식회사,판정불가,False,2차 후보-약,27199,,,,,,,
073240,금호타이어(주),중견,False,비대상,221,금호타이어주식회사,의무,2025,21725400494.0,3530891476573.0,0.0061529505050339755,1조~5조
053700,삼보모터스(주),중견,False,"2차(2028, 제품명 확인)",303,삼보모터스,의무,2025,2116518250.0,497988968264.0,0.00425013079582511,3천억~5천억
194700,(주)노바렉스,중견,False,비대상,108,노바렉스,의무,2025,1035583234.0,403042865267.0,0.0025694121475490377,3천억~5천억
101670,(주)하이드로리튬,중소,False,1차(2027),2511,,,,,,,
049550,(주)잉크테크,중소,False,비대상,20413,,,,,,,
027040,서울전자통신(주),중소,False,2차 후보(확인 필요),281,,,,,,,
323280,(주)태성,중소,False,2차 후보(확인 필요),292,,,,,,,
000300,(주)디에이치오토넥스,중소,False,2차 후보(확인 필요),303,,,,,,,
011150,CJ씨푸드(주),대기업,False,비대상,108,,,,,,,
123010,(주)엠에스디아이,중소,False,비대상,262,,,,,,,
255440,(주)야스,중소,False,비대상,29272,,,,,,,
053260,금강철강(주),중견,False,1차(2027),2419,,,,,,,
016740,(주)두올,중견,False,2차 후보(확인 필요),303,,의무,2024,720479329.0,316761987784.0,0.0022745132206055444,3천억~5천억
115610,(주)이미지스테크놀로지,중소,False,비대상,2611,,,,,,,
478560,주식회사 블랙야크아이앤씨,중소,False,비대상,152,,,,,,,
028300,에이치엘비(주),중견,False,비대상,213,,,,,,,
263770,(주)유에스티,중소,False,1차(2027),241,,,,,,,
352940,인바이오주식회사,중소,False,비대상,2032,,,,,,,
079980,(주)휴비스,중견,False,비대상,20501,(주)휴비스,의무,2025,7008701989.0,691404856665.0,0.010136900140977548,5천억~1조
091970,(주)엘에스케이아이로봇,중소,False,비대상,2229,,,,,,,
247660,나노씨엠에스(주),중소,False,비대상,2629,,,,,,,
419050,(주)삼기에너지솔루션즈,중소,False,2차 후보(확인 필요),303,,,,,,,
248070,주식회사 솔루엠,중견,False,비대상,2629,주식회사 솔루엠,의무,2025,9823417735.0,820860045619.0,0.011967226066646096,5천억~1조
083660,(주)씨에스에이코스믹,중소,False,비대상,204,,,,,,,
082740,한화엔진(주),대기업,False,2차 후보(확인 필요),29111,한화엔진 주식회사,의무,2025,9875605026.0,1371057336146.0,0.007202911771552911,1조~5조
002880,(주)디와이에이,중견,False,2차 후보(확인 필요),303,(주)디와이에이,의무,2025,1341790076.0,633397807077.0,0.0021184002549552296,5천억~1조
161000,애경케미칼(주),중견,False,비대상,201,애경케미칼 주식회사,의무,2025,8245909541.0,1108517746000.0,0.007438680680354214,1조~5조
017040,(주)광명전기,중소,False,비대상,28123,,,,,,,
106080,케이이엠텍(주),중소,False,비대상,2629,,,,,,,
366030,(주)나인앤컴퍼니,중소,False,비대상,144,,,,,,,
053950,경남제약 주식회사,중소,False,비대상,212,,,,,,,
290690,(주)아리바이오홀딩스,중소,True,비대상,28422,,,,,,,
0218L0,(주)네오뷰,판정불가,False,비대상,265,,,,,,,
037330,(주)인지디스플레이,중견,False,비대상,26211,,,,,,,
045390,대아티아이(주),중소,False,비대상,289,,,,,,,
452200,주식회사 민테크,중소,False,2차 후보-약,27212,,,,,,,
000270,기아(주),대기업,False,비대상,30121,기아 주식회사,의무,2025,484479708152.0,65148676000000.0,0.007436524238067402,5조 이상
236200,(주)슈프리마,중견,False,비대상,26410,,,,,,,
344860,(주)이노진,중소,False,비대상,20423,,,,,,,
458870,(주)씨어스,중소,False,2차 후보-약,27199,,,,,,,
054220,(주)비츠로시스,중소,False,비대상,28123,,,,,,,
123410,코리아에프티(주),중견,False,2차 후보(확인 필요),303,코리아에프티,의무,2025,918486800.0,417358427794.0,0.002200714634791914,3천억~5천억
128940,한미약품(주),중견,False,비대상,21212,한미약품(주),의무,2025,30331259362.0,1146621703290.0,0.026452716946635983,1조~5조
004020,현대제철(주),대기업,False,1차(2027),2411,현대제철주식회사,의무,2025,133291556302.0,17800125991157.0,0.0074882366769886055,5조 이상
396300,(주)에이치티로보틱스,중소,False,2차 후보(확인 필요),259,,,,,,,
386380,주식회사 스카이랩스,판정불가,False,2차 후보-약,27199,,,,,,,
084180,수성웹툰 주식회사,중소,False,2차(2028),29169,,,,,,,
004540,깨끗한나라(주),중견,False,비대상,171,깨끗한나라 주식회사,의무,2025,6598064205.0,507509280820.0,0.013000873982716698,5천억~1조
003120,일성아이에스(주),중소,False,비대상,212,,,,,,,
