corp_code,name,source,ksic_used,type_by_code,category_final,confidence,evidence,changed_from_code
00132318,(주)성광벤드,상장(cbam),24133,가공형,가공,확정,관이음쇠 제조,False
00148595,(주)제일테크노스,상장(cbam),2511,가공형(금속가공),가공,추정,"철강 구조재·데크, 사업 설명 문장 불명확",False
00101220,KG케미칼(주),상장(cbam),20311,비료·화학,비료·화학,확정,비료·화학 제조 (GIR은 비료 사업장 1곳),False
00132804,성신양회(주),상장(cbam),23311,시멘트,시멘트(소성로),확정,석회석 소성 공정 명시,False
00990165,아세아시멘트(주),상장(cbam),23311,시멘트,시멘트(소성로),확정,"시멘트 제조, 석회석·유연탄",False
00105299,금강공업(주),상장(cbam),2413,가공형,가공,추정,"강관·알루미늄폼·사료·단조 혼재, 가공 중심",False
00112721,(주)대창스틸,상장(cbam),24122,가공형,가공,확정,열연·냉연 코일 매입 가공,False
00123781,부국철강(주),상장(cbam),2413,가공형,가공,확정,보고서에 '제2차 가공업체'로 명시,False
00125646,삼목에스폼(주),상장(cbam),24290,가공형,가공,불확실,"알루미늄폼 제조·임대, 알루미늄 스크랩 대차계약 → 자체 용해 여부 불명",False
00186717,(주)태양,상장(cbam),25991,가공형(금속가공),가공,확정,부탄가스·에어졸 용기,False
00109587,(주)대륙제관,상장(cbam),25991,가공형(금속가공),가공,확정,주석도금강판으로 금속포장용기 제조,False
00435312,(주)하이스틸,상장(cbam),2413,가공형,가공,추정,"강관, 보고서에서 사업 문장 추출 안 됨(업종코드 기준)",False
00138260,(주)SIMPAC,상장(cbam),24113,용해형(제철·제강·합금철),혼합(합금철+기계),확정,합금철 + 프레스 기계. 2024-05 당진 합금철 생산 중단,False
00128926,삼현철강(주),상장(cbam),2419,가공형,가공,확정,열연코일 매입 절단가공,False
00163196,한일철강(주),상장(cbam),2419,가공형,가공,확정,판재·강관 제조,False
00353878,다스코(주),상장(cbam),25112,가공형(금속가공),가공,확정,"데크플레이트·방음시설, 철근 가공",False
00116301,(주)NI스틸,상장(cbam),2419,가공형,가공,확정,강건재 성형제품,False
00149239,조일알미늄(주),상장(cbam),24222,가공형,혼합(비철 주조+압연),확정,연속주조·슬래브 주조 + 열간압연 보유 → 용해 공정 포함,True
00125822,삼보산업 주식회사,상장(cbam),24212,용해형(비철 제련·합금),비철 용해(알루미늄 재생·주조),확정,알루미늄합금괴 제조 (+자동차부품),False
00153339,태경산업(주),상장(cbam),24113,용해형(제철·제강·합금철),철강 용해(전기로·합금철),확정,"페로망간·실리코망간 합금철, 집약도 0.92",False
00117027,(주)알루코,상장(cbam),24222,가공형,가공,확정,Billet 매입 → 알루미늄 압출,False
01765265,동국제강(주),상장(cbam),24112,용해형(제철·제강·합금철),철강 용해(전기로·합금철),확정,"후판·봉형강, 고철 원료, 집약도 0.73",False
00129235,삼화왕관(주),상장(cbam),25991,가공형(금속가공),가공,확정,병마개 제조,False
00415594,(주)동국에스엔씨,상장(cbam),2511,가공형(금속가공),가공,확정,풍력 금속 구조재,False
00670340,씨에스윈드(주),상장(cbam),2511,가공형(금속가공),가공,확정,풍력타워 제조,False
00239639,(주)삼표시멘트,상장(cbam),23311,시멘트,시멘트(소성로),확정,"시멘트, 석회석",False
00143907,(주)원일특강,상장(cbam),24123,가공형,가공,확정,특수강 원자재 매입 절단가공 + 자유단조,False
00172680,동국산업(주),상장(cbam),24122,가공형,가공,확정,냉연강판 가공,False
01765256,동국씨엠 주식회사,상장(cbam),24191,가공형,가공,확정,냉연·컬러강판 표면처리 (고철 언급은 사업목적 목록),False
00166175,(주)대호특수강,상장(cbam),24123,가공형,가공,확정,선재 매입 → 냉간압조용 강선,False
00186799,(주)태웅,상장(cbam),24112,용해형(제철·제강·합금철),철강 용해(전기로·합금철),확정,"제강사업부에서 잉곳·라운드블룸 생산 + 단조, 집약도 0.74",False
00486705,아주스틸(주),상장(cbam),2419,가공형,가공,확정,컬러강판,False
00958664,주식회사 신스틸,상장(cbam),241,코드 불충분,가공,확정,스틸서비스센터(가공·유통),False
00156488,(주)휴스틸,상장(cbam),2413,가공형,가공,확정,"강관, 원재료 열연코일",False
00153375,(주)태광,상장(cbam),2413,가공형,가공,확정,관이음쇠,False
00126779,삼아알미늄(주),상장(cbam),24222,가공형,혼합(비철 주조+압연),확정,알루미늄 잉곳 용해·주조 공정 언급 + 압연,True
00103006,고려제강(주),상장(cbam),24122,가공형,가공,확정,선재 가공(와이어),False
00535481,에스와이(주),상장(cbam),25112,가공형(금속가공),가공,확정,샌드위치패널·데크,False
00206039,경남스틸(주),상장(cbam),24199,가공형,가공,확정,포스코 코일 전·절단 가공,False
00115676,KG스틸(주),상장(cbam),24122,가공형,가공,확정,냉연·아연도·석도 강판. 전기로 언급은 연혁뿐,False
00144252,(주)유니온,상장(cbam),23311,시멘트,시멘트(소성로),확정,백시멘트·알루미나시멘트 (+세라믹),False
00156600,한주라이트메탈(주),상장(cbam),24212,용해형(비철 제련·합금),비철 용해(알루미늄 재생·주조),추정,알루미늄 잉곳을 원재료로 부품 주조,False
00687711,한국철강(주),상장(cbam),24112,용해형(제철·제강·합금철),철강 용해(전기로·합금철),확정,"전기로 제강 주원료 철스크랩 명시, 집약도 0.86",False
00113225,대한제강(주),상장(cbam),24112,용해형(제철·제강·합금철),철강 용해(전기로·합금철),확정,"철스크랩으로 빌릿 제강 + 압연, 집약도 0.69",False
00117629,케이비아이동양철관(주),상장(cbam),2413,가공형,가공,확정,강관 + 합금동(동 빌렛 매입),False
00151298,DSR제강(주),상장(cbam),24123,가공형,가공,확정,와이어로프·강선,False
00220613,넥스틸(주),상장(cbam),2419,가공형,가공,확정,"강관, 원재료 열연코일",False
00177199,디씨엠(주),상장(cbam),2419,가공형,가공,확정,라미네이트 강판,False
00172936,동일산업(주),상장(cbam),24113,용해형(제철·제강·합금철),철강 용해(전기로·합금철),확정,"합금철 + 주강·특수강, 집약도 0.74",False
00124090,(주)한국특강,상장(cbam),24112,용해형(제철·제강·합금철),철강 용해(전기로·합금철),확정,"철스크랩 → 전기로 제강 → 빌렛 → 압연, 집약도 0.79",False
00157636,(주)케이피에프,상장(cbam),25941,가공형(금속가공),가공,확정,"볼트·너트, 단조부품",False
00117300,(주)TCC스틸,상장(cbam),24191,가공형,가공,확정,표면처리강판,False
01319808,한일시멘트(주),상장(cbam),23311,시멘트,시멘트(소성로),확정,"시멘트·레미콘·레미탈, 석회석. 2025-11 한일현대시멘트 흡수합병",False
00428729,(주)대호에이엘,상장(cbam),24222,가공형,가공,추정,알루미늄 판재. 스크랩 활용 연구 언급 → 자체 용해 여부 불명,False
00454937,(주)덕신이피씨,상장(cbam),25112,가공형(금속가공),가공,확정,데크플레이트,False
00111111,(주)대양금속,상장(cbam),24122,가공형,가공,확정,스테인리스 냉연,False
00120872,만호제강(주),상장(cbam),24123,가공형,가공,확정,와이어로프·특수강선,False
00105475,금강철강(주),상장(cbam),2419,가공형,가공,확정,냉연코일 가공,False
01507148,와이케이스틸 주식회사,비상장(배출권),24121,가공형,철강 용해(전기로·합금철),확정,감사보고서에 '철근과 빌렛의 제조' 명시 + 집약도 0.98. 업종코드(열간압연)와 다름 → 수정,True
00950705,대한시멘트 주식회사,비상장(배출권),23311,시멘트,시멘트(분쇄형),추정,시멘트 매출만 확인. 집약도 0.52로 소성로 시멘트(중앙값 2.8)보다 훨씬 낮아 분쇄형 추정,True
00257219,한라시멘트(주),비상장(배출권),23311,시멘트,시멘트(소성로),확정,"시멘트 제조, 광산 개발",False
00138224,쌍용씨앤이주식회사,비상장(배출권),23311,시멘트,시멘트(소성로),확정,"시멘트, 석회석·유연탄",False
00156637,한국씨엔티(주),비상장(배출권),23311,시멘트,시멘트(분쇄형),확정,슬래그시멘트·슬래그미분말 (+방적 부문),True
01007408,한국제강주식회사,비상장(배출권),24112,용해형(제철·제강·합금철),철강 용해(전기로·합금철),확정,"감사보고서에 '철근·BILLET 제조' 명시, 집약도 0.75",False
00935627,홍덕산업(주),비상장(배출권),24123,가공형,가공,확정,비드와이어·스틸코드·경강선,False
00166546,환영철강공업(주),비상장(배출권),24112,용해형(제철·제강·합금철),철강 용해(전기로·합금철),확정,"100톤급 DC전기로 명시, 집약도 0.81",False
00760069,디케이동신주식회사,비상장(배출권),24191,가공형,가공,확정,피복강판·냉간압연,False
00150466,진양특수강(주),비상장(배출권),24121,가공형,가공,추정,특수강 환봉·선재 제조 (가공 방식 불명),False
00146658,일진제강(주),비상장(배출권),24132,가공형,가공,추정,"강관, 보고서에서 사업 문장 추출 안 됨(업종코드·집약도 기준)",False
00441410,(주)세진메탈,비상장(배출권),24212,용해형(비철 제련·합금),비철 용해(알루미늄 재생·주조),확정,알루미늄 합금 제조업 명시,False
00766814,하이호경금속주식회사,비상장(배출권),24212,용해형(비철 제련·합금),비철 용해(알루미늄 재생·주조),불확실,보고서에서 사업 문장 추출 안 됨(업종코드만),False
00163169,한일제관(주),비상장(배출권),25991,가공형(금속가공),가공,확정,공관(캔) 제조,False
01467460,현대아이에프씨 주식회사,비상장(배출권),24112,용해형(제철·제강·합금철),철강 용해(전기로·합금철),추정,'금속 단조제품 제조' 명시. 제강 언급은 없으나 집약도 0.86으로 전기로 제강사 수준,False
